{
	"nodes": [
    {
			"id": "",
			"group": "0",
			"video_id": "",
			"trending_date": "",
			"title": "",
			"channel_title": "YouTube",
			"category_id": "YouTube",
			"publish_time": "",
			"tags": "",
			"views": "",
			"likes": "",
			"dislikes": "",
			"comment_count": "",
			"thumbnail_link": "",
			"comments_disabled": "",
			"ratings_disabled": "",
			"video_error_or_removed": "",
			"description": ""
		},
    {
  		"video_id": "i9h3OYyrX3o",
  		"title": "10 BEST Moments from 2018 Oscars",
  		"channel_title": "Clevver News",
  		"category_id": "Entertainment",
  		"views": "999968",
  		"likes": "6361",
  		"dislikes": "739",
  		"thumbnail_link": "https://i.ytimg.com/vi/i9h3OYyrX3o/default.jpg",
  		"group": "1"
  	},
  	{
  		"video_id": "gw82GrEt370",
  		"title": "DIY STUDY HACKS! How To Be PRODUCTIVE After School + Study Tips to Get BETTER GRADES!",
  		"channel_title": "Natalies Outlet",
  		"category_id": "Entertainment",
  		"views": "999910",
  		"likes": "126366",
  		"dislikes": "1034",
  		"thumbnail_link": "https://i.ytimg.com/vi/gw82GrEt370/default.jpg",
  		"group": "1"
  	},
  	{
  		"video_id": "fE6gy6Ww91w",
  		"title": "Q: WE ARE NOT ALONE.",
  		"channel_title": "SGTreport",
  		"category_id": "News&Politics",
  		"views": "99990",
  		"likes": "7534",
  		"dislikes": "267",
  		"thumbnail_link": "https://i.ytimg.com/vi/fE6gy6Ww91w/default.jpg",
  		"group": "4"
  	},
  	{
  		"video_id": "JLt6sEE8rdQ",
  		"title": "Everything Wrong With The Chronicles Of Narnia: The Lion, The Witch and the Wardrobe",
  		"channel_title": "CinemaSins",
  		"category_id": "Film&Animation",
  		"views": "999895",
  		"likes": "30852",
  		"dislikes": "717",
  		"thumbnail_link": "https://i.ytimg.com/vi/JLt6sEE8rdQ/default.jpg",
  		"group": "6"
  	},
  	{
  		"video_id": "8MPbR6Cbwi4",
  		"title": "Justin Timberlake - Say Something (Official Video) ft. Chris Stapleton",
  		"channel_title": "justintimberlakeVEVO",
  		"category_id": "Music",
  		"views": "9998724",
  		"likes": "209659",
  		"dislikes": "6906",
  		"thumbnail_link": "https://i.ytimg.com/vi/8MPbR6Cbwi4/default.jpg",
  		"group": "3"
  	},
  	{
  		"video_id": "iiOzcMQiDZs",
  		"title": "Valencia vs Barcelona 1-1 - All Goals & Extended Highlights - La Liga 26/11/2017 HD",
  		"channel_title": "GOLAZO TV",
  		"category_id": "Sports",
  		"views": "999860",
  		"likes": "5586",
  		"dislikes": "481",
  		"thumbnail_link": "https://i.ytimg.com/vi/iiOzcMQiDZs/default.jpg",
  		"group": "5"
  	},
  	{
  		"video_id": "vlOT2N3O6ZI",
  		"title": "Kesha - Praying (Grammy 2018 Performance)",
  		"channel_title": "uncommonboy",
  		"category_id": "Video Blogging",
  		"views": "999768",
  		"likes": "21337",
  		"dislikes": "642",
  		"thumbnail_link": "https://i.ytimg.com/vi/vlOT2N3O6ZI/default.jpg",
  		"group": "2"
  	},
  	{
  		"video_id": "AYZZlI_cfVQ",
  		"title": "Teen Nearly Gets Hit by Bus After 'Friend' Shoves Her",
  		"channel_title": "Inside Edition",
  		"category_id": "Video Blogging",
  		"views": "99964",
  		"likes": "1333",
  		"dislikes": "42",
  		"thumbnail_link": "https://i.ytimg.com/vi/AYZZlI_cfVQ/default.jpg",
  		"group": "2"
  	},
  	{
  		"video_id": "d6nFSNcc-bI",
  		"title": "The Barenaked Ladies to reunite for one night",
  		"channel_title": "The National",
  		"category_id": "News&Politics",
  		"views": "9996",
  		"likes": "67",
  		"dislikes": "6",
  		"thumbnail_link": "https://i.ytimg.com/vi/d6nFSNcc-bI/default.jpg",
  		"group": "4"
  	},
  	{
  		"video_id": "qS6LoRYUdhw",
  		"title": "What Is The Most Dangerous Drug In The World? ft. In A Nutshell (Kurzgesagt)",
  		"channel_title": "AsapSCIENCE",
  		"category_id": "Science&Tech.",
  		"views": "999580",
  		"likes": "40746",
  		"dislikes": "613",
  		"thumbnail_link": "https://i.ytimg.com/vi/qS6LoRYUdhw/default.jpg",
  		"group": "9"
  	},
  	{
  		"video_id": "TQ9fk22YIyM",
  		"title": "Khaani - Episode 25 | HAR PAL GEO",
  		"channel_title": "HAR PAL GEO",
  		"category_id": "Entertainment",
  		"views": "999538",
  		"likes": "9921",
  		"dislikes": "807",
  		"thumbnail_link": "https://i.ytimg.com/vi/TQ9fk22YIyM/default.jpg",
  		"group": "1"
  	},
  	{
  		"video_id": "V5cOvyDpWfM",
  		"title": "Fergie Performs The U.S. National Anthem / 2018 NBA All-Star Game",
  		"channel_title": "MLG Highlights",
  		"category_id": "Sports",
  		"views": "9994516",
  		"likes": "16676",
  		"dislikes": "67317",
  		"thumbnail_link": "https://i.ytimg.com/vi/V5cOvyDpWfM/default.jpg",
  		"group": "5"
  	},
  	{
  		"video_id": "5R2ZZ-t8XS0",
  		"title": "Charlotte Flair & Carmella sign contract for their match at Backlash: SmackDown LIVE, April 24, 2018",
  		"channel_title": "WWE",
  		"category_id": "Sports",
  		"views": "999410",
  		"likes": "18274",
  		"dislikes": "604",
  		"thumbnail_link": "https://i.ytimg.com/vi/5R2ZZ-t8XS0/default.jpg",
  		"group": "5"
  	},
  	{
  		"video_id": "q4yySLdDVaQ",
  		"title": "Kanye West Upsets Whitney Houston's Family",
  		"channel_title": "The Wendy Williams Show",
  		"category_id": "Entertainment",
  		"views": "99939",
  		"likes": "1764",
  		"dislikes": "163",
  		"thumbnail_link": "https://i.ytimg.com/vi/q4yySLdDVaQ/default.jpg",
  		"group": "1"
  	},
  	{
  		"video_id": "uYJ7V_WEVp4",
  		"title": "The Cast of 'Ocean's 8' Play How Well Do You Know Your Co-Star",
  		"channel_title": "Marie Claire",
  		"category_id": "Entertainment",
  		"views": "99915",
  		"likes": "1911",
  		"dislikes": "34",
  		"thumbnail_link": "https://i.ytimg.com/vi/uYJ7V_WEVp4/default.jpg",
  		"group": "1"
  	},
  	{
  		"video_id": "yv8-LNajsNQ",
  		"title": "Idubbbz Green Screen - Basic",
  		"channel_title": "iDubbbzTV2",
  		"category_id": "Comedy",
  		"views": "998967 and 995276",
  		"likes": "72801",
  		"dislikes": "1471",
  		"thumbnail_link": "https://i.ytimg.com/vi/yv8-LNajsNQ/default.jpg",
  		"group": "7"
  	},
  	{
  		"video_id": "XhMk0Supuq0",
  		"title": "Something Is Alive On Mars..",
  		"channel_title": "secureteam10",
  		"category_id": "Science&Tech.",
  		"views": "99890",
  		"likes": "8113",
  		"dislikes": "289",
  		"thumbnail_link": "https://i.ytimg.com/vi/XhMk0Supuq0/default.jpg",
  		"group": "9"
  	},
  	{
  		"video_id": "fAIX12F6958",
  		"title": "Bumblebee (2018) - Official Teaser Trailer - Paramount Pictures",
  		"channel_title": "Paramount Pictures",
  		"category_id": "Film&Animation",
  		"views": "9988608 and 9978294",
  		"likes": "151352",
  		"dislikes": "10274",
  		"thumbnail_link": "https://i.ytimg.com/vi/fAIX12F6958/default.jpg",
  		"group": "6"
  	},
  	{
  		"video_id": "tsM_IGkTBZk",
  		"title": "SnowTrax Television 2018 - Episode 8",
  		"channel_title": "SnowTrax Television",
  		"category_id": "Autos&Vehicles",
  		"views": "9988",
  		"likes": "152",
  		"dislikes": "10",
  		"thumbnail_link": "https://i.ytimg.com/vi/tsM_IGkTBZk/default.jpg",
  		"group": "10"
  	},
  	{
  		"video_id": "Av5rI70b0lw",
  		"title": "The secret to getting on trending...",
  		"channel_title": "Sugar Pine 7",
  		"category_id": "Entertainment",
  		"views": "99878",
  		"likes": "8358",
  		"dislikes": "67",
  		"thumbnail_link": "https://i.ytimg.com/vi/Av5rI70b0lw/default.jpg",
  		"group": "1"
  	},
  	{
  		"video_id": "Jts0uiY03iY",
  		"title": "Falcons vs. Seahawks | NFL Week 11 Game Highlights",
  		"channel_title": "NFL",
  		"category_id": "Sports",
  		"views": "998737",
  		"likes": "8633",
  		"dislikes": "440",
  		"thumbnail_link": "https://i.ytimg.com/vi/Jts0uiY03iY/default.jpg",
  		"group": "5"
  	},
  	{
  		"video_id": "-ml3wLj1G50",
  		"title": "Dinesh D'Souza Drops Huge BOMBSHELL On OBAMA and ERIC HOLDER Right After Pardon",
  		"channel_title": "WIKIPOLITICS",
  		"category_id": "News&Politics",
  		"views": "99870",
  		"likes": "3436",
  		"dislikes": "58",
  		"thumbnail_link": "https://i.ytimg.com/vi/-ml3wLj1G50/default.jpg",
  		"group": "4"
  	},
  	{
  		"video_id": "N7HFXgyTya0",
  		"title": "My Dinosaur Is a Service Animal (with Chris Pratt and Bryce Dallas Howard!)",
  		"channel_title": "CollegeHumor",
  		"category_id": "Comedy",
  		"views": "998509",
  		"likes": "55672",
  		"dislikes": "862",
  		"thumbnail_link": "https://i.ytimg.com/vi/N7HFXgyTya0/default.jpg",
  		"group": "7"
  	},
  	{
  		"video_id": "2hvQw_B2PTI",
  		"title": "How a Braid Takes an Ugly Turn \u2013 Part 2",
  		"channel_title": "The Real Daytime",
  		"category_id": "Entertainment",
  		"views": "99848",
  		"likes": "1478",
  		"dislikes": "27",
  		"thumbnail_link": "https://i.ytimg.com/vi/2hvQw_B2PTI/default.jpg",
  		"group": "1"
  	},
  	{
  		"video_id": "j7TvKGcFQL8",
  		"title": "Mini Tank Battle Warfare!!\ud83d\udca5",
  		"channel_title": "Team Edge",
  		"category_id": "Comedy",
  		"views": "998478 and 998374",
  		"likes": "25970",
  		"dislikes": "375",
  		"thumbnail_link": "https://i.ytimg.com/vi/j7TvKGcFQL8/default.jpg",
  		"group": "7"
  	},
  	{
  		"video_id": "xdHmuy1RqCg",
  		"title": "Shower - Cyanide & Happiness Minis",
  		"channel_title": "ExplosmEntertainment",
  		"category_id": "Comedy",
  		"views": "998444 and 995498",
  		"likes": "47800",
  		"dislikes": "1315",
  		"thumbnail_link": "https://i.ytimg.com/vi/xdHmuy1RqCg/default.jpg",
  		"group": "7"
  	},
  	{
  		"video_id": "Rz2ZpjyhXL0",
  		"title": "Kucherov, Point propel Bolts to a 3-2 shootout win",
  		"channel_title": "NHL",
  		"category_id": "Sports",
  		"views": "9984",
  		"likes": "85",
  		"dislikes": "8",
  		"thumbnail_link": "https://i.ytimg.com/vi/Rz2ZpjyhXL0/default.jpg",
  		"group": "5"
  	},
  	{
  		"video_id": "H4BmrayJZWk",
  		"title": "BEST OF SIDEMEN SUNDAYS",
  		"channel_title": "Sidemen",
  		"category_id": "Entertainment",
  		"views": "998303",
  		"likes": "41775",
  		"dislikes": "616",
  		"thumbnail_link": "https://i.ytimg.com/vi/H4BmrayJZWk/default.jpg",
  		"group": "1"
  	},
  	{
  		"video_id": "16mP3XymgDo",
  		"title": "Crime Patrol Satark - Ep 910 - Full Episode - 14th April, 2018",
  		"channel_title": "SET India",
  		"category_id": "Entertainment",
  		"views": "99826",
  		"likes": "620",
  		"dislikes": "83",
  		"thumbnail_link": "https://i.ytimg.com/vi/16mP3XymgDo/default.jpg",
  		"group": "1"
  	},
  	{
  		"video_id": "1XKSo2mFC6c",
  		"title": "Kid Yodeler Mason Ramsey Performs",
  		"channel_title": "TheEllenShow",
  		"category_id": "Entertainment",
  		"views": "9982401",
  		"likes": "416481",
  		"dislikes": "22435",
  		"thumbnail_link": "https://i.ytimg.com/vi/1XKSo2mFC6c/default.jpg",
  		"group": "1"
  	},
  	{
  		"video_id": "nCPIKP_84qs",
  		"title": "Skipping in High School",
  		"channel_title": "sWooZie",
  		"category_id": "Film&Animation",
  		"views": "998131",
  		"likes": "78908",
  		"dislikes": "364",
  		"thumbnail_link": "https://i.ytimg.com/vi/nCPIKP_84qs/default.jpg",
  		"group": "6"
  	},
  	{
  		"video_id": "kOsl3cmK3zg",
  		"title": "Google Search Team Answers the Web's Most Searched Questions | WIRED",
  		"channel_title": "WIRED",
  		"category_id": "Entertainment",
  		"views": "99796",
  		"likes": "4727",
  		"dislikes": "152",
  		"thumbnail_link": "https://i.ytimg.com/vi/kOsl3cmK3zg/default.jpg",
  		"group": "1"
  	},
  	{
  		"video_id": "hoD8kzdMUY8",
  		"title": "John Oliver - Putin's Reelection",
  		"channel_title": "consumer",
  		"category_id": "Comedy",
  		"views": "997952",
  		"likes": "9581",
  		"dislikes": "1298",
  		"thumbnail_link": "https://i.ytimg.com/vi/hoD8kzdMUY8/default.jpg",
  		"group": "7"
  	},
  	{
  		"video_id": "d67Z5cMAXOs",
  		"title": "A Boogie Wit Da Hoodie - Beast Mode feat. PnB Rock & Youngboy Never Broke Again [Music Video]",
  		"channel_title": "A-Boogie Wit Da Hoodie",
  		"category_id": "Film&Animation",
  		"views": "997758",
  		"likes": "43375",
  		"dislikes": "788",
  		"thumbnail_link": "https://i.ytimg.com/vi/d67Z5cMAXOs/default.jpg",
  		"group": "6"
  	},
  	{
  		"video_id": "XGf_ZshHAqA",
  		"title": "High Alert: Hawaii\u2019s Kilauea Volcano Is Now Spewing Large 'Ballistic' Rocks",
  		"channel_title": "Military Update",
  		"category_id": "Gaming",
  		"views": "99766",
  		"likes": "777",
  		"dislikes": "191",
  		"thumbnail_link": "https://i.ytimg.com/vi/XGf_ZshHAqA/default.jpg",
  		"group": "8"
  	},
  	{
  		"video_id": "2N8JUjp9wis",
  		"title": "Jurgen Klopp talks Loris Karius' mistakes & Mo Salah's World Cup hopes after UCL final defeat",
  		"channel_title": "BT Sport",
  		"category_id": "Sports",
  		"views": "997654",
  		"likes": "12744",
  		"dislikes": "283",
  		"thumbnail_link": "https://i.ytimg.com/vi/2N8JUjp9wis/default.jpg",
  		"group": "5"
  	},
  	{
  		"video_id": "W_O0sn-ockI",
  		"title": "DDG Givenchy (Prod. by TreOnTheBeat) (WSHH Exclusive - Official Music Video)",
  		"channel_title": "WORLDSTARHIPHOP",
  		"category_id": "Music",
  		"views": "997598",
  		"likes": "87961",
  		"dislikes": "2591",
  		"thumbnail_link": "https://i.ytimg.com/vi/W_O0sn-ockI/default.jpg",
  		"group": "3"
  	},
  	{
  		"video_id": "Mgfe5tIwOj0",
  		"title": "Dua Lipa - IDGAF (Official Music Video)",
  		"channel_title": "Dua Lipa",
  		"category_id": "Music",
  		"views": "9974517",
  		"likes": "747603",
  		"dislikes": "16717",
  		"thumbnail_link": "https://i.ytimg.com/vi/Mgfe5tIwOj0/default.jpg",
  		"group": "3"
  	},
  	{
  		"video_id": "YW4GutWsDpg",
  		"title": "I Hate Goodbyes | Anwar Jibawi",
  		"channel_title": "Anwar Jibawi",
  		"category_id": "Comedy",
  		"views": "997416",
  		"likes": "53972",
  		"dislikes": "770",
  		"thumbnail_link": "https://i.ytimg.com/vi/YW4GutWsDpg/default.jpg",
  		"group": "7"
  	},
  	{
  		"video_id": "ItL6vcUrpUs",
  		"title": "MACKLEMORE FEAT DAVE B & TRAVIS THOMPSON - CORNER STORE (Official Music Video)",
  		"channel_title": "Macklemore LLC",
  		"category_id": "Music",
  		"views": "997389",
  		"likes": "58770",
  		"dislikes": "1427",
  		"thumbnail_link": "https://i.ytimg.com/vi/ItL6vcUrpUs/default.jpg",
  		"group": "3"
  	},
  	{
  		"video_id": "hRKOT4tZR7E",
  		"title": "10 Incredible Christmas Miracles That Changed Lives Forever!",
  		"channel_title": "MatthewSantoro",
  		"category_id": "Education",
  		"views": "99735",
  		"likes": "5788",
  		"dislikes": "103",
  		"thumbnail_link": "https://i.ytimg.com/vi/hRKOT4tZR7E/default.jpg",
  		"group": "11"
  	},
  	{
  		"video_id": "AWU3_jyEStk",
  		"title": "Childish Gambino - This Is America (Official Video)- REACTION",
  		"channel_title": "ZIAS!",
  		"category_id": "Entertainment",
  		"views": "997347",
  		"likes": "74582",
  		"dislikes": "1811",
  		"thumbnail_link": "https://i.ytimg.com/vi/AWU3_jyEStk/default.jpg",
  		"group": "1"
  	},
  	{
  		"video_id": "7TzQQ3dgNjI",
  		"title": "HOT SAUCE ORIGINAL \u2022 Behind The Cow Chop",
  		"channel_title": "Cow Chop",
  		"category_id": "Gaming",
  		"views": "99732",
  		"likes": "5452",
  		"dislikes": "41",
  		"thumbnail_link": "https://i.ytimg.com/vi/7TzQQ3dgNjI/default.jpg",
  		"group": "8"
  	},
  	{
  		"video_id": "lSdku9gGJ_o",
  		"title": "Arrow 6x07 Promo Thanksgiving (HD) Season 6 Episode 7 Promo",
  		"channel_title": "TV Promos",
  		"category_id": "Entertainment",
  		"views": "99726",
  		"likes": "735",
  		"dislikes": "22",
  		"thumbnail_link": "https://i.ytimg.com/vi/lSdku9gGJ_o/default.jpg",
  		"group": "1"
  	},
  	{
  		"video_id": "B-CDErvATh0",
  		"title": "Rick's Rant - Jason Kenney",
  		"channel_title": "MercerReport",
  		"category_id": "Comedy",
  		"views": "99723",
  		"likes": "1664",
  		"dislikes": "205",
  		"thumbnail_link": "https://i.ytimg.com/vi/B-CDErvATh0/default.jpg",
  		"group": "7"
  	},
  	{
  		"video_id": "nkWn5vKCZj4",
  		"title": "Joe Rogan Shuts Down Steven Tyler's Conspiracy Theories",
  		"channel_title": "Joe Rogan Fan Page",
  		"category_id": "Video Blogging",
  		"views": "997228",
  		"likes": "8100",
  		"dislikes": "1923",
  		"thumbnail_link": "https://i.ytimg.com/vi/nkWn5vKCZj4/default.jpg",
  		"group": "2"
  	},
  	{
  		"video_id": "lVlMZmwjMTA",
  		"title": "The Queen & Kate arrive at Windsor to help Harry & Meghan with their final wedding preparations",
  		"channel_title": "Royal Insider",
  		"category_id": "News&Politics",
  		"views": "99715",
  		"likes": "671",
  		"dislikes": "85",
  		"thumbnail_link": "https://i.ytimg.com/vi/lVlMZmwjMTA/default.jpg",
  		"group": "4"
  	},
  	{
  		"video_id": "khPLWaBioOs",
  		"title": "Logan Paul - SANTA DISS TRACK (Official Music Video)",
  		"channel_title": "Logan Paul Vlogs",
  		"category_id": "Entertainment",
  		"views": "9971154",
  		"likes": "836364",
  		"dislikes": "108582",
  		"thumbnail_link": "https://i.ytimg.com/vi/khPLWaBioOs/default.jpg",
  		"group": "1"
  	},
  	{
  		"video_id": "svuLVNad0BA",
  		"title": "Haseena Parkar Full Movie HD 1080p | Shraddha Kapoor, Siddhanth Kapoor, Apoorva | Bollywood Movie",
  		"channel_title": "Pen Movies",
  		"category_id": "Film&Animation",
  		"views": "996787",
  		"likes": "8858",
  		"dislikes": "804",
  		"thumbnail_link": "https://i.ytimg.com/vi/svuLVNad0BA/default.jpg",
  		"group": "6"
  	},
  	{
  		"video_id": "X-QSZhh_YWg",
  		"title": "Why We May Not Be Able to Visit Space in the Future",
  		"channel_title": "RealLifeLore",
  		"category_id": "Education",
  		"views": "996729",
  		"likes": "30568",
  		"dislikes": "1780",
  		"thumbnail_link": "https://i.ytimg.com/vi/X-QSZhh_YWg/default.jpg",
  		"group": "11"
  	},
  	{
  		"video_id": "JRcUCNExJws",
  		"title": "URANIUM ONE INDICTMENT UNSEALED, HAWAII FALSE FLAGS AND A CHESS GAME",
  		"channel_title": "April LaJune",
  		"category_id": "News&Politics",
  		"views": "99668",
  		"likes": "4364",
  		"dislikes": "95",
  		"thumbnail_link": "https://i.ytimg.com/vi/JRcUCNExJws/default.jpg",
  		"group": "4"
  	},
  	{
  		"video_id": "rzwYrLX7ask",
  		"title": "DES CRISTAUX EN OR ?",
  		"channel_title": "Dr Nozman",
  		"category_id": "Science&Tech.",
  		"views": "996641 and 996192",
  		"likes": "77997",
  		"dislikes": "1232",
  		"thumbnail_link": "https://i.ytimg.com/vi/rzwYrLX7ask/default.jpg",
  		"group": "9"
  	},
  	{
  		"video_id": "AVgVJP_dTFg",
  		"title": "Les Marseillais Australia - Episode 16",
  		"channel_title": "PBrosnan007",
  		"category_id": "Video Blogging",
  		"views": "99662",
  		"likes": "1611",
  		"dislikes": "115",
  		"thumbnail_link": "https://i.ytimg.com/vi/AVgVJP_dTFg/default.jpg",
  		"group": "2"
  	},
  	{
  		"video_id": "fRj34o4hN4I",
  		"title": "What's new, Atlas?",
  		"channel_title": "BostonDynamics",
  		"category_id": "Science&Tech.",
  		"views": "9964832",
  		"likes": "196513",
  		"dislikes": "4589",
  		"thumbnail_link": "https://i.ytimg.com/vi/fRj34o4hN4I/default.jpg",
  		"group": "9"
  	},
  	{
  		"video_id": "Mf4wwXM2o_M",
  		"title": "Binging with Babish 2 Million Subscriber Special: The Every-Meat Burrito from Regular Show",
  		"channel_title": "Binging with Babish",
  		"category_id": "Entertainment",
  		"views": "996294",
  		"likes": "70117",
  		"dislikes": "555",
  		"thumbnail_link": "https://i.ytimg.com/vi/Mf4wwXM2o_M/default.jpg",
  		"group": "1"
  	},
  	{
  		"video_id": "gxGox0Ppc_E",
  		"title": "Taarak Mehta Ka Ooltah Chashmah - \u0924\u093e\u0930\u0915 \u092e\u0947\u0939\u0924\u093e - Ep 2345 - Full Episode - 24th November, 2017",
  		"channel_title": "SAB TV",
  		"category_id": "Entertainment",
  		"views": "99627",
  		"likes": "595",
  		"dislikes": "98",
  		"thumbnail_link": "https://i.ytimg.com/vi/gxGox0Ppc_E/default.jpg",
  		"group": "1"
  	},
  	{
  		"video_id": "aubTgsFC4Fo",
  		"title": "The Wireless Mouse That NEVER Needs To Be Charged!!",
  		"channel_title": "Unbox Therapy",
  		"category_id": "Film&Animation",
  		"views": "996261",
  		"likes": "26687",
  		"dislikes": "819",
  		"thumbnail_link": "https://i.ytimg.com/vi/aubTgsFC4Fo/default.jpg",
  		"group": "6"
  	},
  	{
  		"video_id": "dmY9PY_IoYY",
  		"title": "New Punjabi Movies 2017 -Sardar Mohammad (Full Movie) Tarsem Jassar -Punjabi Movie 2017",
  		"channel_title": "White Hill Music",
  		"category_id": "Music",
  		"views": "996252",
  		"likes": "14936",
  		"dislikes": "521",
  		"thumbnail_link": "https://i.ytimg.com/vi/dmY9PY_IoYY/default.jpg",
  		"group": "3"
  	},
  	{
  		"video_id": "eLt8zP6S9bw",
  		"title": "CNN Panel LASHES OUT On Trump After His INSANE Lies Post Election",
  		"channel_title": "Jon Snow - The Viral Network",
  		"category_id": "Video Blogging",
  		"views": "99603",
  		"likes": "625",
  		"dislikes": "75",
  		"thumbnail_link": "https://i.ytimg.com/vi/eLt8zP6S9bw/default.jpg",
  		"group": "2"
  	},
  	{
  		"video_id": "lLK9BBXCAEw",
  		"title": "Kevin Durant Talking Shit To Russell Westbrook,KD Called Russ A Pussy \uff01",
  		"channel_title": "DunkFest",
  		"category_id": "Sports",
  		"views": "995983",
  		"likes": "4455",
  		"dislikes": "195",
  		"thumbnail_link": "https://i.ytimg.com/vi/lLK9BBXCAEw/default.jpg",
  		"group": "5"
  	},
  	{
  		"video_id": "BrqFTswejpU",
  		"title": "When You Throw This Ball.. IT MAKES ICE CREAM ~ v2",
  		"channel_title": "Guava Juice",
  		"category_id": "Entertainment",
  		"views": "995950",
  		"likes": "34321",
  		"dislikes": "3398",
  		"thumbnail_link": "https://i.ytimg.com/vi/BrqFTswejpU/default.jpg",
  		"group": "1"
  	},
  	{
  		"video_id": "oMOljrWUUXc",
  		"title": "Official Jeep Super Bowl Commercial | Jeep Jurassic",
  		"channel_title": "Jeep",
  		"category_id": "Autos&Vehicles",
  		"views": "9957989",
  		"likes": "12125",
  		"dislikes": "492",
  		"thumbnail_link": "https://i.ytimg.com/vi/oMOljrWUUXc/default.jpg",
  		"group": "10"
  	},
  	{
  		"video_id": "1XY8dPnIORc",
  		"title": "Honest Trailers - Honest Trailers (Written by a Robot)",
  		"channel_title": "Screen Junkies",
  		"category_id": "Film&Animation",
  		"views": "995733",
  		"likes": "31362",
  		"dislikes": "4297",
  		"thumbnail_link": "https://i.ytimg.com/vi/1XY8dPnIORc/default.jpg",
  		"group": "6"
  	},
  	{
  		"video_id": "-JYZrOyPMjQ",
  		"title": "Golden State Warriors vs Toronto Raptors: January 13, 2018",
  		"channel_title": "Motion Station",
  		"category_id": "Sports",
  		"views": "99560",
  		"likes": "311",
  		"dislikes": "45",
  		"thumbnail_link": "https://i.ytimg.com/vi/-JYZrOyPMjQ/default.jpg",
  		"group": "5"
  	},
  	{
  		"video_id": "K8OWx7q9Yzw",
  		"title": "Les beaux Malaises  Sp\u00e9cial les 2 \u00e9pisodes final",
  		"channel_title": "Jonny Qu\u00e9bec",
  		"category_id": "Entertainment",
  		"views": "9955",
  		"likes": "128",
  		"dislikes": "9",
  		"thumbnail_link": "https://i.ytimg.com/vi/K8OWx7q9Yzw/default.jpg",
  		"group": "1"
  	},
  	{
  		"video_id": "gGnBX6e3RJc",
  		"title": "She Had No Idea Why The Crew Was Staring Until It Was Too Late",
  		"channel_title": "nollygrio",
  		"category_id": "Entertainment",
  		"views": "995464",
  		"likes": "0",
  		"dislikes": "0",
  		"thumbnail_link": "https://i.ytimg.com/vi/gGnBX6e3RJc/default.jpg",
  		"group": "1"
  	},
  	{
  		"video_id": "jKiPQOuDzfo",
  		"title": "Washington Wizards vs Toronto Raptors - Full Game Highlights | Game 2 | April 17, 2018 | NBAPlayoffs",
  		"channel_title": "Rapid Highlights",
  		"category_id": "Sports",
  		"views": "99538",
  		"likes": "605",
  		"dislikes": "28",
  		"thumbnail_link": "https://i.ytimg.com/vi/jKiPQOuDzfo/default.jpg",
  		"group": "5"
  	},
  	{
  		"video_id": "OBM5De3GSks",
  		"title": "Kygo & Miguel - Remind Me To Forget [Ultra Music]",
  		"channel_title": "Ultra Music",
  		"category_id": "Music",
  		"views": "995376",
  		"likes": "10573",
  		"dislikes": "426",
  		"thumbnail_link": "https://i.ytimg.com/vi/OBM5De3GSks/default.jpg",
  		"group": "3"
  	},
  	{
  		"video_id": "fzu-JzApLc8",
  		"title": "Katie Hopkins: What South African land expropriation is REALLY about",
  		"channel_title": "Rebel Media",
  		"category_id": "News&Politics",
  		"views": "9953",
  		"likes": "1115",
  		"dislikes": "16",
  		"thumbnail_link": "https://i.ytimg.com/vi/fzu-JzApLc8/default.jpg",
  		"group": "4"
  	},
  	{
  		"video_id": "aBkHb8e3UAk",
  		"title": "I FLEW THE FIRST FLYING CAR!!!!",
  		"channel_title": "CaseyNeistat",
  		"category_id": "Video Blogging",
  		"views": "995276",
  		"likes": "57139",
  		"dislikes": "1220",
  		"thumbnail_link": "https://i.ytimg.com/vi/aBkHb8e3UAk/default.jpg",
  		"group": "2"
  	},
  	{
  		"video_id": "4mZjc6fSeU8",
  		"title": "BAAGHI - Episode 24 | Ep 24 | Urdu1 \u1d34\u1d30 Drama | Saba Qamar, Osman Khalid, Khalid Malik, Ali Kazmi",
  		"channel_title": "Best Pakistani Dramas",
  		"category_id": "Entertainment",
  		"views": "995264",
  		"likes": "6366",
  		"dislikes": "700",
  		"thumbnail_link": "https://i.ytimg.com/vi/4mZjc6fSeU8/default.jpg",
  		"group": "1"
  	},
  	{
  		"video_id": "qmBzraEg0hg",
  		"title": "Season 4 Bloopers Part 2   - The Office US",
  		"channel_title": "The Office US",
  		"category_id": "Entertainment",
  		"views": "99526",
  		"likes": "2419",
  		"dislikes": "28",
  		"thumbnail_link": "https://i.ytimg.com/vi/qmBzraEg0hg/default.jpg",
  		"group": "1"
  	},
  	{
  		"video_id": "rwFfo61fVSY",
  		"title": "Pouring water down a 50 meter well.",
  		"channel_title": "Unecht Erfunden",
  		"category_id": "Video Blogging",
  		"views": "99525",
  		"likes": "380",
  		"dislikes": "9",
  		"thumbnail_link": "https://i.ytimg.com/vi/rwFfo61fVSY/default.jpg",
  		"group": "2"
  	},
  	{
  		"video_id": "9yDNAc8YS9c",
  		"title": "Stephen Fry Announcement",
  		"channel_title": "samfryltd",
  		"category_id": "Entertainment",
  		"views": "995183",
  		"likes": "26381",
  		"dislikes": "843",
  		"thumbnail_link": "https://i.ytimg.com/vi/9yDNAc8YS9c/default.jpg",
  		"group": "1"
  	},
  	{
  		"video_id": "pKFd5rAUM2s",
  		"title": "BLANK CANVAS... 2017 YEAR IN REVIEW",
  		"channel_title": "James Charles",
  		"category_id": "Entertainment",
  		"views": "995153",
  		"likes": "126283",
  		"dislikes": "1308",
  		"thumbnail_link": "https://i.ytimg.com/vi/pKFd5rAUM2s/default.jpg",
  		"group": "1"
  	},
  	{
  		"video_id": "upIaeqJEA2I",
  		"title": "Monster Super Bowl Commercial 2018 With Ricegum & Iggy Azalea",
  		"channel_title": "SB-LII Commercials",
  		"category_id": "Music",
  		"views": "995148",
  		"likes": "23127",
  		"dislikes": "5771",
  		"thumbnail_link": "https://i.ytimg.com/vi/upIaeqJEA2I/default.jpg",
  		"group": "3"
  	},
  	{
  		"video_id": "GvJtieRgDy0",
  		"title": "If Photographers Were Honest",
  		"channel_title": "IISuperwomanII",
  		"category_id": "Comedy",
  		"views": "995143",
  		"likes": "75413",
  		"dislikes": "956",
  		"thumbnail_link": "https://i.ytimg.com/vi/GvJtieRgDy0/default.jpg",
  		"group": "7"
  	},
  	{
  		"video_id": "DkeiKbqa02g",
  		"title": "Calvin Harris, Dua Lipa - One Kiss (Official Video)",
  		"channel_title": "CalvinHarrisVEVO",
  		"category_id": "Music",
  		"views": "9947934",
  		"likes": "370275",
  		"dislikes": "12801",
  		"thumbnail_link": "https://i.ytimg.com/vi/DkeiKbqa02g/default.jpg",
  		"group": "3"
  	},
  	{
  		"video_id": "i7FgneNlM14",
  		"title": "WEEI: Alex Reimer calls Tom Brady\u2019s daughter an \u201cAnnoying Little Pissant\u201d 1/25/18",
  		"channel_title": "Nick Ramos",
  		"category_id": "Sports",
  		"views": "994747",
  		"likes": "258",
  		"dislikes": "398",
  		"thumbnail_link": "https://i.ytimg.com/vi/i7FgneNlM14/default.jpg",
  		"group": "5"
  	},
  	{
  		"video_id": "D-IkMEDaNQY",
  		"title": "Cardi B Has Butterflies in Her Stomach & Where?! | E! Live from the Red Carpet",
  		"channel_title": "E! Live from the Red Carpet",
  		"category_id": "Entertainment",
  		"views": "994725",
  		"likes": "19895",
  		"dislikes": "1101",
  		"thumbnail_link": "https://i.ytimg.com/vi/D-IkMEDaNQY/default.jpg",
  		"group": "1"
  	},
  	{
  		"video_id": "l3vbvF8bQfI",
  		"title": "Fall Out Boy - Church",
  		"channel_title": "FallOutBoyVEVO",
  		"category_id": "Music",
  		"views": "994706",
  		"likes": "79996",
  		"dislikes": "1512",
  		"thumbnail_link": "https://i.ytimg.com/vi/l3vbvF8bQfI/default.jpg",
  		"group": "3"
  	},
  	{
  		"video_id": "_Au7BVmCc8c",
  		"title": "Legendary Bollywood actor Sridevi passes away in Dubai after cardiac arrest",
  		"channel_title": "N7News",
  		"category_id": "Entertainment",
  		"views": "994697",
  		"likes": "3629",
  		"dislikes": "1332",
  		"thumbnail_link": "https://i.ytimg.com/vi/_Au7BVmCc8c/default.jpg",
  		"group": "1"
  	},
  	{
  		"video_id": "r0_Te6k3VRQ",
  		"title": "Craziest reactions on Cristiano Ronaldo Goal vs Juventus |HD",
  		"channel_title": "Wrsh98",
  		"category_id": "Sports",
  		"views": "994644",
  		"likes": "10304",
  		"dislikes": "486",
  		"thumbnail_link": "https://i.ytimg.com/vi/r0_Te6k3VRQ/default.jpg",
  		"group": "5"
  	},
  	{
  		"video_id": "7MSV9wL9Gqs",
  		"title": "LaMelo Ball Gets JELLY & LiAngelo DUNKING In FIRST PRO GAME IN LITHUANIA!! Full Highlights",
  		"channel_title": "Ballislife",
  		"category_id": "Sports",
  		"views": "994633",
  		"likes": "17514",
  		"dislikes": "300",
  		"thumbnail_link": "https://i.ytimg.com/vi/7MSV9wL9Gqs/default.jpg",
  		"group": "5"
  	}
  ],
  "links": [
    {"source": "YouTube", "target": "Clevver News", "value": 1},
    {"source": "YouTube", "target": "uncommonboy", "value": 2},
    {"source": "YouTube", "target": "justintimberlakeVEVO", "value": 3},
    {"source": "YouTube", "target": "SGTreport", "value": 4},
    {"source": "YouTube", "target": "MLG Highlights", "value": 5},
    {"source": "YouTube", "target": "Paramount Pictures", "value": 6},
    {"source": "YouTube", "target": "iDubbbzTV2", "value": 7},
    {"source": "YouTube", "target": "Military Update", "value": 8},
    {"source": "YouTube", "target": "BostonDynamics", "value": 9},
    {"source": "YouTube", "target": "Jeep", "value": 10},
    {"source": "YouTube", "target": "RealLifeLore", "value": 11},
    {"source": "Clevver News", "target": "Natalies Outlet", "value": 1},
    {"source": "Clevver News", "target": "HAR PAL GEO", "value": 1},
    {"source": "Clevver News", "target": "The Wendy Williams Show", "value": 1},
    {"source": "Clevver News", "target": "Marie Claire", "value": 1},
    {"source": "Clevver News", "target": "Sugar Pine 7", "value": 1},
    {"source": "Clevver News", "target": "The Real Daytime", "value": 1},
    {"source": "Clevver News", "target": "Sidemen", "value": 1},
    {"source": "Clevver News", "target": "SET India", "value": 1},
    {"source": "Clevver News", "target": "TheEllenShow", "value": 1},
    {"source": "Clevver News", "target": "WIRED", "value": 1},
    {"source": "Clevver News", "target": "ZIAS!", "value": 1},
    {"source": "Clevver News", "target": "TV Promos", "value": 1},
    {"source": "Clevver News", "target": "Logan Paul Vlogs", "value": 1},
    {"source": "Clevver News", "target": "Binging with Babish", "value": 1},
    {"source": "Clevver News", "target": "SAB TV", "value": 1},
    {"source": "Clevver News", "target": "Guava Juice", "value": 1},
    {"source": "Clevver News", "target": "Jonny Qu\u00e9bec", "value": 1},
    {"source": "Clevver News", "target": "nollygrio", "value": 1},
    {"source": "Clevver News", "target": "Best Pakistani Dramas", "value": 1},
    {"source": "Clevver News", "target": "The Office US", "value": 1},
    {"source": "Clevver News", "target": "samfryltd", "value": 1},
    {"source": "Clevver News", "target": "James Charles", "value": 1},
    {"source": "Clevver News", "target": "E! Live from the Red Carpet", "value": 1},
    {"source": "Clevver News", "target": "N7News", "value": 1},
    {"source": "Natalies Outlet", "target": "HAR PAL GEO", "value": 1},
    {"source": "Natalies Outlet", "target": "The Wendy Williams Show", "value": 1},
    {"source": "Natalies Outlet", "target": "Marie Claire", "value": 1},
    {"source": "Natalies Outlet", "target": "Sugar Pine 7", "value": 1},
    {"source": "Natalies Outlet", "target": "The Real Daytime", "value": 1},
    {"source": "Natalies Outlet", "target": "Sidemen", "value": 1},
    {"source": "Natalies Outlet", "target": "SET India", "value": 1},
    {"source": "Natalies Outlet", "target": "TheEllenShow", "value": 1},
    {"source": "Natalies Outlet", "target": "WIRED", "value": 1},
    {"source": "Natalies Outlet", "target": "ZIAS!", "value": 1},
    {"source": "Natalies Outlet", "target": "TV Promos", "value": 1},
    {"source": "Natalies Outlet", "target": "Logan Paul Vlogs", "value": 1},
    {"source": "Natalies Outlet", "target": "Binging with Babish", "value": 1},
    {"source": "Natalies Outlet", "target": "SAB TV", "value": 1},
    {"source": "Natalies Outlet", "target": "Guava Juice", "value": 1},
    {"source": "Natalies Outlet", "target": "Jonny Qu\u00e9bec", "value": 1},
    {"source": "Natalies Outlet", "target": "nollygrio", "value": 1},
    {"source": "Natalies Outlet", "target": "Best Pakistani Dramas", "value": 1},
    {"source": "Natalies Outlet", "target": "The Office US", "value": 1},
    {"source": "Natalies Outlet", "target": "samfryltd", "value": 1},
    {"source": "Natalies Outlet", "target": "James Charles", "value": 1},
    {"source": "Natalies Outlet", "target": "E! Live from the Red Carpet", "value": 1},
    {"source": "Natalies Outlet", "target": "N7News", "value": 1},
    {"source": "HAR PAL GEO", "target": "The Wendy Williams Show", "value": 1},
    {"source": "HAR PAL GEO", "target": "Marie Claire", "value": 1},
    {"source": "HAR PAL GEO", "target": "Sugar Pine 7", "value": 1},
    {"source": "HAR PAL GEO", "target": "The Real Daytime", "value": 1},
    {"source": "HAR PAL GEO", "target": "Sidemen", "value": 1},
    {"source": "HAR PAL GEO", "target": "SET India", "value": 1},
    {"source": "HAR PAL GEO", "target": "TheEllenShow", "value": 1},
    {"source": "HAR PAL GEO", "target": "WIRED", "value": 1},
    {"source": "HAR PAL GEO", "target": "ZIAS!", "value": 1},
    {"source": "HAR PAL GEO", "target": "TV Promos", "value": 1},
    {"source": "HAR PAL GEO", "target": "Logan Paul Vlogs", "value": 1},
    {"source": "HAR PAL GEO", "target": "Binging with Babish", "value": 1},
    {"source": "HAR PAL GEO", "target": "SAB TV", "value": 1},
    {"source": "HAR PAL GEO", "target": "Guava Juice", "value": 1},
    {"source": "HAR PAL GEO", "target": "Jonny Qu\u00e9bec", "value": 1},
    {"source": "HAR PAL GEO", "target": "nollygrio", "value": 1},
    {"source": "HAR PAL GEO", "target": "Best Pakistani Dramas", "value": 1},
    {"source": "HAR PAL GEO", "target": "The Office US", "value": 1},
    {"source": "HAR PAL GEO", "target": "samfryltd", "value": 1},
    {"source": "HAR PAL GEO", "target": "James Charles", "value": 1},
    {"source": "HAR PAL GEO", "target": "E! Live from the Red Carpet", "value": 1},
    {"source": "HAR PAL GEO", "target": "N7News", "value": 1},
    {"source": "The Wendy Williams Show", "target": "Marie Claire", "value": 1},
    {"source": "The Wendy Williams Show", "target": "Sugar Pine 7", "value": 1},
    {"source": "The Wendy Williams Show", "target": "The Real Daytime", "value": 1},
    {"source": "The Wendy Williams Show", "target": "Sidemen", "value": 1},
    {"source": "The Wendy Williams Show", "target": "SET India", "value": 1},
    {"source": "The Wendy Williams Show", "target": "TheEllenShow", "value": 1},
    {"source": "The Wendy Williams Show", "target": "WIRED", "value": 1},
    {"source": "The Wendy Williams Show", "target": "ZIAS!", "value": 1},
    {"source": "The Wendy Williams Show", "target": "TV Promos", "value": 1},
    {"source": "The Wendy Williams Show", "target": "Logan Paul Vlogs", "value": 1},
    {"source": "The Wendy Williams Show", "target": "Binging with Babish", "value": 1},
    {"source": "The Wendy Williams Show", "target": "SAB TV", "value": 1},
    {"source": "The Wendy Williams Show", "target": "Guava Juice", "value": 1},
    {"source": "The Wendy Williams Show", "target": "Jonny Qu\u00e9bec", "value": 1},
    {"source": "The Wendy Williams Show", "target": "nollygrio", "value": 1},
    {"source": "The Wendy Williams Show", "target": "Best Pakistani Dramas", "value": 1},
    {"source": "The Wendy Williams Show", "target": "The Office US", "value": 1},
    {"source": "The Wendy Williams Show", "target": "samfryltd", "value": 1},
    {"source": "The Wendy Williams Show", "target": "James Charles", "value": 1},
    {"source": "The Wendy Williams Show", "target": "E! Live from the Red Carpet", "value": 1},
    {"source": "The Wendy Williams Show", "target": "N7News", "value": 1},
    {"source": "Marie Claire", "target": "Sugar Pine 7", "value": 1},
    {"source": "Marie Claire", "target": "The Real Daytime", "value": 1},
    {"source": "Marie Claire", "target": "Sidemen", "value": 1},
    {"source": "Marie Claire", "target": "SET India", "value": 1},
    {"source": "Marie Claire", "target": "TheEllenShow", "value": 1},
    {"source": "Marie Claire", "target": "WIRED", "value": 1},
    {"source": "Marie Claire", "target": "ZIAS!", "value": 1},
    {"source": "Marie Claire", "target": "TV Promos", "value": 1},
    {"source": "Marie Claire", "target": "Logan Paul Vlogs", "value": 1},
    {"source": "Marie Claire", "target": "Binging with Babish", "value": 1},
    {"source": "Marie Claire", "target": "SAB TV", "value": 1},
    {"source": "Marie Claire", "target": "Guava Juice", "value": 1},
    {"source": "Marie Claire", "target": "Jonny Qu\u00e9bec", "value": 1},
    {"source": "Marie Claire", "target": "nollygrio", "value": 1},
    {"source": "Marie Claire", "target": "Best Pakistani Dramas", "value": 1},
    {"source": "Marie Claire", "target": "The Office US", "value": 1},
    {"source": "Marie Claire", "target": "samfryltd", "value": 1},
    {"source": "Marie Claire", "target": "James Charles", "value": 1},
    {"source": "Marie Claire", "target": "E! Live from the Red Carpet", "value": 1},
    {"source": "Marie Claire", "target": "N7News", "value": 1},
    {"source": "Sugar Pine 7", "target": "The Real Daytime", "value": 1},
    {"source": "Sugar Pine 7", "target": "Sidemen", "value": 1},
    {"source": "Sugar Pine 7", "target": "SET India", "value": 1},
    {"source": "Sugar Pine 7", "target": "TheEllenShow", "value": 1},
    {"source": "Sugar Pine 7", "target": "WIRED", "value": 1},
    {"source": "Sugar Pine 7", "target": "ZIAS!", "value": 1},
    {"source": "Sugar Pine 7", "target": "TV Promos", "value": 1},
    {"source": "Sugar Pine 7", "target": "Logan Paul Vlogs", "value": 1},
    {"source": "Sugar Pine 7", "target": "Binging with Babish", "value": 1},
    {"source": "Sugar Pine 7", "target": "SAB TV", "value": 1},
    {"source": "Sugar Pine 7", "target": "Guava Juice", "value": 1},
    {"source": "Sugar Pine 7", "target": "Jonny Qu\u00e9bec", "value": 1},
    {"source": "Sugar Pine 7", "target": "nollygrio", "value": 1},
    {"source": "Sugar Pine 7", "target": "Best Pakistani Dramas", "value": 1},
    {"source": "Sugar Pine 7", "target": "The Office US", "value": 1},
    {"source": "Sugar Pine 7", "target": "samfryltd", "value": 1},
    {"source": "Sugar Pine 7", "target": "James Charles", "value": 1},
    {"source": "Sugar Pine 7", "target": "E! Live from the Red Carpet", "value": 1},
    {"source": "Sugar Pine 7", "target": "N7News", "value": 1},
    {"source": "The Real Daytime", "target": "Sidemen", "value": 1},
    {"source": "The Real Daytime", "target": "SET India", "value": 1},
    {"source": "The Real Daytime", "target": "TheEllenShow", "value": 1},
    {"source": "The Real Daytime", "target": "WIRED", "value": 1},
    {"source": "The Real Daytime", "target": "ZIAS!", "value": 1},
    {"source": "The Real Daytime", "target": "TV Promos", "value": 1},
    {"source": "The Real Daytime", "target": "Logan Paul Vlogs", "value": 1},
    {"source": "The Real Daytime", "target": "Binging with Babish", "value": 1},
    {"source": "The Real Daytime", "target": "SAB TV", "value": 1},
    {"source": "The Real Daytime", "target": "Guava Juice", "value": 1},
    {"source": "The Real Daytime", "target": "Jonny Qu\u00e9bec", "value": 1},
    {"source": "The Real Daytime", "target": "nollygrio", "value": 1},
    {"source": "The Real Daytime", "target": "Best Pakistani Dramas", "value": 1},
    {"source": "The Real Daytime", "target": "The Office US", "value": 1},
    {"source": "The Real Daytime", "target": "samfryltd", "value": 1},
    {"source": "The Real Daytime", "target": "James Charles", "value": 1},
    {"source": "The Real Daytime", "target": "E! Live from the Red Carpet", "value": 1},
    {"source": "The Real Daytime", "target": "N7News", "value": 1},
    {"source": "Sidemen", "target": "SET India", "value": 1},
    {"source": "Sidemen", "target": "TheEllenShow", "value": 1},
    {"source": "Sidemen", "target": "WIRED", "value": 1},
    {"source": "Sidemen", "target": "ZIAS!", "value": 1},
    {"source": "Sidemen", "target": "TV Promos", "value": 1},
    {"source": "Sidemen", "target": "Logan Paul Vlogs", "value": 1},
    {"source": "Sidemen", "target": "Binging with Babish", "value": 1},
    {"source": "Sidemen", "target": "SAB TV", "value": 1},
    {"source": "Sidemen", "target": "Guava Juice", "value": 1},
    {"source": "Sidemen", "target": "Jonny Qu\u00e9bec", "value": 1},
    {"source": "Sidemen", "target": "nollygrio", "value": 1},
    {"source": "Sidemen", "target": "Best Pakistani Dramas", "value": 1},
    {"source": "Sidemen", "target": "The Office US", "value": 1},
    {"source": "Sidemen", "target": "samfryltd", "value": 1},
    {"source": "Sidemen", "target": "James Charles", "value": 1},
    {"source": "Sidemen", "target": "E! Live from the Red Carpet", "value": 1},
    {"source": "Sidemen", "target": "N7News", "value": 1},
    {"source": "SET India", "target": "TheEllenShow", "value": 1},
    {"source": "SET India", "target": "WIRED", "value": 1},
    {"source": "SET India", "target": "ZIAS!", "value": 1},
    {"source": "SET India", "target": "TV Promos", "value": 1},
    {"source": "SET India", "target": "Logan Paul Vlogs", "value": 1},
    {"source": "SET India", "target": "Binging with Babish", "value": 1},
    {"source": "SET India", "target": "SAB TV", "value": 1},
    {"source": "SET India", "target": "Guava Juice", "value": 1},
    {"source": "SET India", "target": "Jonny Qu\u00e9bec", "value": 1},
    {"source": "SET India", "target": "nollygrio", "value": 1},
    {"source": "SET India", "target": "Best Pakistani Dramas", "value": 1},
    {"source": "SET India", "target": "The Office US", "value": 1},
    {"source": "SET India", "target": "samfryltd", "value": 1},
    {"source": "SET India", "target": "James Charles", "value": 1},
    {"source": "SET India", "target": "E! Live from the Red Carpet", "value": 1},
    {"source": "SET India", "target": "N7News", "value": 1},
    {"source": "TheEllenShow", "target": "WIRED", "value": 1},
    {"source": "TheEllenShow", "target": "ZIAS!", "value": 1},
    {"source": "TheEllenShow", "target": "TV Promos", "value": 1},
    {"source": "TheEllenShow", "target": "Logan Paul Vlogs", "value": 1},
    {"source": "TheEllenShow", "target": "Binging with Babish", "value": 1},
    {"source": "TheEllenShow", "target": "SAB TV", "value": 1},
    {"source": "TheEllenShow", "target": "Guava Juice", "value": 1},
    {"source": "TheEllenShow", "target": "Jonny Qu\u00e9bec", "value": 1},
    {"source": "TheEllenShow", "target": "nollygrio", "value": 1},
    {"source": "TheEllenShow", "target": "Best Pakistani Dramas", "value": 1},
    {"source": "TheEllenShow", "target": "The Office US", "value": 1},
    {"source": "TheEllenShow", "target": "samfryltd", "value": 1},
    {"source": "TheEllenShow", "target": "James Charles", "value": 1},
    {"source": "TheEllenShow", "target": "E! Live from the Red Carpet", "value": 1},
    {"source": "TheEllenShow", "target": "N7News", "value": 1},
    {"source": "WIRED", "target": "ZIAS!", "value": 1},
    {"source": "WIRED", "target": "TV Promos", "value": 1},
    {"source": "WIRED", "target": "Logan Paul Vlogs", "value": 1},
    {"source": "WIRED", "target": "Binging with Babish", "value": 1},
    {"source": "WIRED", "target": "SAB TV", "value": 1},
    {"source": "WIRED", "target": "Guava Juice", "value": 1},
    {"source": "WIRED", "target": "Binging with Babish", "value": 1},
    {"source": "WIRED", "target": "Jonny Qu\u00e9bec", "value": 1},
    {"source": "WIRED", "target": "nollygrio", "value": 1},
    {"source": "WIRED", "target": "Best Pakistani Dramas", "value": 1},
    {"source": "WIRED", "target": "The Office US", "value": 1},
    {"source": "WIRED", "target": "samfryltd", "value": 1},
    {"source": "WIRED", "target": "James Charles", "value": 1},
    {"source": "WIRED", "target": "E! Live from the Red Carpet", "value": 1},
    {"source": "WIRED", "target": "N7News", "value": 1},
    {"source": "ZIAS!", "target": "TV Promos", "value": 1},
    {"source": "ZIAS!", "target": "Logan Paul Vlogs", "value": 1},
    {"source": "ZIAS!", "target": "Binging with Babish", "value": 1},
    {"source": "ZIAS!", "target": "SAB TV", "value": 1},
    {"source": "ZIAS!", "target": "Guava Juice", "value": 1},
    {"source": "ZIAS!", "target": "Jonny Qu\u00e9bec", "value": 1},
    {"source": "ZIAS!", "target": "nollygrio", "value": 1},
    {"source": "ZIAS!", "target": "Best Pakistani Dramas", "value": 1},
    {"source": "ZIAS!", "target": "The Office US", "value": 1},
    {"source": "ZIAS!", "target": "samfryltd", "value": 1},
    {"source": "ZIAS!", "target": "James Charles", "value": 1},
    {"source": "ZIAS!", "target": "E! Live from the Red Carpet", "value": 1},
    {"source": "ZIAS!", "target": "N7News", "value": 1},
    {"source": "TV Promos", "target": "Logan Paul Vlogs", "value": 1},
    {"source": "TV Promos", "target": "Binging with Babish", "value": 1},
    {"source": "TV Promos", "target": "SAB TV", "value": 1},
    {"source": "TV Promos", "target": "Guava Juice", "value": 1},
    {"source": "TV Promos", "target": "Jonny Qu\u00e9bec", "value": 1},
    {"source": "TV Promos", "target": "nollygrio", "value": 1},
    {"source": "TV Promos", "target": "Best Pakistani Dramas", "value": 1},
    {"source": "TV Promos", "target": "The Office US", "value": 1},
    {"source": "TV Promos", "target": "samfryltd", "value": 1},
    {"source": "TV Promos", "target": "James Charles", "value": 1},
    {"source": "TV Promos", "target": "E! Live from the Red Carpet", "value": 1},
    {"source": "TV Promos", "target": "N7News", "value": 1},
    {"source": "Logan Paul Vlogs", "target": "Binging with Babish", "value": 1},
    {"source": "Logan Paul Vlogs", "target": "SAB TV", "value": 1},
    {"source": "Logan Paul Vlogs", "target": "Guava Juice", "value": 1},
    {"source": "Logan Paul Vlogs", "target": "Jonny Qu\u00e9bec", "value": 1},
    {"source": "Logan Paul Vlogs", "target": "nollygrio", "value": 1},
    {"source": "Logan Paul Vlogs", "target": "Best Pakistani Dramas", "value": 1},
    {"source": "Logan Paul Vlogs", "target": "The Office US", "value": 1},
    {"source": "Logan Paul Vlogs", "target": "samfryltd", "value": 1},
    {"source": "Logan Paul Vlogs", "target": "James Charles", "value": 1},
    {"source": "Logan Paul Vlogs", "target": "E! Live from the Red Carpet", "value": 1},
    {"source": "Logan Paul Vlogs", "target": "N7News", "value": 1},
    {"source": "Binging with Babish", "target": "SAB TV", "value": 1},
    {"source": "Binging with Babish", "target": "Guava Juice", "value": 1},
    {"source": "Binging with Babish", "target": "Binging with Babish", "value": 1},
    {"source": "Binging with Babish", "target": "Jonny Qu\u00e9bec", "value": 1},
    {"source": "Binging with Babish", "target": "nollygrio", "value": 1},
    {"source": "Binging with Babish", "target": "Best Pakistani Dramas", "value": 1},
    {"source": "Binging with Babish", "target": "The Office US", "value": 1},
    {"source": "Binging with Babish", "target": "samfryltd", "value": 1},
    {"source": "Binging with Babish", "target": "James Charles", "value": 1},
    {"source": "Binging with Babish", "target": "E! Live from the Red Carpet", "value": 1},
    {"source": "Binging with Babish", "target": "N7News", "value": 1},
    {"source": "SAB TV", "target": "Guava Juice", "value": 1},
    {"source": "SAB TV", "target": "Binging with Babish", "value": 1},
    {"source": "SAB TV", "target": "Jonny Qu\u00e9bec", "value": 1},
    {"source": "SAB TV", "target": "nollygrio", "value": 1},
    {"source": "SAB TV", "target": "Best Pakistani Dramas", "value": 1},
    {"source": "SAB TV", "target": "The Office US", "value": 1},
    {"source": "SAB TV", "target": "samfryltd", "value": 1},
    {"source": "SAB TV", "target": "James Charles", "value": 1},
    {"source": "SAB TV", "target": "E! Live from the Red Carpet", "value": 1},
    {"source": "SAB TV", "target": "N7News", "value": 1},
    {"source": "Guava Juice", "target": "Binging with Babish", "value": 1},
    {"source": "Guava Juice", "target": "Jonny Qu\u00e9bec", "value": 1},
    {"source": "Guava Juice", "target": "nollygrio", "value": 1},
    {"source": "Guava Juice", "target": "Best Pakistani Dramas", "value": 1},
    {"source": "Guava Juice", "target": "The Office US", "value": 1},
    {"source": "Guava Juice", "target": "samfryltd", "value": 1},
    {"source": "Guava Juice", "target": "James Charles", "value": 1},
    {"source": "Guava Juice", "target": "E! Live from the Red Carpet", "value": 1},
    {"source": "Guava Juice", "target": "N7News", "value": 1},
    {"source": "Jonny Qu\u00e9bec", "target": "nollygrio", "value": 1},
    {"source": "Jonny Qu\u00e9bec", "target": "Best Pakistani Dramas", "value": 1},
    {"source": "Jonny Qu\u00e9bec", "target": "The Office US", "value": 1},
    {"source": "Jonny Qu\u00e9bec", "target": "samfryltd", "value": 1},
    {"source": "Jonny Qu\u00e9bec", "target": "James Charles", "value": 1},
    {"source": "Jonny Qu\u00e9bec", "target": "E! Live from the Red Carpet", "value": 1},
    {"source": "Jonny Qu\u00e9bec", "target": "N7News", "value": 1},
    {"source": "nollygrio", "target": "Best Pakistani Dramas", "value": 1},
    {"source": "nollygrio", "target": "The Office US", "value": 1},
    {"source": "nollygrio", "target": "samfryltd", "value": 1},
    {"source": "nollygrio", "target": "James Charles", "value": 1},
    {"source": "nollygrio", "target": "E! Live from the Red Carpet", "value": 1},
    {"source": "nollygrio", "target": "N7News", "value": 1},
    {"source": "Best Pakistani Dramas", "target": "The Office US", "value": 1},
    {"source": "Best Pakistani Dramas", "target": "samfryltd", "value": 1},
    {"source": "Best Pakistani Dramas", "target": "James Charles", "value": 1},
    {"source": "Best Pakistani Dramas", "target": "E! Live from the Red Carpet", "value": 1},
    {"source": "Best Pakistani Dramas", "target": "N7News", "value": 1},
    {"source": "The Office US", "target": "samfryltd", "value": 1},
    {"source": "The Office US", "target": "James Charles", "value": 1},
    {"source": "The Office US", "target": "E! Live from the Red Carpet", "value": 1},
    {"source": "The Office US", "target": "N7News", "value": 1},
    {"source": "samfryltd", "target": "James Charles", "value": 1},
    {"source": "samfryltd", "target": "E! Live from the Red Carpet", "value": 1},
    {"source": "samfryltd", "target": "N7News", "value": 1},
    {"source": "James Charles", "target": "E! Live from the Red Carpet", "value": 1},
    {"source": "James Charles", "target": "N7News", "value": 1},
    {"source": "E! Live from the Red Carpet", "target": "N7News", "value": 1},
    {"source": "MLG Highlights", "target": "GOLAZO TV", "value": 5},
    {"source": "MLG Highlights", "target": "WWE", "value": 5},
    {"source": "MLG Highlights", "target": "NFL", "value": 5},
    {"source": "MLG Highlights", "target": "NHL", "value": 5},
    {"source": "MLG Highlights", "target": "BT Sport", "value": 5},
    {"source": "MLG Highlights", "target": "DunkFest", "value": 5},
    {"source": "MLG Highlights", "target": "Motion Station", "value": 5},
    {"source": "MLG Highlights", "target": "Rapid Highlights", "value": 5},
    {"source": "MLG Highlights", "target": "Nick Ramos", "value": 5},
    {"source": "MLG Highlights", "target": "Wrsh98", "value": 5},
    {"source": "MLG Highlights", "target": "Ballislife", "value": 5},
    {"source": "GOLAZO TV", "target": "WWE", "value": 5},
    {"source": "GOLAZO TV", "target": "NFL", "value": 5},
    {"source": "GOLAZO TV", "target": "NHL", "value": 5},
    {"source": "GOLAZO TV", "target": "BT Sport", "value": 5},
    {"source": "GOLAZO TV", "target": "DunkFest", "value": 5},
    {"source": "GOLAZO TV", "target": "Motion Station", "value": 5},
    {"source": "GOLAZO TV", "target": "Rapid Highlights", "value": 5},
    {"source": "GOLAZO TV", "target": "Nick Ramos", "value": 5},
    {"source": "GOLAZO TV", "target": "Wrsh98", "value": 5},
    {"source": "GOLAZO TV", "target": "Ballislife", "value": 5},
    {"source": "WWE", "target": "NFL", "value": 5},
    {"source": "WWE", "target": "NHL", "value": 5},
    {"source": "WWE", "target": "BT Sport", "value": 5},
    {"source": "WWE", "target": "DunkFest", "value": 5},
    {"source": "WWE", "target": "Motion Station", "value": 5},
    {"source": "WWE", "target": "Rapid Highlights", "value": 5},
    {"source": "WWE", "target": "Nick Ramos", "value": 5},
    {"source": "WWE", "target": "Wrsh98", "value": 5},
    {"source": "WWE", "target": "Ballislife", "value": 5},
    {"source": "NFL", "target": "NHL", "value": 5},
    {"source": "NFL", "target": "BT Sport", "value": 5},
    {"source": "NFL", "target": "DunkFest", "value": 5},
    {"source": "NFL", "target": "Motion Station", "value": 5},
    {"source": "NFL", "target": "Rapid Highlights", "value": 5},
    {"source": "NFL", "target": "Nick Ramos", "value": 5},
    {"source": "NFL", "target": "Wrsh98", "value": 5},
    {"source": "NFL", "target": "Ballislife", "value": 5},
    {"source": "NHL", "target": "BT Sport", "value": 5},
    {"source": "NHL", "target": "DunkFest", "value": 5},
    {"source": "NHL", "target": "Motion Station", "value": 5},
    {"source": "NHL", "target": "Rapid Highlights", "value": 5},
    {"source": "NHL", "target": "Nick Ramos", "value": 5},
    {"source": "NHL", "target": "Wrsh98", "value": 5},
    {"source": "NHL", "target": "Ballislife", "value": 5},
    {"source": "BT Sport", "target": "DunkFest", "value": 5},
    {"source": "BT Sport", "target": "Motion Station", "value": 5},
    {"source": "BT Sport", "target": "Rapid Highlights", "value": 5},
    {"source": "BT Sport", "target": "Nick Ramos", "value": 5},
    {"source": "BT Sport", "target": "Wrsh98", "value": 5},
    {"source": "BT Sport", "target": "Ballislife", "value": 5},
    {"source": "DunkFest", "target": "Motion Station", "value": 5},
    {"source": "DunkFest", "target": "Rapid Highlights", "value": 5},
    {"source": "DunkFest", "target": "Nick Ramos", "value": 5},
    {"source": "DunkFest", "target": "Wrsh98", "value": 5},
    {"source": "DunkFest", "target": "Ballislife", "value": 5},
    {"source": "Motion Station", "target": "Rapid Highlights", "value": 5},
    {"source": "Motion Station", "target": "Nick Ramos", "value": 5},
    {"source": "Motion Station", "target": "Wrsh98", "value": 5},
    {"source": "Motion Station", "target": "Ballislife", "value": 5},
    {"source": "Rapid Highlights", "target": "Nick Ramos", "value": 5},
    {"source": "Rapid Highlights", "target": "Wrsh98", "value": 5},
    {"source": "Rapid Highlights", "target": "Ballislife", "value": 5},
    {"source": "Nick Ramos", "target": "Wrsh98", "value": 5},
    {"source": "Nick Ramos", "target": "Ballislife", "value": 5},
    {"source": "Wrsh98", "target": "Ballislife", "value": 5},
    {"source": "iDubbbzTV2", "target": "CollegeHumor", "value": 7},
    {"source": "iDubbbzTV2", "target": "Team Edge", "value": 7},
    {"source": "iDubbbzTV2", "target": "ExplosmEntertainment", "value": 7},
    {"source": "iDubbbzTV2", "target": "consumer", "value": 7},
    {"source": "iDubbbzTV2", "target": "Anwar Jibawi", "value": 7},
    {"source": "iDubbbzTV2", "target": "MercerReport", "value": 7},
    {"source": "iDubbbzTV2", "target": "IISuperwomanII", "value": 7},
    {"source": "CollegeHumor", "target": "Team Edge", "value": 7},
    {"source": "CollegeHumor", "target": "ExplosmEntertainment", "value": 7},
    {"source": "CollegeHumor", "target": "consumer", "value": 7},
    {"source": "CollegeHumor", "target": "Anwar Jibawi", "value": 7},
    {"source": "CollegeHumor", "target": "MercerReport", "value": 7},
    {"source": "CollegeHumor", "target": "IISuperwomanII", "value": 7},
    {"source": "Team Edge", "target": "ExplosmEntertainment", "value": 7},
    {"source": "Team Edge", "target": "consumer", "value": 7},
    {"source": "Team Edge", "target": "Anwar Jibawi", "value": 7},
    {"source": "Team Edge", "target": "MercerReport", "value": 7},
    {"source": "Team Edge", "target": "IISuperwomanII", "value": 7},
    {"source": "ExplosmEntertainment", "target": "consumer", "value": 7},
    {"source": "ExplosmEntertainment", "target": "Anwar Jibawi", "value": 7},
    {"source": "ExplosmEntertainment", "target": "MercerReport", "value": 7},
    {"source": "ExplosmEntertainment", "target": "IISuperwomanII", "value": 7},
    {"source": "consumer", "target": "Anwar Jibawi", "value": 7},
    {"source": "consumer", "target": "MercerReport", "value": 7},
    {"source": "consumer", "target": "IISuperwomanII", "value": 7},
    {"source": "Anwar Jibawi", "target": "MercerReport", "value": 7},
    {"source": "Anwar Jibawi", "target": "IISuperwomanII", "value": 7},
    {"source": "MercerReport", "target": "IISuperwomanII", "value": 7},
    {"source": "justintimberlakeVEVO", "target": "WORLDSTARHIPHOP", "value": 3},
    {"source": "justintimberlakeVEVO", "target": "Dua Lipa", "value": 3},
    {"source": "justintimberlakeVEVO", "target": "Macklemore LLC", "value": 3},
    {"source": "justintimberlakeVEVO", "target": "White Hill Music", "value": 3},
    {"source": "justintimberlakeVEVO", "target": "Ultra Music", "value": 3},
    {"source": "justintimberlakeVEVO", "target": "SB-LII Commercials", "value": 3},
    {"source": "justintimberlakeVEVO", "target": "CalvinHarrisVEVO", "value": 3},
    {"source": "justintimberlakeVEVO", "target": "FallOutBoyVEVO", "value": 3},
    {"source": "WORLDSTARHIPHOP", "target": "Dua Lipa", "value": 3},
    {"source": "WORLDSTARHIPHOP", "target": "Macklemore LLC", "value": 3},
    {"source": "WORLDSTARHIPHOP", "target": "White Hill Music", "value": 3},
    {"source": "WORLDSTARHIPHOP", "target": "Ultra Music", "value": 3},
    {"source": "WORLDSTARHIPHOP", "target": "SB-LII Commercials", "value": 3},
    {"source": "WORLDSTARHIPHOP", "target": "CalvinHarrisVEVO", "value": 3},
    {"source": "WORLDSTARHIPHOP", "target": "FallOutBoyVEVO", "value": 3},
    {"source": "Dua Lipa", "target": "Macklemore LLC", "value": 3},
    {"source": "Dua Lipa", "target": "White Hill Music", "value": 3},
    {"source": "Dua Lipa", "target": "Ultra Music", "value": 3},
    {"source": "Dua Lipa", "target": "SB-LII Commercials", "value": 3},
    {"source": "Dua Lipa", "target": "CalvinHarrisVEVO", "value": 3},
    {"source": "Dua Lipa", "target": "FallOutBoyVEVO", "value": 3},
    {"source": "Macklemore LLC", "target": "White Hill Music", "value": 3},
    {"source": "Macklemore LLC", "target": "Ultra Music", "value": 3},
    {"source": "Macklemore LLC", "target": "SB-LII Commercials", "value": 3},
    {"source": "Macklemore LLC", "target": "CalvinHarrisVEVO", "value": 3},
    {"source": "Macklemore LLC", "target": "FallOutBoyVEVO", "value": 3},
    {"source": "White Hill Music", "target": "Ultra Music", "value": 3},
    {"source": "White Hill Music", "target": "SB-LII Commercials", "value": 3},
    {"source": "White Hill Music", "target": "CalvinHarrisVEVO", "value": 3},
    {"source": "White Hill Music", "target": "FallOutBoyVEVO", "value": 3},
    {"source": "Ultra Music", "target": "SB-LII Commercials", "value": 3},
    {"source": "Ultra Music", "target": "CalvinHarrisVEVO", "value": 3},
    {"source": "Ultra Music", "target": "FallOutBoyVEVO", "value": 3},
    {"source": "SB-LII Commercials", "target": "CalvinHarrisVEVO", "value": 3},
    {"source": "SB-LII Commercials", "target": "FallOutBoyVEVO", "value": 3},
    {"source": "CalvinHarrisVEVO", "target": "FallOutBoyVEVO", "value": 3},
    {"source": "uncommonboy", "target": "Inside Edition", "value": 2},
    {"source": "uncommonboy", "target": "Joe Rogan Fan Page", "value": 2},
    {"source": "uncommonboy", "target": "PBrosnan007", "value": 2},
    {"source": "uncommonboy", "target": "Jon Snow - The Viral Network", "value": 2},
    {"source": "uncommonboy", "target": "CaseyNeistat", "value": 2},
    {"source": "uncommonboy", "target": "Unecht Erfunden", "value": 2},
    {"source": "Inside Edition", "target": "Joe Rogan Fan Page", "value": 2},
    {"source": "Inside Edition", "target": "PBrosnan007", "value": 2},
    {"source": "Inside Edition", "target": "Jon Snow - The Viral Network", "value": 2},
    {"source": "Inside Edition", "target": "CaseyNeistat", "value": 2},
    {"source": "Inside Edition", "target": "Unecht Erfunden", "value": 2},
    {"source": "Joe Rogan Fan Page", "target": "PBrosnan007", "value": 2},
    {"source": "Joe Rogan Fan Page", "target": "Jon Snow - The Viral Network", "value": 2},
    {"source": "Joe Rogan Fan Page", "target": "CaseyNeistat", "value": 2},
    {"source": "Joe Rogan Fan Page", "target": "Unecht Erfunden", "value": 2},
    {"source": "PBrosnan007", "target": "Jon Snow - The Viral Network", "value": 2},
    {"source": "PBrosnan007", "target": "CaseyNeistat", "value": 2},
    {"source": "PBrosnan007", "target": "Unecht Erfunden", "value": 2},
    {"source": "Jon Snow - The Viral Network", "target": "CaseyNeistat", "value": 2},
    {"source": "Jon Snow - The Viral Network", "target": "Unecht Erfunden", "value": 2},
    {"source": "CaseyNeistat", "target": "Unecht Erfunden", "value": 2},
    {"source": "Paramount Pictures", "target": "CinemaSins", "value": 6},
    {"source": "Paramount Pictures", "target": "sWooZie", "value": 6},
    {"source": "Paramount Pictures", "target": "A-Boogie Wit Da Hoodie", "value": 6},
    {"source": "Paramount Pictures", "target": "Pen Movies", "value": 6},
    {"source": "Paramount Pictures", "target": "Unbox Therapy", "value": 6},
    {"source": "Paramount Pictures", "target": "Screen Junkies", "value": 6},
    {"source": "CinemaSins", "target": "sWooZie", "value": 6},
    {"source": "CinemaSins", "target": "A-Boogie Wit Da Hoodie", "value": 6},
    {"source": "CinemaSins", "target": "Pen Movies", "value": 6},
    {"source": "CinemaSins", "target": "Unbox Therapy", "value": 6},
    {"source": "CinemaSins", "target": "Screen Junkies", "value": 6},
    {"source": "sWooZie", "target": "A-Boogie Wit Da Hoodie", "value": 6},
    {"source": "sWooZie", "target": "Pen Movies", "value": 6},
    {"source": "sWooZie", "target": "Unbox Therapy", "value": 6},
    {"source": "sWooZie", "target": "Screen Junkies", "value": 6},
    {"source": "A-Boogie Wit Da Hoodie", "target": "Pen Movies", "value": 6},
    {"source": "A-Boogie Wit Da Hoodie", "target": "Unbox Therapy", "value": 6},
    {"source": "A-Boogie Wit Da Hoodie", "target": "Screen Junkies", "value": 6},
    {"source": "Pen Movies", "target": "Unbox Therapy", "value": 6},
    {"source": "Pen Movies", "target": "Screen Junkies", "value": 6},
    {"source": "Unbox Therapy", "target": "Screen Junkies", "value": 6},
    {"source": "SGTreport", "target": "The National", "value": 4},
    {"source": "SGTreport", "target": "WIKIPOLITICS", "value": 4},
    {"source": "SGTreport", "target": "Royal Insider", "value": 4},
    {"source": "SGTreport", "target": "April LaJune", "value": 4},
    {"source": "SGTreport", "target": "Rebel Media", "value": 4},
    {"source": "The National", "target": "WIKIPOLITICS", "value": 4},
    {"source": "The National", "target": "Royal Insider", "value": 4},
    {"source": "The National", "target": "April LaJune", "value": 4},
    {"source": "The National", "target": "Rebel Media", "value": 4},
    {"source": "WIKIPOLITICS", "target": "Royal Insider", "value": 4},
    {"source": "WIKIPOLITICS", "target": "April LaJune", "value": 4},
    {"source": "WIKIPOLITICS", "target": "Rebel Media", "value": 4},
    {"source": "Royal Insider", "target": "April LaJune", "value": 4},
    {"source": "Royal Insider", "target": "Rebel Media", "value": 4},
    {"source": "April LaJune", "target": "Rebel Media", "value": 4},
    {"source": "BostonDynamics", "target": "AsapSCIENCE", "value": 9},
    {"source": "BostonDynamics", "target": "secureteam10", "value": 9},
    {"source": "BostonDynamics", "target": "Dr Nozman", "value": 9},
    {"source": "AsapSCIENCE", "target": "secureteam10", "value": 9},
    {"source": "AsapSCIENCE", "target": "Dr Nozman", "value": 9},
    {"source": "secureteam10", "target": "Dr Nozman", "value": 9},
    {"source": "Military Update", "target": "Cow Chop", "value": 8},
    {"source": "Jeep", "target": "SnowTrax Television", "value": 10},
    {"source": "RealLifeLore", "target": "MatthewSantoro", "value": 11}
  ]
}
