{
	"nodes": [
    {
			"video_id": "",
			"trending_date": "",
			"title": "",
			"channel_title": "YouTube",
			"category_id": "YouTube",
			"views": "",
			"likes": "",
			"dislikes": "",
			"comment_count": "",
			"thumbnail_link": "",
      "group": "0"
  	},
  	{
  		"video_id": "OjhBeB9ESqw",
  		"title": "Best minute of Frasier",
  		"channel_title": "I20N3Y",
  		"category_id": "Video Blogging",
  		"views": "99990",
  		"likes": "797",
  		"dislikes": "36",
  		"thumbnail_link": "https://i.ytimg.com/vi/OjhBeB9ESqw/default.jpg",
  		"group": "2"
  	},
  	{
  		"video_id": "tpF7R7ou4OY",
  		"title": "How THOR: RAGNAROK Broke All Expectations",
  		"channel_title": "Browntable",
  		"category_id": "Entertainment",
  		"views": "99988",
  		"likes": "3130",
  		"dislikes": "145",
  		"thumbnail_link": "https://i.ytimg.com/vi/tpF7R7ou4OY/default.jpg",
  		"group": "1"
  	},
  	{
  		"video_id": "SlQPqC_bX6s",
  		"title": "Is Smash 4 Dying?",
  		"channel_title": "ZeRo",
  		"category_id": "Gaming",
  		"views": "99976",
  		"likes": "4511",
  		"dislikes": "182",
  		"thumbnail_link": "https://i.ytimg.com/vi/SlQPqC_bX6s/default.jpg",
  		"group": "8"
  	},
  	{
  		"video_id": "5ELQ6u_5YYM",
  		"title": "Black Mirror - Season 4 | Official Trailer [HD] | Netflix",
  		"channel_title": "Netflix",
  		"category_id": "Entertainment",
  		"views": "999746, 996012, and 995513",
  		"likes": "22054",
  		"dislikes": "295",
  		"thumbnail_link": "https://i.ytimg.com/vi/5ELQ6u_5YYM/default.jpg",
  		"group": "1"
  	},
  	{
  		"video_id": "O3hz_DQ63No",
  		"title": "CNN Technology covers Alt-Tech Platforms",
  		"channel_title": "VMU Dream",
  		"category_id": "Video Blogging",
  		"views": "9996",
  		"likes": "738",
  		"dislikes": "16",
  		"thumbnail_link": "https://i.ytimg.com/vi/O3hz_DQ63No/default.jpg",
  		"group": "2"
  	},
  	{
  		"video_id": "l7VfDVVxiMM",
  		"title": "Proto-Putty in Liquid Nitrogen & Other Crazy Tests!",
  		"channel_title": "The King of Random",
  		"category_id": "Education",
  		"views": "999537",
  		"likes": "15258",
  		"dislikes": "2530",
  		"thumbnail_link": "https://i.ytimg.com/vi/l7VfDVVxiMM/default.jpg",
  		"group": "11"
  	},
  	{
  		"video_id": "5E4ZBSInqUU",
  		"title": "Marshmello - Blocks (Official Music Video)",
  		"channel_title": "marshmello",
  		"category_id": "Music",
  		"views": "9995273",
  		"likes": "295851",
  		"dislikes": "6477",
  		"thumbnail_link": "https://i.ytimg.com/vi/5E4ZBSInqUU/default.jpg",
  		"group": "3"
  	},
  	{
  		"video_id": "V5cOvyDpWfM",
  		"title": "Fergie Performs The U.S. National Anthem / 2018 NBA All-Star Game",
  		"channel_title": "MLG Highlights",
  		"category_id": "Sports",
  		"views": "9994516",
  		"likes": "16675",
  		"dislikes": "67316",
  		"thumbnail_link": "https://i.ytimg.com/vi/V5cOvyDpWfM/default.jpg",
  		"group": "5"
  	},
  	{
  		"video_id": "ii3n7hYQOl4",
  		"title": "SPIDER-MAN: INTO THE SPIDER-VERSE - Official Teaser Trailer",
  		"channel_title": "Sony Pictures Entertainment",
  		"category_id": "Entertainment",
  		"views": "9993284",
  		"likes": "174364",
  		"dislikes": "14691",
  		"thumbnail_link": "https://i.ytimg.com/vi/ii3n7hYQOl4/default.jpg",
  		"group": "1"
  	},
  	{
  		"video_id": "3XklsSF53pc",
  		"title": "How-To Make a Steak Sandwich with Matty Matheson",
  		"channel_title": "Munchies",
  		"category_id": "Entertainment",
  		"views": "999319",
  		"likes": "24415",
  		"dislikes": "658",
  		"thumbnail_link": "https://i.ytimg.com/vi/3XklsSF53pc/default.jpg",
  		"group": "1"
  	},
  	{
  		"video_id": "NHEaYbDWyQE",
  		"title": "Michael Says Prime Numbers for 3 Hours",
  		"channel_title": "DONG",
  		"category_id": "Entertainment",
  		"views": "999225",
  		"likes": "80730",
  		"dislikes": "1394",
  		"thumbnail_link": "https://i.ytimg.com/vi/NHEaYbDWyQE/default.jpg",
  		"group": "1"
  	},
  	{
  		"video_id": "X9Gc_g638C8",
  		"title": "BTS Talks Emojis and More at the 2017 AMAs | E! Live from the Red Carpet",
  		"channel_title": "E! Live from the Red Carpet",
  		"category_id": "Entertainment",
  		"views": "99901",
  		"likes": "4866",
  		"dislikes": "22",
  		"thumbnail_link": "https://i.ytimg.com/vi/X9Gc_g638C8/default.jpg",
  		"group": "1"
  	},
  	{
  		"video_id": "fAIX12F6958",
  		"title": "Bumblebee (2018) - Official Teaser Trailer - Paramount Pictures",
  		"channel_title": "Paramount Pictures",
  		"category_id": "Film&Animation",
  		"views": "9988608 and 9978294",
  		"likes": "151348",
  		"dislikes": "10274",
  		"thumbnail_link": "https://i.ytimg.com/vi/fAIX12F6958/default.jpg",
  		"group": "6"
  	},
  	{
  		"video_id": "xYtsL9znopI",
  		"title": "Khalid & Normani - Love Lies (Official Video)",
  		"channel_title": "KhalidVEVO",
  		"category_id": "Music",
  		"views": "9988031",
  		"likes": "289850",
  		"dislikes": "5543",
  		"thumbnail_link": "https://i.ytimg.com/vi/xYtsL9znopI/default.jpg",
  		"group": "3"
  	},
  	{
  		"video_id": "7LNTrcguDaw",
  		"title": "The 100 Season 5 Official Trailer",
  		"channel_title": "TV Guide",
  		"category_id": "Entertainment",
  		"views": "998774",
  		"likes": "29611",
  		"dislikes": "425",
  		"thumbnail_link": "https://i.ytimg.com/vi/7LNTrcguDaw/default.jpg",
  		"group": "1"
  	},
  	{
  		"video_id": "N7HFXgyTya0",
  		"title": "My Dinosaur Is a Service Animal (with Chris Pratt and Bryce Dallas Howard!)",
  		"channel_title": "CollegeHumor",
  		"category_id": "Comedy",
  		"views": "998509",
  		"likes": "55672",
  		"dislikes": "862",
  		"thumbnail_link": "https://i.ytimg.com/vi/N7HFXgyTya0/default.jpg",
  		"group": "7"
  	},
  	{
  		"video_id": "zbGSbZXzvqw",
  		"title": "Cord & Tish (Will Ferrell & Molly Shannon) Preview the Royal Wedding",
  		"channel_title": "The Tonight Show Starring Jimmy Fallon",
  		"category_id": "Comedy",
  		"views": "998484",
  		"likes": "7706",
  		"dislikes": "336",
  		"thumbnail_link": "https://i.ytimg.com/vi/zbGSbZXzvqw/default.jpg",
  		"group": "7"
  	},
  	{
  		"video_id": "kMRe5A215xs",
  		"title": "David Guetta Miami Ultra Music Festival 2018",
  		"channel_title": "David Guetta",
  		"category_id": "Music",
  		"views": "998467",
  		"likes": "26334",
  		"dislikes": "733",
  		"thumbnail_link": "https://i.ytimg.com/vi/kMRe5A215xs/default.jpg",
  		"group": "3"
  	},
  	{
  		"video_id": "gx3S73InQ04",
  		"title": "James Harden's NASTY Crossover Caps Off His Monster 1st Quarter | February 28, 2018",
  		"channel_title": "NBA",
  		"category_id": "Sports",
  		"views": "998434",
  		"likes": "8768",
  		"dislikes": "387",
  		"thumbnail_link": "https://i.ytimg.com/vi/gx3S73InQ04/default.jpg",
  		"group": "5"
  	},
  	{
  		"video_id": "zMV51hydg8E",
  		"title": "BEST FRIEND DOES MY ASOS SHOP",
  		"channel_title": "Mark Ferris",
  		"category_id": "Comedy",
  		"views": "998419",
  		"likes": "56146",
  		"dislikes": "595",
  		"thumbnail_link": "https://i.ytimg.com/vi/zMV51hydg8E/default.jpg",
  		"group": "7"
  	},
  	{
  		"video_id": "MFWF9dU5Zc0",
  		"title": "OCEAN'S 8 - Official 1st Trailer",
  		"channel_title": "Warner Bros. Pictures",
  		"category_id": "Entertainment",
  		"views": "9983625 and 9953085",
  		"likes": "94452",
  		"dislikes": "51420",
  		"thumbnail_link": "https://i.ytimg.com/vi/MFWF9dU5Zc0/default.jpg",
  		"group": "1"
  	},
  	{
  		"video_id": "N9s2YY3g2r0",
  		"title": "Wheel Love - 50to01 (Full Film)",
  		"channel_title": "50to01 TV",
  		"category_id": "Film&Animation",
  		"views": "99835",
  		"likes": "2398",
  		"dislikes": "35",
  		"thumbnail_link": "https://i.ytimg.com/vi/N9s2YY3g2r0/default.jpg",
  		"group": "6"
  	},
  	{
  		"video_id": "r5g85U5lJso",
  		"title": "Yo Gotti - Juice",
  		"channel_title": "yogottiVEVO",
  		"category_id": "Music",
  		"views": "998256",
  		"likes": "25728",
  		"dislikes": "1025",
  		"thumbnail_link": "https://i.ytimg.com/vi/r5g85U5lJso/default.jpg",
  		"group": "3"
  	},
  	{
  		"video_id": "1XKSo2mFC6c",
  		"title": "Kid Yodeler Mason Ramsey Performs",
  		"channel_title": "TheEllenShow",
  		"category_id": "Entertainment",
  		"views": "9982401",
  		"likes": "416478",
  		"dislikes": "22435",
  		"thumbnail_link": "https://i.ytimg.com/vi/1XKSo2mFC6c/default.jpg",
  		"group": "1"
  	},
  	{
  		"video_id": "PkRo5l8679g",
  		"title": "THE MAN WHO KILLED DON QUIXOTE Official Trailer (2018) Adam Driver,  Terry Gilliam Movie HD",
  		"channel_title": "ONE Media",
  		"category_id": "Film&Animation",
  		"views": "997999",
  		"likes": "6944",
  		"dislikes": "334",
  		"thumbnail_link": "https://i.ytimg.com/vi/PkRo5l8679g/default.jpg",
  		"group": "6"
  	},
  	{
  		"video_id": "RP3UsFrDJfY",
  		"title": "Lady Gaga - The Cure (Live On The American Music Awards - 2017)",
  		"channel_title": "LadyGagaVEVO",
  		"category_id": "Music",
  		"views": "997979",
  		"likes": "65820",
  		"dislikes": "957",
  		"thumbnail_link": "https://i.ytimg.com/vi/RP3UsFrDJfY/default.jpg",
  		"group": "3"
  	},
  	{
  		"video_id": "kQQZ2hje42E",
  		"title": "Cooking With Your Mouth | Christmas Turkey",
  		"channel_title": "Nathan C",
  		"category_id": "News&Politics",
  		"views": "99791",
  		"likes": "381",
  		"dislikes": "519",
  		"thumbnail_link": "https://i.ytimg.com/vi/kQQZ2hje42E/default.jpg",
  		"group": "4"
  	},
  	{
  		"video_id": "4qOeuzeNfQ8",
  		"title": "The FALL - 'Rowche Rumble' - 1979 45rpm",
  		"channel_title": "IndieAnnieJones",
  		"category_id": "Music",
  		"views": "99790",
  		"likes": "751",
  		"dislikes": "8",
  		"thumbnail_link": "https://i.ytimg.com/vi/4qOeuzeNfQ8/default.jpg",
  		"group": "3"
  	},
  	{
  		"video_id": "wYQcU5VXde8",
  		"title": "Logan Paul Being Massively Disrespectful In Japan",
  		"channel_title": "We The Unicorns",
  		"category_id": "Entertainment",
  		"views": "997844",
  		"likes": "23661",
  		"dislikes": "7582",
  		"thumbnail_link": "https://i.ytimg.com/vi/wYQcU5VXde8/default.jpg",
  		"group": "1"
  	},
  	{
  		"video_id": "PVbQrvlB_gw",
  		"title": "Eminem - Framed",
  		"channel_title": "EminemVEVO",
  		"category_id": "Music",
  		"views": "9978150",
  		"likes": "444996",
  		"dislikes": "20879",
  		"thumbnail_link": "https://i.ytimg.com/vi/PVbQrvlB_gw/default.jpg",
  		"group": "3"
  	},
  	{
  		"video_id": "TUUUh-51t1k",
  		"title": "Pacific Rim Uprising IMAX\u00ae Exclusive Trailer",
  		"channel_title": "IMAX",
  		"category_id": "Film&Animation",
  		"views": "997794",
  		"likes": "10338",
  		"dislikes": "543",
  		"thumbnail_link": "https://i.ytimg.com/vi/TUUUh-51t1k/default.jpg",
  		"group": "6"
  	},
  	{
  		"video_id": "6ULbkqAuo48",
  		"title": "Disney : PROOF Your SJW Staff Hates Star Wars",
  		"channel_title": "Alex Becker's Channel",
  		"category_id": "Video Blogging",
  		"views": "99752",
  		"likes": "7823",
  		"dislikes": "297",
  		"thumbnail_link": "https://i.ytimg.com/vi/6ULbkqAuo48/default.jpg",
  		"group": "2"
  	},
  	{
  		"video_id": "Mgfe5tIwOj0",
  		"title": "Dua Lipa - IDGAF (Official Music Video)",
  		"channel_title": "Dua Lipa",
  		"category_id": "Music",
  		"views": "9974517",
  		"likes": "747599",
  		"dislikes": "16716",
  		"thumbnail_link": "https://i.ytimg.com/vi/Mgfe5tIwOj0/default.jpg",
  		"group": "3"
  	},
  	{
  		"video_id": "DrApVH3afMI",
  		"title": "some bloopers from phil is not on fire 9",
  		"channel_title": "danisnotinteresting",
  		"category_id": "Video Blogging",
  		"views": "997418",
  		"likes": "122172",
  		"dislikes": "228",
  		"thumbnail_link": "https://i.ytimg.com/vi/DrApVH3afMI/default.jpg",
  		"group": "2"
  	},
  	{
  		"video_id": "ItL6vcUrpUs",
  		"title": "MACKLEMORE FEAT DAVE B & TRAVIS THOMPSON - CORNER STORE (Official Music Video)",
  		"channel_title": "Macklemore LLC",
  		"category_id": "Music",
  		"views": "997389",
  		"likes": "58770",
  		"dislikes": "1427",
  		"thumbnail_link": "https://i.ytimg.com/vi/ItL6vcUrpUs/default.jpg",
  		"group": "3"
  	},
  	{
  		"video_id": "6ZfuNTqbHE8",
  		"title": "Marvel Studios' Avengers: Infinity War Official Trailer",
  		"channel_title": "Marvel Entertainment",
  		"category_id": "Entertainment",
  		"views": "99732510",
  		"likes": "2693569",
  		"dislikes": "56081",
  		"thumbnail_link": "https://i.ytimg.com/vi/6ZfuNTqbHE8/default.jpg",
  		"group": "1"
  	},
  	{
  		"video_id": "XTTf2fmh_QM",
  		"title": "COM3T - HABITS",
  		"channel_title": "COM3T",
  		"category_id": "Music",
  		"views": "99732",
  		"likes": "1366",
  		"dislikes": "816",
  		"thumbnail_link": "https://i.ytimg.com/vi/XTTf2fmh_QM/default.jpg",
  		"group": "3"
  	},
  	{
  		"video_id": "J3vav5Sfhrw",
  		"title": "The Weeknd - Call Out My Name (Official Lyric Video)",
  		"channel_title": "The Weeknd",
  		"category_id": "Music",
  		"views": "9972986",
  		"likes": "273354",
  		"dislikes": "4745",
  		"thumbnail_link": "https://i.ytimg.com/vi/J3vav5Sfhrw/default.jpg",
  		"group": "3"
  	},
  	{
  		"video_id": "nkWn5vKCZj4",
  		"title": "Joe Rogan Shuts Down Steven Tyler's Conspiracy Theories",
  		"channel_title": "Joe Rogan Fan Page",
  		"category_id": "Video Blogging",
  		"views": "997228",
  		"likes": "8100",
  		"dislikes": "1923",
  		"thumbnail_link": "https://i.ytimg.com/vi/nkWn5vKCZj4/default.jpg",
  		"group": "2"
  	},
  	{
  		"video_id": "UkXBG_DL1ec",
  		"title": "West Coast \u2018Wives Pack The LA Clubhouse | RHOBH | WWHL",
  		"channel_title": "Watch What Happens Live with Andy Cohen",
  		"category_id": "Entertainment",
  		"views": "99721",
  		"likes": "393",
  		"dislikes": "22",
  		"thumbnail_link": "https://i.ytimg.com/vi/UkXBG_DL1ec/default.jpg",
  		"group": "1"
  	},
  	{
  		"video_id": "jPEYpryMp2s",
  		"title": "Solo: A Star Wars Story Official Trailer",
  		"channel_title": "Star Wars",
  		"category_id": "Entertainment",
  		"views": "9971343 and 9954828",
  		"likes": "181127",
  		"dislikes": "20171",
  		"thumbnail_link": "https://i.ytimg.com/vi/jPEYpryMp2s/default.jpg",
  		"group": "1"
  	},
  	{
  		"video_id": "d7gOtEwaJzw",
  		"title": "This is Me [Dave Aude Remix] (from The Greatest Showman Soundtrack)",
  		"channel_title": "Atlantic Records",
  		"category_id": "Music",
  		"views": "997078",
  		"likes": "3766",
  		"dislikes": "781",
  		"thumbnail_link": "https://i.ytimg.com/vi/d7gOtEwaJzw/default.jpg",
  		"group": "3"
  	},
  	{
  		"video_id": "2-bTbRjqjoE",
  		"title": "Star Wars: The Last Jedi SPOILER TALK!!!",
  		"channel_title": "Tyrone Magnus",
  		"category_id": "Entertainment",
  		"views": "99706",
  		"likes": "2702",
  		"dislikes": "304",
  		"thumbnail_link": "https://i.ytimg.com/vi/2-bTbRjqjoE/default.jpg",
  		"group": "1"
  	},
  	{
  		"video_id": "khPLWaBioOs",
  		"title": "Logan Paul - SANTA DISS TRACK (Official Music Video)",
  		"channel_title": "Logan Paul Vlogs",
  		"category_id": "Entertainment",
  		"views": "9970464",
  		"likes": "836362",
  		"dislikes": "108582",
  		"thumbnail_link": "https://i.ytimg.com/vi/khPLWaBioOs/default.jpg",
  		"group": "1"
  	},
  	{
  		"video_id": "ObRqWRfC5rA",
  		"title": "Sabrina Claudio - Don't Let Me Down ft. Khalid",
  		"channel_title": "Sabrina Claudio",
  		"category_id": "Music",
  		"views": "996958",
  		"likes": "23900",
  		"dislikes": "740",
  		"thumbnail_link": "https://i.ytimg.com/vi/ObRqWRfC5rA/default.jpg",
  		"group": "3"
  	},
  	{
  		"video_id": "OTHHeIAYfuU",
  		"title": "MGMT - Me and Michael",
  		"channel_title": "MGMTVEVO",
  		"category_id": "Music",
  		"views": "996862",
  		"likes": "27593",
  		"dislikes": "813",
  		"thumbnail_link": "https://i.ytimg.com/vi/OTHHeIAYfuU/default.jpg",
  		"group": "3"
  	},
  	{
  		"video_id": "3rkXFyt7EXw",
  		"title": "Diplo, French Montana & Lil Pump ft. Zhavia - Welcome To The Party (Deadpool 2 Soundtrack)",
  		"channel_title": "Diplo",
  		"category_id": "Music",
  		"views": "9968136",
  		"likes": "288779",
  		"dislikes": "7799",
  		"thumbnail_link": "https://i.ytimg.com/vi/3rkXFyt7EXw/default.jpg",
  		"group": "3"
  	},
  	{
  		"video_id": "WAuSHwVwvzk",
  		"title": "Kelly Clarkson - Love So Soft LIVE on New Years Rockin' Eve 2018!",
  		"channel_title": "slaymeclarkson c:",
  		"category_id": "Music",
  		"views": "99679",
  		"likes": "1493",
  		"dislikes": "39",
  		"thumbnail_link": "https://i.ytimg.com/vi/WAuSHwVwvzk/default.jpg",
  		"group": "3"
  	},
  	{
  		"video_id": "GRwmtpr79qE",
  		"title": "THE LAST JEDI - KEVIN SMITH'S REVIEW",
  		"channel_title": "Kevin Smith",
  		"category_id": "Video Blogging",
  		"views": "996743",
  		"likes": "19946",
  		"dislikes": "4839",
  		"thumbnail_link": "https://i.ytimg.com/vi/GRwmtpr79qE/default.jpg",
  		"group": "2"
  	},
  	{
  		"video_id": "X-QSZhh_YWg",
  		"title": "Why We May Not Be Able to Visit Space in the Future",
  		"channel_title": "RealLifeLore",
  		"category_id": "Education",
  		"views": "996729",
  		"likes": "30568",
  		"dislikes": "1779",
  		"thumbnail_link": "https://i.ytimg.com/vi/X-QSZhh_YWg/default.jpg",
  		"group": "11"
  	},
  	{
  		"video_id": "137EH-5jNLI",
  		"title": "John Oliver - Blockbuster Update",
  		"channel_title": "consumer",
  		"category_id": "Comedy",
  		"views": "996570",
  		"likes": "18107",
  		"dislikes": "275",
  		"thumbnail_link": "https://i.ytimg.com/vi/137EH-5jNLI/default.jpg",
  		"group": "7"
  	},
  	{
  		"video_id": "4yG_k2Zlw7Y",
  		"title": "GOING FISHING. A Stop motion Animation by Guldies",
  		"channel_title": "Guldies",
  		"category_id": "Film&Animation",
  		"views": "99653",
  		"likes": "9033",
  		"dislikes": "42",
  		"thumbnail_link": "https://i.ytimg.com/vi/4yG_k2Zlw7Y/default.jpg",
  		"group": "6"
  	},
  	{
  		"video_id": "fRj34o4hN4I",
  		"title": "What's new, Atlas?",
  		"channel_title": "BostonDynamics",
  		"category_id": "Science&Tech.",
  		"views": "9964832",
  		"likes": "196513",
  		"dislikes": "4589",
  		"thumbnail_link": "https://i.ytimg.com/vi/fRj34o4hN4I/default.jpg",
  		"group": "9"
  	},
  	{
  		"video_id": "HE8SYbMsm0E",
  		"title": "Trouble, Drake, Mike WiLL Made-It - Bring It Back",
  		"channel_title": "TroubleVEVO",
  		"category_id": "Music",
  		"views": "9964222",
  		"likes": "84052",
  		"dislikes": "7429",
  		"thumbnail_link": "https://i.ytimg.com/vi/HE8SYbMsm0E/default.jpg",
  		"group": "3"
  	},
  	{
  		"video_id": "Ck4xHocysLw",
  		"title": "Ozuna - U\u0301nica (Video Oficial) \ud83d\udc3b A U R A",
  		"channel_title": "Ozuna",
  		"category_id": "Music",
  		"views": "99636747",
  		"likes": "705970",
  		"dislikes": "34370",
  		"thumbnail_link": "https://i.ytimg.com/vi/Ck4xHocysLw/default.jpg",
  		"group": "3"
  	},
  	{
  		"video_id": "__1SjDrSMik",
  		"title": "maybe i could eat blades of grass",
  		"channel_title": "bill wurtz",
  		"category_id": "Video Blogging",
  		"views": "996318",
  		"likes": "119635",
  		"dislikes": "1143",
  		"thumbnail_link": "https://i.ytimg.com/vi/__1SjDrSMik/default.jpg",
  		"group": "2"
  	},
  	{
  		"video_id": "8PwD3DUTJWM",
  		"title": "February Faves | Fleur De Force",
  		"channel_title": "Fleur DeForce",
  		"category_id": "News&Politics",
  		"views": "99630",
  		"likes": "3692",
  		"dislikes": "85",
  		"thumbnail_link": "https://i.ytimg.com/vi/8PwD3DUTJWM/default.jpg",
  		"group": "4"
  	},
  	{
  		"video_id": "UYDAgS2Mr6M",
  		"title": "Mathew Knowles",
  		"channel_title": "Wendy Williams",
  		"category_id": "Entertainment",
  		"views": "99630",
  		"likes": "2632",
  		"dislikes": "100",
  		"thumbnail_link": "https://i.ytimg.com/vi/UYDAgS2Mr6M/default.jpg",
  		"group": "1"
  	},
  	{
  		"video_id": "xegUPsJaUKc",
  		"title": "WE MADE A JEWELRY LINE // Grace Helbig",
  		"channel_title": "Grace Helbig",
  		"category_id": "Video Blogging",
  		"views": "99614",
  		"likes": "6886",
  		"dislikes": "97",
  		"thumbnail_link": "https://i.ytimg.com/vi/xegUPsJaUKc/default.jpg",
  		"group": "2"
  	},
  	{
  		"video_id": "S0nbOenwCLw",
  		"title": "Kodak Black - Roll In Peace feat. XXXTentacion [Official Music Video]",
  		"channel_title": "Kodak Black",
  		"category_id": "Music",
  		"views": "9959933",
  		"likes": "268387",
  		"dislikes": "10028",
  		"thumbnail_link": "https://i.ytimg.com/vi/S0nbOenwCLw/default.jpg",
  		"group": "3"
  	},
  	{
  		"video_id": "-l6wrTvMcbY",
  		"title": "Azealia Banks - Anna Wintour (Lyric Video)",
  		"channel_title": "AzealiaBanksVEVO",
  		"category_id": "Music",
  		"views": "995938",
  		"likes": "41164",
  		"dislikes": "1625",
  		"thumbnail_link": "https://i.ytimg.com/vi/-l6wrTvMcbY/default.jpg",
  		"group": "3"
  	},
  	{
  		"video_id": "5ZoKBdxhXpw",
  		"title": "Waterparks Lucky People (Official Music Video)",
  		"channel_title": "Equal Vision Records",
  		"category_id": "Music",
  		"views": "99593",
  		"likes": "9092",
  		"dislikes": "53",
  		"thumbnail_link": "https://i.ytimg.com/vi/5ZoKBdxhXpw/default.jpg",
  		"group": "3"
  	},
  	{
  		"video_id": "cdO78z5_jhQ",
  		"title": "GIRL TALK W/ TASHA GREEN | Racial Identity, Making friends & Music",
  		"channel_title": "Samantha Maria",
  		"category_id": "News&Politics",
  		"views": "99581",
  		"likes": "4332",
  		"dislikes": "159",
  		"thumbnail_link": "https://i.ytimg.com/vi/cdO78z5_jhQ/default.jpg",
  		"group": "4"
  	},
  	{
  		"video_id": "mHhZ9jk-DrU",
  		"title": "The Tesla Model S P100D - Chris Harris Drives - Top Gear",
  		"channel_title": "Top Gear",
  		"category_id": "Autos&Vehicles",
  		"views": "995786",
  		"likes": "12251",
  		"dislikes": "2821",
  		"thumbnail_link": "https://i.ytimg.com/vi/mHhZ9jk-DrU/default.jpg",
  		"group": "10"
  	},
  	{
  		"video_id": "14G7U6pTcFk",
  		"title": "[ProjectTL] Trailer movie",
  		"channel_title": "ncsoft",
  		"category_id": "Gaming",
  		"views": "99578",
  		"likes": "570",
  		"dislikes": "42",
  		"thumbnail_link": "https://i.ytimg.com/vi/14G7U6pTcFk/default.jpg",
  		"group": "8"
  	},
  	{
  		"video_id": "o31pGcwUmCM",
  		"title": "[SPECIAL VIDEO] NU'EST W(\ub274\uc774\uc2a4\ud2b8W) & SEVENTEEN(\uc138\ube10\ud2f4) - HEAVEN",
  		"channel_title": "Pledis Artist",
  		"category_id": "Music",
  		"views": "995747",
  		"likes": "115025",
  		"dislikes": "360",
  		"thumbnail_link": "https://i.ytimg.com/vi/o31pGcwUmCM/default.jpg",
  		"group": "3"
  	},
  	{
  		"video_id": "sZoZryCb0P0",
  		"title": "Lauv - Getting Over You [Official Audio]",
  		"channel_title": "Lauv",
  		"category_id": "Music",
  		"views": "995667",
  		"likes": "50403",
  		"dislikes": "334",
  		"thumbnail_link": "https://i.ytimg.com/vi/sZoZryCb0P0/default.jpg",
  		"group": "3"
  	},
  	{
  		"video_id": "elwTgpHlty0",
  		"title": "[OFFICIAL VIDEO] HAVANA - PENTATONIX",
  		"channel_title": "PTXofficial",
  		"category_id": "Music",
  		"views": "9956646",
  		"likes": "412941",
  		"dislikes": "10667",
  		"thumbnail_link": "https://i.ytimg.com/vi/elwTgpHlty0/default.jpg",
  		"group": "3"
  	},
  	{
  		"video_id": "jjwiwepvS1o",
  		"title": "Noel Gallagher\u2019s High Flying Birds - If Love Is The Law (Official Lyric Video)",
  		"channel_title": "NoelGallagherVEVO",
  		"category_id": "Music",
  		"views": "99532",
  		"likes": "1885",
  		"dislikes": "99",
  		"thumbnail_link": "https://i.ytimg.com/vi/jjwiwepvS1o/default.jpg",
  		"group": "3"
  	},
  	{
  		"video_id": "fMbuWa-OdN8",
  		"title": "WWE Superstar Triple H Addresses Conor McGregor and Ronda Rousey Rumours | Good Morning Britain",
  		"channel_title": "Good Morning Britain",
  		"category_id": "Sports",
  		"views": "995222",
  		"likes": "7317",
  		"dislikes": "457",
  		"thumbnail_link": "https://i.ytimg.com/vi/fMbuWa-OdN8/default.jpg",
  		"group": "5"
  	},
  	{
  		"video_id": "h0zMjd5ZAJ4",
  		"title": "Michelle Wolf Talks About the White House Correspondents' Dinner",
  		"channel_title": "Late Night with Seth Meyers",
  		"category_id": "Comedy",
  		"views": "995194",
  		"likes": "10508",
  		"dislikes": "984",
  		"thumbnail_link": "https://i.ytimg.com/vi/h0zMjd5ZAJ4/default.jpg",
  		"group": "7"
  	},
  	{
  		"video_id": "9yDNAc8YS9c",
  		"title": "Stephen Fry Announcement",
  		"channel_title": "samfryltd",
  		"category_id": "Entertainment",
  		"views": "995183",
  		"likes": "26381",
  		"dislikes": "843",
  		"thumbnail_link": "https://i.ytimg.com/vi/9yDNAc8YS9c/default.jpg",
  		"group": "1"
  	},
  	{
  		"video_id": "QpFcf7uBacI",
  		"title": "OnePlus 6 - The Speed You Need Live Launch Event",
  		"channel_title": "OnePlus",
  		"category_id": "Science&Tech.",
  		"views": "995161",
  		"likes": "23351",
  		"dislikes": "266",
  		"thumbnail_link": "https://i.ytimg.com/vi/QpFcf7uBacI/default.jpg",
  		"group": "9"
  	},
  	{
  		"video_id": "upIaeqJEA2I",
  		"title": "Monster Super Bowl Commercial 2018 With Ricegum & Iggy Azalea",
  		"channel_title": "SB-LII Commercials",
  		"category_id": "Music",
  		"views": "995148",
  		"likes": "23127",
  		"dislikes": "5771",
  		"thumbnail_link": "https://i.ytimg.com/vi/upIaeqJEA2I/default.jpg",
  		"group": "3"
  	},
  	{
  		"video_id": "2UByqalCfnk",
  		"title": "Flo Rida - Dancer (Official Video)",
  		"channel_title": "Flo Rida",
  		"category_id": "Music",
  		"views": "995113",
  		"likes": "30553",
  		"dislikes": "751",
  		"thumbnail_link": "https://i.ytimg.com/vi/2UByqalCfnk/default.jpg",
  		"group": "3"
  	},
  	{
  		"video_id": "ph2RlcltYdM",
  		"title": "WHAT I BOUGHT LAST MONTH: AUTUMN HAUL | Lily Pebbles",
  		"channel_title": "Lily Pebbles",
  		"category_id": "News&Politics",
  		"views": "99510",
  		"likes": "2749",
  		"dislikes": "133",
  		"thumbnail_link": "https://i.ytimg.com/vi/ph2RlcltYdM/default.jpg",
  		"group": "4"
  	},
  	{
  		"video_id": "9_LIP7qguYw",
  		"title": "Hidden Meanings Behind Childish Gambino's 'This Is America' Video Explained",
  		"channel_title": "INSIDER",
  		"category_id": "Entertainment",
  		"views": "9950174",
  		"likes": "182269",
  		"dislikes": "16708",
  		"thumbnail_link": "https://i.ytimg.com/vi/9_LIP7qguYw/default.jpg",
  		"group": "1"
  	},
  	{
  		"video_id": "76owSh_PPG4",
  		"title": "New Year, New Me...",
  		"channel_title": "Marcus Butler",
  		"category_id": "Comedy",
  		"views": "99500",
  		"likes": "6720",
  		"dislikes": "652",
  		"thumbnail_link": "https://i.ytimg.com/vi/76owSh_PPG4/default.jpg",
  		"group": "7"
  	},
  	{
  		"video_id": "KUaIX_3W7GA",
  		"title": "The Greatest Achievement in Speedrunning History Might Happen Soon (Mario Kart 64 PERFECTION!)",
  		"channel_title": "RWhiteGoose",
  		"category_id": "Gaming",
  		"views": "99498",
  		"likes": "3687",
  		"dislikes": "136",
  		"thumbnail_link": "https://i.ytimg.com/vi/KUaIX_3W7GA/default.jpg",
  		"group": "8"
  	},
  	{
  		"video_id": "hLljd8pfiFg",
  		"title": "The Globglogabgalab [Official]",
  		"channel_title": "HopeAnimation",
  		"category_id": "Film&Animation",
  		"views": "994928",
  		"likes": "26040",
  		"dislikes": "2662",
  		"thumbnail_link": "https://i.ytimg.com/vi/hLljd8pfiFg/default.jpg",
  		"group": "6"
  	},
  	{
  		"video_id": "L9eFkmjIIWA",
  		"title": "The Romantic Lure of Moonlight",
  		"channel_title": "It's Okay To Be Smart",
  		"category_id": "Education",
  		"views": "99492",
  		"likes": "4918",
  		"dislikes": "53",
  		"thumbnail_link": "https://i.ytimg.com/vi/L9eFkmjIIWA/default.jpg",
  		"group": "11"
  	},
  	{
  		"video_id": "DkeiKbqa02g",
  		"title": "Calvin Harris, Dua Lipa - One Kiss (Official Video)",
  		"channel_title": "CalvinHarrisVEVO",
  		"category_id": "Music",
  		"views": "9947934 and 995001",
  		"likes": "370272",
  		"dislikes": "12801",
  		"thumbnail_link": "https://i.ytimg.com/vi/DkeiKbqa02g/default.jpg",
  		"group": "3"
  	},
  	{
  		"video_id": "i7FgneNlM14",
  		"title": "WEEI: Alex Reimer calls Tom Brady\u2019s daughter an \u201cAnnoying Little Pissant\u201d 1/25/18",
  		"channel_title": "Nick Ramos",
  		"category_id": "Sports",
  		"views": "994747",
  		"likes": "258",
  		"dislikes": "398",
  		"thumbnail_link": "https://i.ytimg.com/vi/i7FgneNlM14/default.jpg",
  		"group": "5"
  	},
  	{
  		"video_id": "UaAHl_m_ybk",
  		"title": "5 Seconds Of Summer - Want You Back (Audio)",
  		"channel_title": "5SOSVEVO",
  		"category_id": "Music",
  		"views": "9947068",
  		"likes": "318359",
  		"dislikes": "3890",
  		"thumbnail_link": "https://i.ytimg.com/vi/UaAHl_m_ybk/default.jpg",
  		"group": "3"
  	},
  	{
  		"video_id": "l3vbvF8bQfI",
  		"title": "Fall Out Boy - Church",
  		"channel_title": "FallOutBoyVEVO",
  		"category_id": "Music",
  		"views": "994706",
  		"likes": "79996",
  		"dislikes": "1512",
  		"thumbnail_link": "https://i.ytimg.com/vi/l3vbvF8bQfI/default.jpg",
  		"group": "3"
  	},
  	{
  		"video_id": "y06RDyNXqbM",
  		"title": "Rich The Kid - Dead Friends",
  		"channel_title": "RichTheKidVEVO",
  		"category_id": "Music",
  		"views": "9946081",
  		"likes": "160199",
  		"dislikes": "11477",
  		"thumbnail_link": "https://i.ytimg.com/vi/y06RDyNXqbM/default.jpg",
  		"group": "3"
  	},
  	{
  		"video_id": "Pgd_Tgi-pbQ",
  		"title": "Meek Mill - 1942 Flows (Official Video)",
  		"channel_title": "Meek Mill",
  		"category_id": "Music",
  		"views": "9945385",
  		"likes": "169342",
  		"dislikes": "4815",
  		"thumbnail_link": "https://i.ytimg.com/vi/Pgd_Tgi-pbQ/default.jpg",
  		"group": "3"
  	},
  	{
  		"video_id": "tQR5G3kvfNQ",
  		"title": "President Jimmy Carter Is Still Praying For Donald Trump",
  		"channel_title": "The Late Show with Stephen Colbert",
  		"category_id": "Video Blogging",
  		"views": "994501",
  		"likes": "14904",
  		"dislikes": "403",
  		"thumbnail_link": "https://i.ytimg.com/vi/tQR5G3kvfNQ/default.jpg",
  		"group": "2"
  	},
  	{
  		"video_id": "rxUfRhVYeKI",
  		"title": "When mum puts dad on a January detox \ud83e\udd57\ud83e\udd55",
  		"channel_title": "LadBaby Official",
  		"category_id": "Video Blogging",
  		"views": "99450",
  		"likes": "3298",
  		"dislikes": "96",
  		"thumbnail_link": "https://i.ytimg.com/vi/rxUfRhVYeKI/default.jpg",
  		"group": "2"
  	},
  	{
  		"video_id": "yzGmnjDFuZE",
  		"title": "I Donated $30,000 To My Favorite Twitch Streamer (ninja)",
  		"channel_title": "MrBeast",
  		"category_id": "Entertainment",
  		"views": "9941854",
  		"likes": "310196",
  		"dislikes": "11196",
  		"thumbnail_link": "https://i.ytimg.com/vi/yzGmnjDFuZE/default.jpg",
  		"group": "1"
  	}
  ],
  "links": [
    {"source": "YouTube", "target": "Marvel Entertainment", "value": 1},
    {"source": "YouTube", "target": "danisnotinteresting", "value": 2},
    {"source": "YouTube", "target": "marshmello", "value": 3},
    {"source": "YouTube", "target": "Nathan C", "value": 4},
    {"source": "YouTube", "target": "MLG Highlights", "value": 5},
    {"source": "YouTube", "target": "Paramount Pictures", "value": 6},
    {"source": "YouTube", "target": "CollegeHumor", "value": 7},
    {"source": "YouTube", "target": "ZeRo", "value": 8},
    {"source": "YouTube", "target": "BostonDynamics", "value": 9},
    {"source": "YouTube", "target": "Top Gear", "value": 10},
    {"source": "YouTube", "target": "The King of Random", "value": 11},
    {"source": "Marvel Entertainment", "target": "Browntable", "value": 1},
    {"source": "Marvel Entertainment", "target": "Netflix", "value": 1},
    {"source": "Marvel Entertainment", "target": "Sony Pictures Entertainment", "value": 1},
    {"source": "Marvel Entertainment", "target": "Munchies", "value": 1},
    {"source": "Marvel Entertainment", "target": "DONG", "value": 1},
    {"source": "Marvel Entertainment", "target": "E! Live from the Red Carpet", "value": 1},
    {"source": "Marvel Entertainment", "target": "TV Guide", "value": 1},
    {"source": "Marvel Entertainment", "target": "Warner Bros. Pictures", "value": 1},
    {"source": "Marvel Entertainment", "target": "TheEllenShow", "value": 1},
    {"source": "Marvel Entertainment", "target": "We The Unicorns", "value": 1},
    {"source": "Marvel Entertainment", "target": "Watch What Happens Live with Andy Cohen", "value": 1},
    {"source": "Marvel Entertainment", "target": "Star Wars", "value": 1},
    {"source": "Marvel Entertainment", "target": "Tyrone Magnus", "value": 1},
    {"source": "Marvel Entertainment", "target": "Logan Paul Vlogs", "value": 1},
    {"source": "Marvel Entertainment", "target": "Wendy Williams", "value": 1},
    {"source": "Marvel Entertainment", "target": "samfryltd", "value": 1},
    {"source": "Marvel Entertainment", "target": "INSIDER", "value": 1},
    {"source": "Marvel Entertainment", "target": "MrBeast", "value": 1},
    {"source": "Browntable", "target": "Netflix", "value": 1},
    {"source": "Browntable", "target": "Sony Pictures Entertainment", "value": 1},
    {"source": "Browntable", "target": "Munchies", "value": 1},
    {"source": "Browntable", "target": "DONG", "value": 1},
    {"source": "Browntable", "target": "E! Live from the Red Carpet", "value": 1},
    {"source": "Browntable", "target": "TV Guide", "value": 1},
    {"source": "Browntable", "target": "Warner Bros. Pictures", "value": 1},
    {"source": "Browntable", "target": "TheEllenShow", "value": 1},
    {"source": "Browntable", "target": "We The Unicorns", "value": 1},
    {"source": "Browntable", "target": "Watch What Happens Live with Andy Cohen", "value": 1},
    {"source": "Browntable", "target": "Star Wars", "value": 1},
    {"source": "Browntable", "target": "Tyrone Magnus", "value": 1},
    {"source": "Browntable", "target": "Logan Paul Vlogs", "value": 1},
    {"source": "Browntable", "target": "Wendy Williams", "value": 1},
    {"source": "Browntable", "target": "samfryltd", "value": 1},
    {"source": "Browntable", "target": "INSIDER", "value": 1},
    {"source": "Browntable", "target": "MrBeast", "value": 1},
    {"source": "Netflix", "target": "Sony Pictures Entertainment", "value": 1},
    {"source": "Netflix", "target": "Munchies", "value": 1},
    {"source": "Netflix", "target": "DONG", "value": 1},
    {"source": "Netflix", "target": "E! Live from the Red Carpet", "value": 1},
    {"source": "Netflix", "target": "TV Guide", "value": 1},
    {"source": "Netflix", "target": "Warner Bros. Pictures", "value": 1},
    {"source": "Netflix", "target": "TheEllenShow", "value": 1},
    {"source": "Netflix", "target": "We The Unicorns", "value": 1},
    {"source": "Netflix", "target": "Watch What Happens Live with Andy Cohen", "value": 1},
    {"source": "Netflix", "target": "Star Wars", "value": 1},
    {"source": "Netflix", "target": "Tyrone Magnus", "value": 1},
    {"source": "Netflix", "target": "Logan Paul Vlogs", "value": 1},
    {"source": "Netflix", "target": "Wendy Williams", "value": 1},
    {"source": "Netflix", "target": "samfryltd", "value": 1},
    {"source": "Netflix", "target": "INSIDER", "value": 1},
    {"source": "Netflix", "target": "MrBeast", "value": 1},
    {"source": "Sony Pictures Entertainment", "target": "Munchies", "value": 1},
    {"source": "Sony Pictures Entertainment", "target": "DONG", "value": 1},
    {"source": "Sony Pictures Entertainment", "target": "E! Live from the Red Carpet", "value": 1},
    {"source": "Sony Pictures Entertainment", "target": "TV Guide", "value": 1},
    {"source": "Sony Pictures Entertainment", "target": "Warner Bros. Pictures", "value": 1},
    {"source": "Sony Pictures Entertainment", "target": "TheEllenShow", "value": 1},
    {"source": "Sony Pictures Entertainment", "target": "We The Unicorns", "value": 1},
    {"source": "Sony Pictures Entertainment", "target": "Watch What Happens Live with Andy Cohen", "value": 1},
    {"source": "Sony Pictures Entertainment", "target": "Star Wars", "value": 1},
    {"source": "Sony Pictures Entertainment", "target": "Tyrone Magnus", "value": 1},
    {"source": "Sony Pictures Entertainment", "target": "Logan Paul Vlogs", "value": 1},
    {"source": "Sony Pictures Entertainment", "target": "Wendy Williams", "value": 1},
    {"source": "Sony Pictures Entertainment", "target": "samfryltd", "value": 1},
    {"source": "Sony Pictures Entertainment", "target": "INSIDER", "value": 1},
    {"source": "Sony Pictures Entertainment", "target": "MrBeast", "value": 1},
    {"source": "Munchies", "target": "DONG", "value": 1},
    {"source": "Munchies", "target": "E! Live from the Red Carpet", "value": 1},
    {"source": "Munchies", "target": "TV Guide", "value": 1},
    {"source": "Munchies", "target": "Warner Bros. Pictures", "value": 1},
    {"source": "Munchies", "target": "TheEllenShow", "value": 1},
    {"source": "Munchies", "target": "We The Unicorns", "value": 1},
    {"source": "Munchies", "target": "Watch What Happens Live with Andy Cohen", "value": 1},
    {"source": "Munchies", "target": "Star Wars", "value": 1},
    {"source": "Munchies", "target": "Tyrone Magnus", "value": 1},
    {"source": "Munchies", "target": "Logan Paul Vlogs", "value": 1},
    {"source": "Munchies", "target": "Wendy Williams", "value": 1},
    {"source": "Munchies", "target": "samfryltd", "value": 1},
    {"source": "Munchies", "target": "INSIDER", "value": 1},
    {"source": "Munchies", "target": "MrBeast", "value": 1},
    {"source": "DONG", "target": "E! Live from the Red Carpet", "value": 1},
    {"source": "DONG", "target": "TV Guide", "value": 1},
    {"source": "DONG", "target": "Warner Bros. Pictures", "value": 1},
    {"source": "DONG", "target": "TheEllenShow", "value": 1},
    {"source": "DONG", "target": "We The Unicorns", "value": 1},
    {"source": "DONG", "target": "Watch What Happens Live with Andy Cohen", "value": 1},
    {"source": "DONG", "target": "Star Wars", "value": 1},
    {"source": "DONG", "target": "Tyrone Magnus", "value": 1},
    {"source": "DONG", "target": "Logan Paul Vlogs", "value": 1},
    {"source": "DONG", "target": "Wendy Williams", "value": 1},
    {"source": "DONG", "target": "samfryltd", "value": 1},
    {"source": "DONG", "target": "INSIDER", "value": 1},
    {"source": "DONG", "target": "MrBeast", "value": 1},
    {"source": "E! Live from the Red Carpet", "target": "TV Guide", "value": 1},
    {"source": "E! Live from the Red Carpet", "target": "Warner Bros. Pictures", "value": 1},
    {"source": "E! Live from the Red Carpet", "target": "TheEllenShow", "value": 1},
    {"source": "E! Live from the Red Carpet", "target": "We The Unicorns", "value": 1},
    {"source": "E! Live from the Red Carpet", "target": "Watch What Happens Live with Andy Cohen", "value": 1},
    {"source": "E! Live from the Red Carpet", "target": "Star Wars", "value": 1},
    {"source": "E! Live from the Red Carpet", "target": "Tyrone Magnus", "value": 1},
    {"source": "E! Live from the Red Carpet", "target": "Logan Paul Vlogs", "value": 1},
    {"source": "E! Live from the Red Carpet", "target": "Wendy Williams", "value": 1},
    {"source": "E! Live from the Red Carpet", "target": "samfryltd", "value": 1},
    {"source": "E! Live from the Red Carpet", "target": "INSIDER", "value": 1},
    {"source": "E! Live from the Red Carpet", "target": "MrBeast", "value": 1},
    {"source": "TV Guide", "target": "Warner Bros. Pictures", "value": 1},
    {"source": "TV Guide", "target": "TheEllenShow", "value": 1},
    {"source": "TV Guide", "target": "We The Unicorns", "value": 1},
    {"source": "TV Guide", "target": "Watch What Happens Live with Andy Cohen", "value": 1},
    {"source": "TV Guide", "target": "Star Wars", "value": 1},
    {"source": "TV Guide", "target": "Tyrone Magnus", "value": 1},
    {"source": "TV Guide", "target": "Logan Paul Vlogs", "value": 1},
    {"source": "TV Guide", "target": "Wendy Williams", "value": 1},
    {"source": "TV Guide", "target": "samfryltd", "value": 1},
    {"source": "TV Guide", "target": "INSIDER", "value": 1},
    {"source": "TV Guide", "target": "MrBeast", "value": 1},
    {"source": "Warner Bros. Pictures", "target": "TheEllenShow", "value": 1},
    {"source": "Warner Bros. Pictures", "target": "We The Unicorns", "value": 1},
    {"source": "Warner Bros. Pictures", "target": "Watch What Happens Live with Andy Cohen", "value": 1},
    {"source": "Warner Bros. Pictures", "target": "Star Wars", "value": 1},
    {"source": "Warner Bros. Pictures", "target": "Tyrone Magnus", "value": 1},
    {"source": "Warner Bros. Pictures", "target": "Logan Paul Vlogs", "value": 1},
    {"source": "Warner Bros. Pictures", "target": "Wendy Williams", "value": 1},
    {"source": "Warner Bros. Pictures", "target": "samfryltd", "value": 1},
    {"source": "Warner Bros. Pictures", "target": "INSIDER", "value": 1},
    {"source": "Warner Bros. Pictures", "target": "MrBeast", "value": 1},
    {"source": "TheEllenShow", "target": "We The Unicorns", "value": 1},
    {"source": "TheEllenShow", "target": "Watch What Happens Live with Andy Cohen", "value": 1},
    {"source": "TheEllenShow", "target": "Star Wars", "value": 1},
    {"source": "TheEllenShow", "target": "Tyrone Magnus", "value": 1},
    {"source": "TheEllenShow", "target": "Logan Paul Vlogs", "value": 1},
    {"source": "TheEllenShow", "target": "Wendy Williams", "value": 1},
    {"source": "TheEllenShow", "target": "samfryltd", "value": 1},
    {"source": "TheEllenShow", "target": "INSIDER", "value": 1},
    {"source": "TheEllenShow", "target": "MrBeast", "value": 1},
    {"source": "We The Unicorns", "target": "Watch What Happens Live with Andy Cohen", "value": 1},
    {"source": "We The Unicorns", "target": "Star Wars", "value": 1},
    {"source": "We The Unicorns", "target": "Tyrone Magnus", "value": 1},
    {"source": "We The Unicorns", "target": "Logan Paul Vlogs", "value": 1},
    {"source": "We The Unicorns", "target": "Wendy Williams", "value": 1},
    {"source": "We The Unicorns", "target": "samfryltd", "value": 1},
    {"source": "We The Unicorns", "target": "INSIDER", "value": 1},
    {"source": "We The Unicorns", "target": "MrBeast", "value": 1},
    {"source": "Watch What Happens Live with Andy Cohen", "target": "Star Wars", "value": 1},
    {"source": "Watch What Happens Live with Andy Cohen", "target": "Tyrone Magnus", "value": 1},
    {"source": "Watch What Happens Live with Andy Cohen", "target": "Logan Paul Vlogs", "value": 1},
    {"source": "Watch What Happens Live with Andy Cohen", "target": "Wendy Williams", "value": 1},
    {"source": "Watch What Happens Live with Andy Cohen", "target": "samfryltd", "value": 1},
    {"source": "Watch What Happens Live with Andy Cohen", "target": "INSIDER", "value": 1},
    {"source": "Watch What Happens Live with Andy Cohen", "target": "MrBeast", "value": 1},
    {"source": "Star Wars", "target": "Tyrone Magnus", "value": 1},
    {"source": "Star Wars", "target": "Logan Paul Vlogs", "value": 1},
    {"source": "Star Wars", "target": "Wendy Williams", "value": 1},
    {"source": "Star Wars", "target": "samfryltd", "value": 1},
    {"source": "Star Wars", "target": "INSIDER", "value": 1},
    {"source": "Star Wars", "target": "MrBeast", "value": 1},
    {"source": "Tyrone Magnus", "target": "Logan Paul Vlogs", "value": 1},
    {"source": "Tyrone Magnus", "target": "Wendy Williams", "value": 1},
    {"source": "Tyrone Magnus", "target": "samfryltd", "value": 1},
    {"source": "Tyrone Magnus", "target": "INSIDER", "value": 1},
    {"source": "Tyrone Magnus", "target": "MrBeast", "value": 1},
    {"source": "Logan Paul Vlogs", "target": "Wendy Williams", "value": 1},
    {"source": "Logan Paul Vlogs", "target": "samfryltd", "value": 1},
    {"source": "Logan Paul Vlogs", "target": "INSIDER", "value": 1},
    {"source": "Logan Paul Vlogs", "target": "MrBeast", "value": 1},
    {"source": "Wendy Williams", "target": "samfryltd", "value": 1},
    {"source": "Wendy Williams", "target": "INSIDER", "value": 1},
    {"source": "Wendy Williams", "target": "MrBeast", "value": 1},
    {"source": "samfryltd", "target": "INSIDER", "value": 1},
    {"source": "samfryltd", "target": "MrBeast", "value": 1},
    {"source": "INSIDER", "target": "MrBeast", "value": 1},
    {"source": "I20N3Y", "target": "VMU Dream", "value": 2},
    {"source": "I20N3Y", "target": "Alex Becker's Channel", "value": 2},
    {"source": "I20N3Y", "target": "danisnotinteresting", "value": 2},
    {"source": "I20N3Y", "target": "Joe Rogan Fan Page", "value": 2},
    {"source": "I20N3Y", "target": "Kevin Smith", "value": 2},
    {"source": "I20N3Y", "target": "bill wurtz", "value": 2},
    {"source": "I20N3Y", "target": "Grace Helbig", "value": 2},
    {"source": "I20N3Y", "target": "The Late Show with Stephen Colbert", "value": 2},
    {"source": "I20N3Y", "target": "LadBaby Official", "value": 2},
    {"source": "VMU Dream", "target": "Alex Becker's Channel", "value": 2},
    {"source": "VMU Dream", "target": "danisnotinteresting", "value": 2},
    {"source": "VMU Dream", "target": "Joe Rogan Fan Page", "value": 2},
    {"source": "VMU Dream", "target": "Kevin Smith", "value": 2},
    {"source": "VMU Dream", "target": "bill wurtz", "value": 2},
    {"source": "VMU Dream", "target": "Grace Helbig", "value": 2},
    {"source": "VMU Dream", "target": "The Late Show with Stephen Colbert", "value": 2},
    {"source": "VMU Dream", "target": "LadBaby Official", "value": 2},
    {"source": "Alex Becker's Channel", "target": "danisnotinteresting", "value": 2},
    {"source": "Alex Becker's Channel", "target": "Joe Rogan Fan Page", "value": 2},
    {"source": "Alex Becker's Channel", "target": "Kevin Smith", "value": 2},
    {"source": "Alex Becker's Channel", "target": "bill wurtz", "value": 2},
    {"source": "Alex Becker's Channel", "target": "Grace Helbig", "value": 2},
    {"source": "Alex Becker's Channel", "target": "The Late Show with Stephen Colbert", "value": 2},
    {"source": "Alex Becker's Channel", "target": "LadBaby Official", "value": 2},
    {"source": "danisnotinteresting", "target": "Joe Rogan Fan Page", "value": 2},
    {"source": "danisnotinteresting", "target": "Kevin Smith", "value": 2},
    {"source": "danisnotinteresting", "target": "bill wurtz", "value": 2},
    {"source": "danisnotinteresting", "target": "Grace Helbig", "value": 2},
    {"source": "danisnotinteresting", "target": "The Late Show with Stephen Colbert", "value": 2},
    {"source": "danisnotinteresting", "target": "LadBaby Official", "value": 2},
    {"source": "Joe Rogan Fan Page", "target": "Kevin Smith", "value": 2},
    {"source": "Joe Rogan Fan Page", "target": "bill wurtz", "value": 2},
    {"source": "Joe Rogan Fan Page", "target": "Grace Helbig", "value": 2},
    {"source": "Joe Rogan Fan Page", "target": "The Late Show with Stephen Colbert", "value": 2},
    {"source": "Joe Rogan Fan Page", "target": "LadBaby Official", "value": 2},
    {"source": "Kevin Smith", "target": "bill wurtz", "value": 2},
    {"source": "Kevin Smith", "target": "Grace Helbig", "value": 2},
    {"source": "Kevin Smith", "target": "The Late Show with Stephen Colbert", "value": 2},
    {"source": "Kevin Smith", "target": "LadBaby Official", "value": 2},
    {"source": "bill wurtz", "target": "Grace Helbig", "value": 2},
    {"source": "bill wurtz", "target": "The Late Show with Stephen Colbert", "value": 2},
    {"source": "bill wurtz", "target": "LadBaby Official", "value": 2},
    {"source": "Grace Helbig", "target": "The Late Show with Stephen Colbert", "value": 2},
    {"source": "Grace Helbig", "target": "LadBaby Official", "value": 2},
    {"source": "The Late Show with Stephen Colbert", "target": "LadBaby Official", "value": 2},
    {"source": "marshmello", "target": "KhalidVEVO", "value": 3},
    {"source": "marshmello", "target": "PTXofficial", "value": 3},
    {"source": "marshmello", "target": "David Guetta", "value": 3},
    {"source": "marshmello", "target": "yogottiVEVO", "value": 3},
    {"source": "marshmello", "target": "LadyGagaVEVO", "value": 3},
    {"source": "marshmello", "target": "IndieAnnieJones", "value": 3},
    {"source": "marshmello", "target": "EminemVEVO", "value": 3},
    {"source": "marshmello", "target": "Dua Lipa", "value": 3},
    {"source": "marshmello", "target": "Macklemore LLC", "value": 3},
    {"source": "marshmello", "target": "COM3T", "value": 3},
    {"source": "marshmello", "target": "The Weeknd", "value": 3},
    {"source": "marshmello", "target": "Atlantic Records", "value": 3},
    {"source": "marshmello", "target": "Sabrina Claudio", "value": 3},
    {"source": "marshmello", "target": "MGMTVEVO", "value": 3},
    {"source": "marshmello", "target": "Diplo", "value": 3},
    {"source": "marshmello", "target": "slaymeclarkson c:", "value": 3},
    {"source": "marshmello", "target": "TroubleVEVO", "value": 3},
    {"source": "marshmello", "target": "Ozuna", "value": 3},
    {"source": "marshmello", "target": "Kodak Black", "value": 3},
    {"source": "marshmello", "target": "AzealiaBanksVEVO", "value": 3},
    {"source": "marshmello", "target": "Equal Vision Records", "value": 3},
    {"source": "marshmello", "target": "Pledis Artist", "value": 3},
    {"source": "marshmello", "target": "Lauv", "value": 3},
    {"source": "marshmello", "target": "NoelGallagherVEVO", "value": 3},
    {"source": "marshmello", "target": "SB-LII Commercials", "value": 3},
    {"source": "marshmello", "target": "CalvinHarrisVEVO", "value": 3},
    {"source": "marshmello", "target": "5SOSVEVO", "value": 3},
    {"source": "marshmello", "target": "FallOutBoyVEVO", "value": 3},
    {"source": "marshmello", "target": "RichTheKidVEVO", "value": 3},
    {"source": "marshmello", "target": "Meek Mill", "value": 3},
    {"source": "marshmello", "target": "Flo Rida", "value": 3},
    {"source": "PTXofficial", "target": "KhalidVEVO", "value": 3},
    {"source": "PTXofficial", "target": "David Guetta", "value": 3},
    {"source": "PTXofficial", "target": "yogottiVEVO", "value": 3},
    {"source": "PTXofficial", "target": "LadyGagaVEVO", "value": 3},
    {"source": "PTXofficial", "target": "IndieAnnieJones", "value": 3},
    {"source": "PTXofficial", "target": "EminemVEVO", "value": 3},
    {"source": "PTXofficial", "target": "Dua Lipa", "value": 3},
    {"source": "PTXofficial", "target": "Macklemore LLC", "value": 3},
    {"source": "PTXofficial", "target": "COM3T", "value": 3},
    {"source": "PTXofficial", "target": "The Weeknd", "value": 3},
    {"source": "PTXofficial", "target": "Atlantic Records", "value": 3},
    {"source": "PTXofficial", "target": "Sabrina Claudio", "value": 3},
    {"source": "PTXofficial", "target": "MGMTVEVO", "value": 3},
    {"source": "PTXofficial", "target": "Diplo", "value": 3},
    {"source": "PTXofficial", "target": "slaymeclarkson c:", "value": 3},
    {"source": "PTXofficial", "target": "TroubleVEVO", "value": 3},
    {"source": "PTXofficial", "target": "Ozuna", "value": 3},
    {"source": "PTXofficial", "target": "Kodak Black", "value": 3},
    {"source": "PTXofficial", "target": "AzealiaBanksVEVO", "value": 3},
    {"source": "PTXofficial", "target": "Equal Vision Records", "value": 3},
    {"source": "PTXofficial", "target": "Pledis Artist", "value": 3},
    {"source": "PTXofficial", "target": "Lauv", "value": 3},
    {"source": "PTXofficial", "target": "NoelGallagherVEVO", "value": 3},
    {"source": "PTXofficial", "target": "SB-LII Commercials", "value": 3},
    {"source": "PTXofficial", "target": "CalvinHarrisVEVO", "value": 3},
    {"source": "PTXofficial", "target": "5SOSVEVO", "value": 3},
    {"source": "PTXofficial", "target": "FallOutBoyVEVO", "value": 3},
    {"source": "PTXofficial", "target": "RichTheKidVEVO", "value": 3},
    {"source": "PTXofficial", "target": "Meek Mill", "value": 3},
    {"source": "PTXofficial", "target": "Flo Rida", "value": 3},
    {"source": "KhalidVEVO", "target": "David Guetta", "value": 3},
    {"source": "KhalidVEVO", "target": "yogottiVEVO", "value": 3},
    {"source": "KhalidVEVO", "target": "LadyGagaVEVO", "value": 3},
    {"source": "KhalidVEVO", "target": "IndieAnnieJones", "value": 3},
    {"source": "KhalidVEVO", "target": "EminemVEVO", "value": 3},
    {"source": "KhalidVEVO", "target": "Dua Lipa", "value": 3},
    {"source": "KhalidVEVO", "target": "Macklemore LLC", "value": 3},
    {"source": "KhalidVEVO", "target": "COM3T", "value": 3},
    {"source": "KhalidVEVO", "target": "The Weeknd", "value": 3},
    {"source": "KhalidVEVO", "target": "Atlantic Records", "value": 3},
    {"source": "KhalidVEVO", "target": "Sabrina Claudio", "value": 3},
    {"source": "KhalidVEVO", "target": "MGMTVEVO", "value": 3},
    {"source": "KhalidVEVO", "target": "Diplo", "value": 3},
    {"source": "KhalidVEVO", "target": "slaymeclarkson c:", "value": 3},
    {"source": "KhalidVEVO", "target": "TroubleVEVO", "value": 3},
    {"source": "KhalidVEVO", "target": "Ozuna", "value": 3},
    {"source": "KhalidVEVO", "target": "Kodak Black", "value": 3},
    {"source": "KhalidVEVO", "target": "AzealiaBanksVEVO", "value": 3},
    {"source": "KhalidVEVO", "target": "Equal Vision Records", "value": 3},
    {"source": "KhalidVEVO", "target": "Pledis Artist", "value": 3},
    {"source": "KhalidVEVO", "target": "Lauv", "value": 3},
    {"source": "KhalidVEVO", "target": "NoelGallagherVEVO", "value": 3},
    {"source": "KhalidVEVO", "target": "SB-LII Commercials", "value": 3},
    {"source": "KhalidVEVO", "target": "CalvinHarrisVEVO", "value": 3},
    {"source": "KhalidVEVO", "target": "5SOSVEVO", "value": 3},
    {"source": "KhalidVEVO", "target": "FallOutBoyVEVO", "value": 3},
    {"source": "KhalidVEVO", "target": "RichTheKidVEVO", "value": 3},
    {"source": "KhalidVEVO", "target": "Meek Mill", "value": 3},
    {"source": "KhalidVEVO", "target": "Flo Rida", "value": 3},
    {"source": "David Guetta", "target": "yogottiVEVO", "value": 3},
    {"source": "David Guetta", "target": "LadyGagaVEVO", "value": 3},
    {"source": "David Guetta", "target": "IndieAnnieJones", "value": 3},
    {"source": "David Guetta", "target": "EminemVEVO", "value": 3},
    {"source": "David Guetta", "target": "Dua Lipa", "value": 3},
    {"source": "David Guetta", "target": "Macklemore LLC", "value": 3},
    {"source": "David Guetta", "target": "COM3T", "value": 3},
    {"source": "David Guetta", "target": "The Weeknd", "value": 3},
    {"source": "David Guetta", "target": "Atlantic Records", "value": 3},
    {"source": "David Guetta", "target": "Sabrina Claudio", "value": 3},
    {"source": "David Guetta", "target": "MGMTVEVO", "value": 3},
    {"source": "David Guetta", "target": "Diplo", "value": 3},
    {"source": "David Guetta", "target": "slaymeclarkson c:", "value": 3},
    {"source": "David Guetta", "target": "TroubleVEVO", "value": 3},
    {"source": "David Guetta", "target": "Ozuna", "value": 3},
    {"source": "David Guetta", "target": "Kodak Black", "value": 3},
    {"source": "David Guetta", "target": "AzealiaBanksVEVO", "value": 3},
    {"source": "David Guetta", "target": "Equal Vision Records", "value": 3},
    {"source": "David Guetta", "target": "Pledis Artist", "value": 3},
    {"source": "David Guetta", "target": "Lauv", "value": 3},
    {"source": "David Guetta", "target": "NoelGallagherVEVO", "value": 3},
    {"source": "David Guetta", "target": "SB-LII Commercials", "value": 3},
    {"source": "David Guetta", "target": "CalvinHarrisVEVO", "value": 3},
    {"source": "David Guetta", "target": "5SOSVEVO", "value": 3},
    {"source": "David Guetta", "target": "FallOutBoyVEVO", "value": 3},
    {"source": "David Guetta", "target": "RichTheKidVEVO", "value": 3},
    {"source": "David Guetta", "target": "Meek Mill", "value": 3},
    {"source": "David Guetta", "target": "Flo Rida", "value": 3},
    {"source": "yogottiVEVO", "target": "LadyGagaVEVO", "value": 3},
    {"source": "yogottiVEVO", "target": "IndieAnnieJones", "value": 3},
    {"source": "yogottiVEVO", "target": "EminemVEVO", "value": 3},
    {"source": "yogottiVEVO", "target": "Dua Lipa", "value": 3},
    {"source": "yogottiVEVO", "target": "Macklemore LLC", "value": 3},
    {"source": "yogottiVEVO", "target": "COM3T", "value": 3},
    {"source": "yogottiVEVO", "target": "The Weeknd", "value": 3},
    {"source": "yogottiVEVO", "target": "Atlantic Records", "value": 3},
    {"source": "yogottiVEVO", "target": "Sabrina Claudio", "value": 3},
    {"source": "yogottiVEVO", "target": "MGMTVEVO", "value": 3},
    {"source": "yogottiVEVO", "target": "Diplo", "value": 3},
    {"source": "yogottiVEVO", "target": "slaymeclarkson c:", "value": 3},
    {"source": "yogottiVEVO", "target": "TroubleVEVO", "value": 3},
    {"source": "yogottiVEVO", "target": "Ozuna", "value": 3},
    {"source": "yogottiVEVO", "target": "Kodak Black", "value": 3},
    {"source": "yogottiVEVO", "target": "AzealiaBanksVEVO", "value": 3},
    {"source": "yogottiVEVO", "target": "Equal Vision Records", "value": 3},
    {"source": "yogottiVEVO", "target": "Pledis Artist", "value": 3},
    {"source": "yogottiVEVO", "target": "Lauv", "value": 3},
    {"source": "yogottiVEVO", "target": "NoelGallagherVEVO", "value": 3},
    {"source": "yogottiVEVO", "target": "SB-LII Commercials", "value": 3},
    {"source": "yogottiVEVO", "target": "CalvinHarrisVEVO", "value": 3},
    {"source": "yogottiVEVO", "target": "5SOSVEVO", "value": 3},
    {"source": "yogottiVEVO", "target": "FallOutBoyVEVO", "value": 3},
    {"source": "yogottiVEVO", "target": "RichTheKidVEVO", "value": 3},
    {"source": "yogottiVEVO", "target": "Meek Mill", "value": 3},
    {"source": "yogottiVEVO", "target": "Flo Rida", "value": 3},
    {"source": "LadyGagaVEVO", "target": "IndieAnnieJones", "value": 3},
    {"source": "LadyGagaVEVO", "target": "EminemVEVO", "value": 3},
    {"source": "LadyGagaVEVO", "target": "Dua Lipa", "value": 3},
    {"source": "LadyGagaVEVO", "target": "Macklemore LLC", "value": 3},
    {"source": "LadyGagaVEVO", "target": "COM3T", "value": 3},
    {"source": "LadyGagaVEVO", "target": "The Weeknd", "value": 3},
    {"source": "LadyGagaVEVO", "target": "Atlantic Records", "value": 3},
    {"source": "LadyGagaVEVO", "target": "Sabrina Claudio", "value": 3},
    {"source": "LadyGagaVEVO", "target": "MGMTVEVO", "value": 3},
    {"source": "LadyGagaVEVO", "target": "Diplo", "value": 3},
    {"source": "LadyGagaVEVO", "target": "slaymeclarkson c:", "value": 3},
    {"source": "LadyGagaVEVO", "target": "TroubleVEVO", "value": 3},
    {"source": "LadyGagaVEVO", "target": "Ozuna", "value": 3},
    {"source": "LadyGagaVEVO", "target": "Kodak Black", "value": 3},
    {"source": "LadyGagaVEVO", "target": "AzealiaBanksVEVO", "value": 3},
    {"source": "LadyGagaVEVO", "target": "Equal Vision Records", "value": 3},
    {"source": "LadyGagaVEVO", "target": "Pledis Artist", "value": 3},
    {"source": "LadyGagaVEVO", "target": "Lauv", "value": 3},
    {"source": "LadyGagaVEVO", "target": "NoelGallagherVEVO", "value": 3},
    {"source": "LadyGagaVEVO", "target": "SB-LII Commercials", "value": 3},
    {"source": "LadyGagaVEVO", "target": "CalvinHarrisVEVO", "value": 3},
    {"source": "LadyGagaVEVO", "target": "5SOSVEVO", "value": 3},
    {"source": "LadyGagaVEVO", "target": "FallOutBoyVEVO", "value": 3},
    {"source": "LadyGagaVEVO", "target": "RichTheKidVEVO", "value": 3},
    {"source": "LadyGagaVEVO", "target": "Meek Mill", "value": 3},
    {"source": "LadyGagaVEVO", "target": "Flo Rida", "value": 3},
    {"source": "IndieAnnieJones", "target": "EminemVEVO", "value": 3},
    {"source": "IndieAnnieJones", "target": "Dua Lipa", "value": 3},
    {"source": "IndieAnnieJones", "target": "Macklemore LLC", "value": 3},
    {"source": "IndieAnnieJones", "target": "COM3T", "value": 3},
    {"source": "IndieAnnieJones", "target": "The Weeknd", "value": 3},
    {"source": "IndieAnnieJones", "target": "Atlantic Records", "value": 3},
    {"source": "IndieAnnieJones", "target": "Sabrina Claudio", "value": 3},
    {"source": "IndieAnnieJones", "target": "MGMTVEVO", "value": 3},
    {"source": "IndieAnnieJones", "target": "Diplo", "value": 3},
    {"source": "IndieAnnieJones", "target": "slaymeclarkson c:", "value": 3},
    {"source": "IndieAnnieJones", "target": "TroubleVEVO", "value": 3},
    {"source": "IndieAnnieJones", "target": "Ozuna", "value": 3},
    {"source": "IndieAnnieJones", "target": "Kodak Black", "value": 3},
    {"source": "IndieAnnieJones", "target": "AzealiaBanksVEVO", "value": 3},
    {"source": "IndieAnnieJones", "target": "Equal Vision Records", "value": 3},
    {"source": "IndieAnnieJones", "target": "Pledis Artist", "value": 3},
    {"source": "IndieAnnieJones", "target": "Lauv", "value": 3},
    {"source": "IndieAnnieJones", "target": "NoelGallagherVEVO", "value": 3},
    {"source": "IndieAnnieJones", "target": "SB-LII Commercials", "value": 3},
    {"source": "IndieAnnieJones", "target": "CalvinHarrisVEVO", "value": 3},
    {"source": "IndieAnnieJones", "target": "5SOSVEVO", "value": 3},
    {"source": "IndieAnnieJones", "target": "FallOutBoyVEVO", "value": 3},
    {"source": "IndieAnnieJones", "target": "RichTheKidVEVO", "value": 3},
    {"source": "IndieAnnieJones", "target": "Meek Mill", "value": 3},
    {"source": "IndieAnnieJones", "target": "Flo Rida", "value": 3},
    {"source": "EminemVEVO", "target": "Dua Lipa", "value": 3},
    {"source": "EminemVEVO", "target": "Macklemore LLC", "value": 3},
    {"source": "EminemVEVO", "target": "COM3T", "value": 3},
    {"source": "EminemVEVO", "target": "The Weeknd", "value": 3},
    {"source": "EminemVEVO", "target": "Atlantic Records", "value": 3},
    {"source": "EminemVEVO", "target": "Sabrina Claudio", "value": 3},
    {"source": "EminemVEVO", "target": "MGMTVEVO", "value": 3},
    {"source": "EminemVEVO", "target": "Diplo", "value": 3},
    {"source": "EminemVEVO", "target": "slaymeclarkson c:", "value": 3},
    {"source": "EminemVEVO", "target": "TroubleVEVO", "value": 3},
    {"source": "EminemVEVO", "target": "Ozuna", "value": 3},
    {"source": "EminemVEVO", "target": "Kodak Black", "value": 3},
    {"source": "EminemVEVO", "target": "AzealiaBanksVEVO", "value": 3},
    {"source": "EminemVEVO", "target": "Equal Vision Records", "value": 3},
    {"source": "EminemVEVO", "target": "Pledis Artist", "value": 3},
    {"source": "EminemVEVO", "target": "Lauv", "value": 3},
    {"source": "EminemVEVO", "target": "NoelGallagherVEVO", "value": 3},
    {"source": "EminemVEVO", "target": "SB-LII Commercials", "value": 3},
    {"source": "EminemVEVO", "target": "CalvinHarrisVEVO", "value": 3},
    {"source": "EminemVEVO", "target": "5SOSVEVO", "value": 3},
    {"source": "EminemVEVO", "target": "FallOutBoyVEVO", "value": 3},
    {"source": "EminemVEVO", "target": "RichTheKidVEVO", "value": 3},
    {"source": "EminemVEVO", "target": "Meek Mill", "value": 3},
    {"source": "EminemVEVO", "target": "Flo Rida", "value": 3},
    {"source": "Dua Lipa", "target": "Macklemore LLC", "value": 3},
    {"source": "Dua Lipa", "target": "COM3T", "value": 3},
    {"source": "Dua Lipa", "target": "The Weeknd", "value": 3},
    {"source": "Dua Lipa", "target": "Atlantic Records", "value": 3},
    {"source": "Dua Lipa", "target": "Sabrina Claudio", "value": 3},
    {"source": "Dua Lipa", "target": "MGMTVEVO", "value": 3},
    {"source": "Dua Lipa", "target": "Diplo", "value": 3},
    {"source": "Dua Lipa", "target": "slaymeclarkson c:", "value": 3},
    {"source": "Dua Lipa", "target": "TroubleVEVO", "value": 3},
    {"source": "Dua Lipa", "target": "Ozuna", "value": 3},
    {"source": "Dua Lipa", "target": "Kodak Black", "value": 3},
    {"source": "Dua Lipa", "target": "AzealiaBanksVEVO", "value": 3},
    {"source": "Dua Lipa", "target": "Equal Vision Records", "value": 3},
    {"source": "Dua Lipa", "target": "Pledis Artist", "value": 3},
    {"source": "Dua Lipa", "target": "Lauv", "value": 3},
    {"source": "Dua Lipa", "target": "NoelGallagherVEVO", "value": 3},
    {"source": "Dua Lipa", "target": "SB-LII Commercials", "value": 3},
    {"source": "Dua Lipa", "target": "CalvinHarrisVEVO", "value": 3},
    {"source": "Dua Lipa", "target": "5SOSVEVO", "value": 3},
    {"source": "Dua Lipa", "target": "FallOutBoyVEVO", "value": 3},
    {"source": "Dua Lipa", "target": "RichTheKidVEVO", "value": 3},
    {"source": "Dua Lipa", "target": "Meek Mill", "value": 3},
    {"source": "Dua Lipa", "target": "Flo Rida", "value": 3},
    {"source": "Macklemore LLC", "target": "COM3T", "value": 3},
    {"source": "Macklemore LLC", "target": "The Weeknd", "value": 3},
    {"source": "Macklemore LLC", "target": "Atlantic Records", "value": 3},
    {"source": "Macklemore LLC", "target": "Sabrina Claudio", "value": 3},
    {"source": "Macklemore LLC", "target": "MGMTVEVO", "value": 3},
    {"source": "Macklemore LLC", "target": "Diplo", "value": 3},
    {"source": "Macklemore LLC", "target": "slaymeclarkson c:", "value": 3},
    {"source": "Macklemore LLC", "target": "TroubleVEVO", "value": 3},
    {"source": "Macklemore LLC", "target": "Ozuna", "value": 3},
    {"source": "Macklemore LLC", "target": "Kodak Black", "value": 3},
    {"source": "Macklemore LLC", "target": "AzealiaBanksVEVO", "value": 3},
    {"source": "Macklemore LLC", "target": "Equal Vision Records", "value": 3},
    {"source": "Macklemore LLC", "target": "Pledis Artist", "value": 3},
    {"source": "Macklemore LLC", "target": "Lauv", "value": 3},
    {"source": "Macklemore LLC", "target": "NoelGallagherVEVO", "value": 3},
    {"source": "Macklemore LLC", "target": "SB-LII Commercials", "value": 3},
    {"source": "Macklemore LLC", "target": "CalvinHarrisVEVO", "value": 3},
    {"source": "Macklemore LLC", "target": "5SOSVEVO", "value": 3},
    {"source": "Macklemore LLC", "target": "FallOutBoyVEVO", "value": 3},
    {"source": "Macklemore LLC", "target": "RichTheKidVEVO", "value": 3},
    {"source": "Macklemore LLC", "target": "Meek Mill", "value": 3},
    {"source": "Macklemore LLC", "target": "Flo Rida", "value": 3},
    {"source": "COM3T", "target": "The Weeknd", "value": 3},
    {"source": "COM3T", "target": "Atlantic Records", "value": 3},
    {"source": "COM3T", "target": "Sabrina Claudio", "value": 3},
    {"source": "COM3T", "target": "MGMTVEVO", "value": 3},
    {"source": "COM3T", "target": "Diplo", "value": 3},
    {"source": "COM3T", "target": "slaymeclarkson c:", "value": 3},
    {"source": "COM3T", "target": "TroubleVEVO", "value": 3},
    {"source": "COM3T", "target": "Ozuna", "value": 3},
    {"source": "COM3T", "target": "Kodak Black", "value": 3},
    {"source": "COM3T", "target": "AzealiaBanksVEVO", "value": 3},
    {"source": "COM3T", "target": "Equal Vision Records", "value": 3},
    {"source": "COM3T", "target": "Pledis Artist", "value": 3},
    {"source": "COM3T", "target": "Lauv", "value": 3},
    {"source": "COM3T", "target": "NoelGallagherVEVO", "value": 3},
    {"source": "COM3T", "target": "SB-LII Commercials", "value": 3},
    {"source": "COM3T", "target": "CalvinHarrisVEVO", "value": 3},
    {"source": "COM3T", "target": "5SOSVEVO", "value": 3},
    {"source": "COM3T", "target": "FallOutBoyVEVO", "value": 3},
    {"source": "COM3T", "target": "RichTheKidVEVO", "value": 3},
    {"source": "COM3T", "target": "Meek Mill", "value": 3},
    {"source": "COM3T", "target": "Flo Rida", "value": 3},
    {"source": "The Weeknd", "target": "Atlantic Records", "value": 3},
    {"source": "The Weeknd", "target": "Sabrina Claudio", "value": 3},
    {"source": "The Weeknd", "target": "MGMTVEVO", "value": 3},
    {"source": "The Weeknd", "target": "Diplo", "value": 3},
    {"source": "The Weeknd", "target": "slaymeclarkson c:", "value": 3},
    {"source": "The Weeknd", "target": "TroubleVEVO", "value": 3},
    {"source": "The Weeknd", "target": "Ozuna", "value": 3},
    {"source": "The Weeknd", "target": "Kodak Black", "value": 3},
    {"source": "The Weeknd", "target": "AzealiaBanksVEVO", "value": 3},
    {"source": "The Weeknd", "target": "Equal Vision Records", "value": 3},
    {"source": "The Weeknd", "target": "Pledis Artist", "value": 3},
    {"source": "The Weeknd", "target": "Lauv", "value": 3},
    {"source": "The Weeknd", "target": "NoelGallagherVEVO", "value": 3},
    {"source": "The Weeknd", "target": "SB-LII Commercials", "value": 3},
    {"source": "The Weeknd", "target": "CalvinHarrisVEVO", "value": 3},
    {"source": "The Weeknd", "target": "5SOSVEVO", "value": 3},
    {"source": "The Weeknd", "target": "FallOutBoyVEVO", "value": 3},
    {"source": "The Weeknd", "target": "RichTheKidVEVO", "value": 3},
    {"source": "The Weeknd", "target": "Meek Mill", "value": 3},
    {"source": "The Weeknd", "target": "Flo Rida", "value": 3},
    {"source": "Atlantic Records", "target": "Sabrina Claudio", "value": 3},
    {"source": "Atlantic Records", "target": "MGMTVEVO", "value": 3},
    {"source": "Atlantic Records", "target": "Diplo", "value": 3},
    {"source": "Atlantic Records", "target": "slaymeclarkson c:", "value": 3},
    {"source": "Atlantic Records", "target": "TroubleVEVO", "value": 3},
    {"source": "Atlantic Records", "target": "Ozuna", "value": 3},
    {"source": "Atlantic Records", "target": "Kodak Black", "value": 3},
    {"source": "Atlantic Records", "target": "AzealiaBanksVEVO", "value": 3},
    {"source": "Atlantic Records", "target": "Equal Vision Records", "value": 3},
    {"source": "Atlantic Records", "target": "Pledis Artist", "value": 3},
    {"source": "Atlantic Records", "target": "Lauv", "value": 3},
    {"source": "Atlantic Records", "target": "NoelGallagherVEVO", "value": 3},
    {"source": "Atlantic Records", "target": "SB-LII Commercials", "value": 3},
    {"source": "Atlantic Records", "target": "CalvinHarrisVEVO", "value": 3},
    {"source": "Atlantic Records", "target": "5SOSVEVO", "value": 3},
    {"source": "Atlantic Records", "target": "FallOutBoyVEVO", "value": 3},
    {"source": "Atlantic Records", "target": "RichTheKidVEVO", "value": 3},
    {"source": "Atlantic Records", "target": "Meek Mill", "value": 3},
    {"source": "Atlantic Records", "target": "Flo Rida", "value": 3},
    {"source": "Sabrina Claudio", "target": "MGMTVEVO", "value": 3},
    {"source": "Sabrina Claudio", "target": "Diplo", "value": 3},
    {"source": "Sabrina Claudio", "target": "slaymeclarkson c:", "value": 3},
    {"source": "Sabrina Claudio", "target": "TroubleVEVO", "value": 3},
    {"source": "Sabrina Claudio", "target": "Ozuna", "value": 3},
    {"source": "Sabrina Claudio", "target": "Kodak Black", "value": 3},
    {"source": "Sabrina Claudio", "target": "AzealiaBanksVEVO", "value": 3},
    {"source": "Sabrina Claudio", "target": "Equal Vision Records", "value": 3},
    {"source": "Sabrina Claudio", "target": "Pledis Artist", "value": 3},
    {"source": "Sabrina Claudio", "target": "Lauv", "value": 3},
    {"source": "Sabrina Claudio", "target": "NoelGallagherVEVO", "value": 3},
    {"source": "Sabrina Claudio", "target": "SB-LII Commercials", "value": 3},
    {"source": "Sabrina Claudio", "target": "CalvinHarrisVEVO", "value": 3},
    {"source": "Sabrina Claudio", "target": "5SOSVEVO", "value": 3},
    {"source": "Sabrina Claudio", "target": "FallOutBoyVEVO", "value": 3},
    {"source": "Sabrina Claudio", "target": "RichTheKidVEVO", "value": 3},
    {"source": "Sabrina Claudio", "target": "Meek Mill", "value": 3},
    {"source": "Sabrina Claudio", "target": "Flo Rida", "value": 3},
    {"source": "MGMTVEVO", "target": "Diplo", "value": 3},
    {"source": "MGMTVEVO", "target": "slaymeclarkson c:", "value": 3},
    {"source": "MGMTVEVO", "target": "TroubleVEVO", "value": 3},
    {"source": "MGMTVEVO", "target": "Ozuna", "value": 3},
    {"source": "MGMTVEVO", "target": "Kodak Black", "value": 3},
    {"source": "MGMTVEVO", "target": "AzealiaBanksVEVO", "value": 3},
    {"source": "MGMTVEVO", "target": "Equal Vision Records", "value": 3},
    {"source": "MGMTVEVO", "target": "Pledis Artist", "value": 3},
    {"source": "MGMTVEVO", "target": "Lauv", "value": 3},
    {"source": "MGMTVEVO", "target": "NoelGallagherVEVO", "value": 3},
    {"source": "MGMTVEVO", "target": "SB-LII Commercials", "value": 3},
    {"source": "MGMTVEVO", "target": "CalvinHarrisVEVO", "value": 3},
    {"source": "MGMTVEVO", "target": "5SOSVEVO", "value": 3},
    {"source": "MGMTVEVO", "target": "FallOutBoyVEVO", "value": 3},
    {"source": "MGMTVEVO", "target": "RichTheKidVEVO", "value": 3},
    {"source": "MGMTVEVO", "target": "Meek Mill", "value": 3},
    {"source": "MGMTVEVO", "target": "Flo Rida", "value": 3},
    {"source": "Diplo", "target": "slaymeclarkson c:", "value": 3},
    {"source": "Diplo", "target": "TroubleVEVO", "value": 3},
    {"source": "Diplo", "target": "Ozuna", "value": 3},
    {"source": "Diplo", "target": "Kodak Black", "value": 3},
    {"source": "Diplo", "target": "AzealiaBanksVEVO", "value": 3},
    {"source": "Diplo", "target": "Equal Vision Records", "value": 3},
    {"source": "Diplo", "target": "Pledis Artist", "value": 3},
    {"source": "Diplo", "target": "Lauv", "value": 3},
    {"source": "Diplo", "target": "NoelGallagherVEVO", "value": 3},
    {"source": "Diplo", "target": "SB-LII Commercials", "value": 3},
    {"source": "Diplo", "target": "CalvinHarrisVEVO", "value": 3},
    {"source": "Diplo", "target": "5SOSVEVO", "value": 3},
    {"source": "Diplo", "target": "FallOutBoyVEVO", "value": 3},
    {"source": "Diplo", "target": "RichTheKidVEVO", "value": 3},
    {"source": "Diplo", "target": "Meek Mill", "value": 3},
    {"source": "Diplo", "target": "Flo Rida", "value": 3},
    {"source": "slaymeclarkson c:", "target": "TroubleVEVO", "value": 3},
    {"source": "slaymeclarkson c:", "target": "Ozuna", "value": 3},
    {"source": "slaymeclarkson c:", "target": "Kodak Black", "value": 3},
    {"source": "slaymeclarkson c:", "target": "AzealiaBanksVEVO", "value": 3},
    {"source": "slaymeclarkson c:", "target": "Equal Vision Records", "value": 3},
    {"source": "slaymeclarkson c:", "target": "Pledis Artist", "value": 3},
    {"source": "slaymeclarkson c:", "target": "Lauv", "value": 3},
    {"source": "slaymeclarkson c:", "target": "NoelGallagherVEVO", "value": 3},
    {"source": "slaymeclarkson c:", "target": "SB-LII Commercials", "value": 3},
    {"source": "slaymeclarkson c:", "target": "CalvinHarrisVEVO", "value": 3},
    {"source": "slaymeclarkson c:", "target": "5SOSVEVO", "value": 3},
    {"source": "slaymeclarkson c:", "target": "FallOutBoyVEVO", "value": 3},
    {"source": "slaymeclarkson c:", "target": "RichTheKidVEVO", "value": 3},
    {"source": "slaymeclarkson c:", "target": "Meek Mill", "value": 3},
    {"source": "slaymeclarkson c:", "target": "Flo Rida", "value": 3},
    {"source": "TroubleVEVO", "target": "Ozuna", "value": 3},
    {"source": "TroubleVEVO", "target": "Kodak Black", "value": 3},
    {"source": "TroubleVEVO", "target": "AzealiaBanksVEVO", "value": 3},
    {"source": "TroubleVEVO", "target": "Equal Vision Records", "value": 3},
    {"source": "TroubleVEVO", "target": "Pledis Artist", "value": 3},
    {"source": "TroubleVEVO", "target": "Lauv", "value": 3},
    {"source": "TroubleVEVO", "target": "NoelGallagherVEVO", "value": 3},
    {"source": "TroubleVEVO", "target": "SB-LII Commercials", "value": 3},
    {"source": "TroubleVEVO", "target": "CalvinHarrisVEVO", "value": 3},
    {"source": "TroubleVEVO", "target": "5SOSVEVO", "value": 3},
    {"source": "TroubleVEVO", "target": "FallOutBoyVEVO", "value": 3},
    {"source": "TroubleVEVO", "target": "RichTheKidVEVO", "value": 3},
    {"source": "TroubleVEVO", "target": "Meek Mill", "value": 3},
    {"source": "TroubleVEVO", "target": "Flo Rida", "value": 3},
    {"source": "Ozuna", "target": "Kodak Black", "value": 3},
    {"source": "Ozuna", "target": "AzealiaBanksVEVO", "value": 3},
    {"source": "Ozuna", "target": "Equal Vision Records", "value": 3},
    {"source": "Ozuna", "target": "Pledis Artist", "value": 3},
    {"source": "Ozuna", "target": "Lauv", "value": 3},
    {"source": "Ozuna", "target": "NoelGallagherVEVO", "value": 3},
    {"source": "Ozuna", "target": "SB-LII Commercials", "value": 3},
    {"source": "Ozuna", "target": "CalvinHarrisVEVO", "value": 3},
    {"source": "Ozuna", "target": "5SOSVEVO", "value": 3},
    {"source": "Ozuna", "target": "FallOutBoyVEVO", "value": 3},
    {"source": "Ozuna", "target": "RichTheKidVEVO", "value": 3},
    {"source": "Ozuna", "target": "Meek Mill", "value": 3},
    {"source": "Ozuna", "target": "Flo Rida", "value": 3},
    {"source": "Kodak Black", "target": "AzealiaBanksVEVO", "value": 3},
    {"source": "Kodak Black", "target": "Equal Vision Records", "value": 3},
    {"source": "Kodak Black", "target": "Pledis Artist", "value": 3},
    {"source": "Kodak Black", "target": "Lauv", "value": 3},
    {"source": "Kodak Black", "target": "NoelGallagherVEVO", "value": 3},
    {"source": "Kodak Black", "target": "SB-LII Commercials", "value": 3},
    {"source": "Kodak Black", "target": "CalvinHarrisVEVO", "value": 3},
    {"source": "Kodak Black", "target": "5SOSVEVO", "value": 3},
    {"source": "Kodak Black", "target": "FallOutBoyVEVO", "value": 3},
    {"source": "Kodak Black", "target": "RichTheKidVEVO", "value": 3},
    {"source": "Kodak Black", "target": "Meek Mill", "value": 3},
    {"source": "Kodak Black", "target": "Flo Rida", "value": 3},
    {"source": "AzealiaBanksVEVO", "target": "Equal Vision Records", "value": 3},
    {"source": "AzealiaBanksVEVO", "target": "Pledis Artist", "value": 3},
    {"source": "AzealiaBanksVEVO", "target": "Lauv", "value": 3},
    {"source": "AzealiaBanksVEVO", "target": "NoelGallagherVEVO", "value": 3},
    {"source": "AzealiaBanksVEVO", "target": "SB-LII Commercials", "value": 3},
    {"source": "AzealiaBanksVEVO", "target": "CalvinHarrisVEVO", "value": 3},
    {"source": "AzealiaBanksVEVO", "target": "5SOSVEVO", "value": 3},
    {"source": "AzealiaBanksVEVO", "target": "FallOutBoyVEVO", "value": 3},
    {"source": "AzealiaBanksVEVO", "target": "RichTheKidVEVO", "value": 3},
    {"source": "AzealiaBanksVEVO", "target": "Meek Mill", "value": 3},
    {"source": "AzealiaBanksVEVO", "target": "Flo Rida", "value": 3},
    {"source": "Equal Vision Records", "target": "Pledis Artist", "value": 3},
    {"source": "Equal Vision Records", "target": "Lauv", "value": 3},
    {"source": "Equal Vision Records", "target": "NoelGallagherVEVO", "value": 3},
    {"source": "Equal Vision Records", "target": "SB-LII Commercials", "value": 3},
    {"source": "Equal Vision Records", "target": "CalvinHarrisVEVO", "value": 3},
    {"source": "Equal Vision Records", "target": "5SOSVEVO", "value": 3},
    {"source": "Equal Vision Records", "target": "FallOutBoyVEVO", "value": 3},
    {"source": "Equal Vision Records", "target": "RichTheKidVEVO", "value": 3},
    {"source": "Equal Vision Records", "target": "Meek Mill", "value": 3},
    {"source": "Equal Vision Records", "target": "Flo Rida", "value": 3},
    {"source": "Pledis Artist", "target": "Lauv", "value": 3},
    {"source": "Pledis Artist", "target": "NoelGallagherVEVO", "value": 3},
    {"source": "Pledis Artist", "target": "SB-LII Commercials", "value": 3},
    {"source": "Pledis Artist", "target": "CalvinHarrisVEVO", "value": 3},
    {"source": "Pledis Artist", "target": "5SOSVEVO", "value": 3},
    {"source": "Pledis Artist", "target": "FallOutBoyVEVO", "value": 3},
    {"source": "Pledis Artist", "target": "RichTheKidVEVO", "value": 3},
    {"source": "Pledis Artist", "target": "Meek Mill", "value": 3},
    {"source": "Pledis Artist", "target": "Flo Rida", "value": 3},
    {"source": "Lauv", "target": "NoelGallagherVEVO", "value": 3},
    {"source": "Lauv", "target": "SB-LII Commercials", "value": 3},
    {"source": "Lauv", "target": "CalvinHarrisVEVO", "value": 3},
    {"source": "Lauv", "target": "5SOSVEVO", "value": 3},
    {"source": "Lauv", "target": "FallOutBoyVEVO", "value": 3},
    {"source": "Lauv", "target": "RichTheKidVEVO", "value": 3},
    {"source": "Lauv", "target": "Meek Mill", "value": 3},
    {"source": "Lauv", "target": "Flo Rida", "value": 3},
    {"source": "NoelGallagherVEVO", "target": "SB-LII Commercials", "value": 3},
    {"source": "NoelGallagherVEVO", "target": "CalvinHarrisVEVO", "value": 3},
    {"source": "NoelGallagherVEVO", "target": "5SOSVEVO", "value": 3},
    {"source": "NoelGallagherVEVO", "target": "FallOutBoyVEVO", "value": 3},
    {"source": "NoelGallagherVEVO", "target": "RichTheKidVEVO", "value": 3},
    {"source": "NoelGallagherVEVO", "target": "Meek Mill", "value": 3},
    {"source": "NoelGallagherVEVO", "target": "Flo Rida", "value": 3},
    {"source": "SB-LII Commercials", "target": "CalvinHarrisVEVO", "value": 3},
    {"source": "SB-LII Commercials", "target": "5SOSVEVO", "value": 3},
    {"source": "SB-LII Commercials", "target": "FallOutBoyVEVO", "value": 3},
    {"source": "SB-LII Commercials", "target": "RichTheKidVEVO", "value": 3},
    {"source": "SB-LII Commercials", "target": "Meek Mill", "value": 3},
    {"source": "SB-LII Commercials", "target": "Flo Rida", "value": 3},
    {"source": "CalvinHarrisVEVO", "target": "5SOSVEVO", "value": 3},
    {"source": "CalvinHarrisVEVO", "target": "FallOutBoyVEVO", "value": 3},
    {"source": "CalvinHarrisVEVO", "target": "RichTheKidVEVO", "value": 3},
    {"source": "CalvinHarrisVEVO", "target": "Meek Mill", "value": 3},
    {"source": "CalvinHarrisVEVO", "target": "Flo Rida", "value": 3},
    {"source": "5SOSVEVO", "target": "FallOutBoyVEVO", "value": 3},
    {"source": "5SOSVEVO", "target": "RichTheKidVEVO", "value": 3},
    {"source": "5SOSVEVO", "target": "Meek Mill", "value": 3},
    {"source": "5SOSVEVO", "target": "Flo Rida", "value": 3},
    {"source": "FallOutBoyVEVO", "target": "RichTheKidVEVO", "value": 3},
    {"source": "FallOutBoyVEVO", "target": "Meek Mill", "value": 3},
    {"source": "FallOutBoyVEVO", "target": "Flo Rida", "value": 3},
    {"source": "RichTheKidVEVO", "target": "Meek Mill", "value": 3},
    {"source": "RichTheKidVEVO", "target": "Flo Rida", "value": 3},
    {"source": "Meek Mill", "target": "Flo Rida", "value": 3},
    {"source": "Nathan C", "target": "Fleur DeForce", "value": 4},
    {"source": "Nathan C", "target": "Samantha Maria", "value": 4},
    {"source": "Nathan C", "target": "Lily Pebbles", "value": 4},
    {"source": "Fleur DeForce", "target": "Samantha Maria", "value": 4},
    {"source": "Fleur DeForce", "target": "Lily Pebbles", "value": 4},
    {"source": "Samantha Maria", "target": "Lily Pebbles", "value": 4},
    {"source": "MLG Highlights", "target": "NBA", "value": 5},
    {"source": "MLG Highlights", "target": "Good Morning Britain", "value": 5},
    {"source": "MLG Highlights", "target": "Nick Ramos", "value": 5},
    {"source": "NBA", "target": "Good Morning Britain", "value": 5},
    {"source": "NBA", "target": "Nick Ramos", "value": 5},
    {"source": "Good Morning Britain", "target": "Nick Ramos", "value": 5},
    {"source": "Paramount Pictures", "target": "50to01 TV", "value": 6},
    {"source": "Paramount Pictures", "target": "ONE Media", "value": 6},
    {"source": "Paramount Pictures", "target": "IMAX", "value": 6},
    {"source": "Paramount Pictures", "target": "Guldies", "value": 6},
    {"source": "Paramount Pictures", "target": "HopeAnimation", "value": 6},
    {"source": "50to01 TV", "target": "ONE Media", "value": 6},
    {"source": "50to01 TV", "target": "IMAX", "value": 6},
    {"source": "50to01 TV", "target": "Guldies", "value": 6},
    {"source": "HopeAnimation", "target": "ONE Media", "value": 6},
    {"source": "HopeAnimation", "target": "IMAX", "value": 6},
    {"source": "HopeAnimation", "target": "Guldies", "value": 6},
    {"source": "HopeAnimation", "target": "HopeAnimation", "value": 6},
    {"source": "ONE Media", "target": "IMAX", "value": 6},
    {"source": "ONE Media", "target": "Guldies", "value": 6},
    {"source": "ONE Media", "target": "HopeAnimation", "value": 6},
    {"source": "IMAX", "target": "Guldies", "value": 6},
    {"source": "IMAX", "target": "HopeAnimation", "value": 6},
    {"source": "Guldies", "target": "HopeAnimation", "value": 6},
    {"source": "CollegeHumor", "target": "The Tonight Show Starring Jimmy Fallon", "value": 7},
    {"source": "CollegeHumor", "target": "Mark Ferris", "value": 7},
    {"source": "CollegeHumor", "target": "consumer", "value": 7},
    {"source": "CollegeHumor", "target": "Late Night with Seth Meyers", "value": 7},
    {"source": "CollegeHumor", "target": "Marcus Butler", "value": 7},
    {"source": "The Tonight Show Starring Jimmy Fallon", "target": "Mark Ferris", "value": 7},
    {"source": "The Tonight Show Starring Jimmy Fallon", "target": "consumer", "value": 7},
    {"source": "The Tonight Show Starring Jimmy Fallon", "target": "Late Night with Seth Meyers", "value": 7},
    {"source": "The Tonight Show Starring Jimmy Fallon", "target": "Marcus Butler", "value": 7},
    {"source": "Mark Ferris", "target": "consumer", "value": 7},
    {"source": "Mark Ferris", "target": "Late Night with Seth Meyers", "value": 7},
    {"source": "Mark Ferris", "target": "Marcus Butler", "value": 7},
    {"source": "consumer", "target": "Late Night with Seth Meyers", "value": 7},
    {"source": "consumer", "target": "Marcus Butler", "value": 7},
    {"source": "ZeRo", "target": "ncsoft", "value": 8},
    {"source": "ZeRo", "target": "RWhiteGoose", "value": 8},
    {"source": "ncsoft", "target": "RWhiteGoose", "value": 8},
    {"source": "BostonDynamics", "target": "OnePlus", "value": 9},
    {"source": "The King of Random", "target": "It's Okay To Be Smart", "value": 11},
    {"source": "The King of Random", "target": "RealLifeLore", "value": 11},
    {"source": "It's Okay To Be Smart", "target": "RealLifeLore", "value": 11}
  ]
}
