[
	{
		"video_id": "-_fqzg8PNgY",
		"title": "Why A Controversial Change Has The Internet Angry at Logan Paul, Youtube, and More...",
		"channel_title": "Philip DeFranco",
		"category_id": "24",
		"views": "1993989",
		"likes": "99994",
		"dislikes": "1839",
		"thumbnail_link": "https://i.ytimg.com/vi/-_fqzg8PNgY/default.jpg",
		"group": ""
	},
	{
		"video_id": "2v4-L4PkV9U",
		"title": "I pranked him... then I BOUGHT him his DREAM CAR!! **emotional surprise**",
		"channel_title": "FaZe Rug",
		"category_id": "20",
		"views": "2079137",
		"likes": "99990",
		"dislikes": "2844",
		"thumbnail_link": "https://i.ytimg.com/vi/2v4-L4PkV9U/default.jpg",
		"group": ""
	},
	{
		"video_id": "Hb2vcvpJozA",
		"title": "Stephen Curry 26 Points 2nd QTR! Warriors Win By 49 vs Bulls! 2017-18 Season",
		"channel_title": "Chris Smoove",
		"category_id": "17",
		"views": "310050",
		"likes": "9998",
		"dislikes": "95",
		"thumbnail_link": "https://i.ytimg.com/vi/Hb2vcvpJozA/default.jpg",
		"group": ""
	},
	{
		"video_id": "wuxf68gf5iw",
		"title": "Xan Griffin - Pisces (feat. Lilianna Wilde)",
		"channel_title": "MrSuicideSheep",
		"category_id": "24",
		"views": "301261",
		"likes": "9998",
		"dislikes": "231",
		"thumbnail_link": "https://i.ytimg.com/vi/wuxf68gf5iw/default.jpg",
		"group": ""
	},
	{
		"video_id": "NZ74oFctP_g",
		"title": "Dogs Tested to See Whether They\u2019d Defend Owner During Home Invasion",
		"channel_title": "Inside Edition",
		"category_id": "22",
		"views": "234652",
		"likes": "9998",
		"dislikes": "118",
		"thumbnail_link": "https://i.ytimg.com/vi/NZ74oFctP_g/default.jpg",
		"group": ""
	},
	{
		"video_id": "SE34K88LUek",
		"title": "The culture war between doctors and midwives, explained",
		"channel_title": "Vox",
		"category_id": "25",
		"views": "306580",
		"likes": "9998",
		"dislikes": "1412",
		"thumbnail_link": "https://i.ytimg.com/vi/SE34K88LUek/default.jpg",
		"group": ""
	},
	{
		"video_id": "SM1w9PEQOE8",
		"title": "Demi Lovato - Tell Me You Love Me",
		"channel_title": "DemiLovatoVEVO",
		"category_id": "10",
		"views": "15463329",
		"likes": "999797",
		"dislikes": "18452",
		"thumbnail_link": "https://i.ytimg.com/vi/SM1w9PEQOE8/default.jpg",
		"group": ""
	},
	{
		"video_id": "DSRSgMp5X1w",
		"title": "Christina Aguilera - Accelerate (Official Video) ft. Ty Dolla $ign, 2 Chainz",
		"channel_title": "CAguileraVEVO",
		"category_id": "10",
		"views": "2465294",
		"likes": "99973",
		"dislikes": "17299",
		"thumbnail_link": "https://i.ytimg.com/vi/DSRSgMp5X1w/default.jpg",
		"group": ""
	},
	{
		"video_id": "BEePFpC9qG8",
		"title": "360 Google Doodles/Spotlight Stories: Back to the Moon",
		"channel_title": "Google Spotlight Stories",
		"category_id": "1",
		"views": "2465294",
		"likes": "99973",
		"dislikes": "17299",
		"thumbnail_link": "https://i.ytimg.com/vi/BEePFpC9qG8/default.jpg",
		"group": ""
	},
	{
		"video_id": "QWce9T6lINs",
		"title": "THE REAL YOUTUBE REWIND 2017 ft: pewdiepie, iDubbbzTV, RiceGum, h3h3, Keemstar, FilthyFrank",
		"channel_title": "KeeperAction",
		"category_id": "24",
		"views": "1535601",
		"likes": "99948",
		"dislikes": "3465",
		"thumbnail_link": "https://i.ytimg.com/vi/QWce9T6lINs/default.jpg",
		"group": ""
	},
	{
		"video_id": "VLcDEY_JMtA",
		"title": "Amid Cam\u2019ron Controversy Mase Pays Unexpected Visit To Angie Martinez",
		"channel_title": "The Angie Martinez Show",
		"category_id": "24",
		"views": "729391",
		"likes": "9994",
		"dislikes": "722",
		"thumbnail_link": "https://i.ytimg.com/vi/VLcDEY_JMtA/default.jpg",
		"group": ""
	},
	{
		"video_id": "kbx-qZnTr-0",
		"title": "[ASMR] Up-Close Elf Ear Measuring Roleplay (Whispered Binaural)",
		"channel_title": "Gibi ASMR",
		"category_id": "24",
		"views": "350014",
		"likes": "9994",
		"dislikes": "190",
		"thumbnail_link": "https://i.ytimg.com/vi/kbx-qZnTr-0/default.jpg",
		"group": ""
	},
	{
		"video_id": "D7sj7L1uLiw",
		"title": "4 Ton Wrecking Ball in Slow Motion - The Slow Mo Guys",
		"channel_title": "The Slow Mo Guys",
		"category_id": "24",
		"views": "2890245",
		"likes": "99933",
		"dislikes": "3386",
		"thumbnail_link": "https://i.ytimg.com/vi/D7sj7L1uLiw/default.jpg",
		"group": ""
	},
	{
		"video_id": "2_Jvmt0vU4s",
		"title": "Joyner Lucas - Frozen",
		"channel_title": "joyner lucas",
		"category_id": "10",
		"views": "625978",
		"likes": "99920",
		"dislikes": "652",
		"thumbnail_link": "https://i.ytimg.com/vi/2_Jvmt0vU4s/default.jpg",
		"group": ""
	},
	{
		"video_id": "QGoW0QQdLZ0",
		"title": "Marvel Studios' Avengers: Infinity War Official Trailer REACTION!!",
		"channel_title": "Blind Wave",
		"category_id": "24",
		"views": "368207",
		"likes": "9991",
		"dislikes": "162",
		"thumbnail_link": "https://i.ytimg.com/vi/QGoW0QQdLZ0/default.jpg",
		"group": ""
	},
	{
		"video_id": "m-lKcohRNR8",
		"title": "Rihanna & Nicki Minaj React To Drake's Secret Baby | Hollywoodlife",
		"channel_title": "HollywoodLife",
		"category_id": "24",
		"views": "1414806",
		"likes": "9991",
		"dislikes": "2556",
		"thumbnail_link": "https://i.ytimg.com/vi/m-lKcohRNR8/default.jpg",
		"group": ""
	},
	{
		"video_id": "byukjr-MFP0",
		"title": "Boston Celtics vs Houston Rockets Full Game Highlights / Week 11 / Dec 28",
		"channel_title": "MLG Highlights",
		"category_id": "17",
		"views": "1711088",
		"likes": "9990",
		"dislikes": "533",
		"thumbnail_link": "https://i.ytimg.com/vi/byukjr-MFP0/default.jpg",
		"group": ""
	},
	{
		"video_id": "GhxV90u-xME",
		"title": "Joe Rogan on the Roseanne Controversy",
		"channel_title": "JRE Clips",
		"category_id": "22",
		"views": "1214927",
		"likes": "9990",
		"dislikes": "5016",
		"thumbnail_link": "https://i.ytimg.com/vi/GhxV90u-xME/default.jpg",
		"group": ""
	},
	{
		"video_id": "YE6ILrxmXJw",
		"title": "LA Lakers vs Cleveland Cavaliers - Full Game Highlights | Dec 14, 2017 | NBA Season 2017-18",
		"channel_title": "Rapid Highlights",
		"category_id": "17",
		"views": "224987",
		"likes": "999",
		"dislikes": "54",
		"thumbnail_link": "https://i.ytimg.com/vi/YE6ILrxmXJw/default.jpg",
		"group": ""
	},
	{
		"video_id": "0B69g2DkqnY",
		"title": "Top 10 Greatest Piano Songs Ever \u2013 Instrumental Music 2018 \u2013 Relaxing Piano Instrumental Love Songs",
		"channel_title": "Relaxing Music Channel",
		"category_id": "10",
		"views": "312893",
		"likes": "999",
		"dislikes": "131",
		"thumbnail_link": "https://i.ytimg.com/vi/0B69g2DkqnY/default.jpg",
		"group": ""
	},
	{
		"video_id": "KUzhD_wYgFg",
		"title": "FURLOUGH Official Trailer (2018) Tessa Thompson, Whoopi Goldberg Comedy Movie HD",
		"channel_title": "ONE Media",
		"category_id": "1",
		"views": "122897",
		"likes": "999",
		"dislikes": "45",
		"thumbnail_link": "https://i.ytimg.com/vi/KUzhD_wYgFg/default.jpg",
		"group": ""
	},
	{
		"video_id": "_68Btc0GzmE",
		"title": "Makeup: The dirty truth about testers (Marketplace)",
		"channel_title": "CBC News",
		"category_id": "25",
		"views": "54318",
		"likes": "999",
		"dislikes": "88",
		"thumbnail_link": "https://i.ytimg.com/vi/_68Btc0GzmE/default.jpg",
		"group": ""
	},
	{
		"video_id": "fCvg-qPJSDc",
		"title": "Parchayee Episode #18 Promo HUM TV Drama",
		"channel_title": "HUM TV Dramas",
		"category_id": "22",
		"views": "220178",
		"likes": "999",
		"dislikes": "26",
		"thumbnail_link": "https://i.ytimg.com/vi/fCvg-qPJSDc/default.jpg",
		"group": ""
	},
	{
		"video_id": "-Jqs4QZMyJM",
		"title": "Comment Awards v76",
		"channel_title": "Comment Awards",
		"category_id": "23",
		"views": "314248",
		"likes": "9989",
		"dislikes": "172",
		"thumbnail_link": "https://i.ytimg.com/vi/-Jqs4QZMyJM/default.jpg",
		"group": ""
	},
	{
		"video_id": "lE7BSivIWaE",
		"title": "10 BONNES RAISONS DE NE PAS VISITER L\u2019 AUSTRALIE | Lama Fach\u00e9",
		"channel_title": "Lama Fach\u00e9",
		"category_id": "24",
		"views": "175755",
		"likes": "9989",
		"dislikes": "840",
		"thumbnail_link": "https://i.ytimg.com/vi/lE7BSivIWaE/default.jpg",
		"group": ""
	},
	{
		"video_id": "urhNqa2tgh4",
		"title": "Aamir Khan Latest Hindi Full Movie | Fatima Sana, Shaikh Zaira Wasim",
		"channel_title": "RG Entertainment",
		"category_id": "1",
		"views": "954671",
		"likes": "9989",
		"dislikes": "679",
		"thumbnail_link": "https://i.ytimg.com/vi/urhNqa2tgh4/default.jpg",
		"group": ""
	},
	{
		"video_id": "MQCbYju-GXQ",
		"title": "Celebrities React To 'This Is America' Music Video by Childish Gambino",
		"channel_title": "Trending Tracks",
		"category_id": "10",
		"views": "1199288",
		"likes": "9989",
		"dislikes": "580",
		"thumbnail_link": "https://i.ytimg.com/vi/MQCbYju-GXQ/default.jpg",
		"group": ""
	},
	{
		"video_id": "gylpscmLHH0",
		"title": "OVERNIGHT SURVIVAL CHALLENGE IN A CAVE! (24 Hours)",
		"channel_title": "MoreJStu",
		"category_id": "22",
		"views": "343845",
		"likes": "9985",
		"dislikes": "210",
		"thumbnail_link": "https://i.ytimg.com/vi/gylpscmLHH0/default.jpg",
		"group": ""
	},
	{
		"video_id": "Cltgr0jfWE4",
		"title": "Anonymous - What You're About to See Should Scare You! (2018-2019)",
		"channel_title": "Anonymous Official",
		"category_id": "25",
		"views": "677500",
		"likes": "9985",
		"dislikes": "931",
		"thumbnail_link": "https://i.ytimg.com/vi/Cltgr0jfWE4/default.jpg",
		"group": ""
	},
	{
		"video_id": "Fl7JxmtC6Cg",
		"title": "Pilipinas Got Talent 2018 Auditions: Jiwan Kim - Magic Trick",
		"channel_title": "Pilipinas Got Talent",
		"category_id": "24",
		"views": "1988542",
		"likes": "9984",
		"dislikes": "2858",
		"thumbnail_link": "https://i.ytimg.com/vi/Fl7JxmtC6Cg/default.jpg",
		"group": ""
	},
	{
		"video_id": "Ps7GzIV2KP0",
		"title": "Which Animal Is The Smartest?",
		"channel_title": "Life Noggin",
		"category_id": "27",
		"views": "254807",
		"likes": "9984",
		"dislikes": "294",
		"thumbnail_link": "https://i.ytimg.com/vi/Ps7GzIV2KP0/default.jpg",
		"group": ""
	},
	{
		"video_id": "N5DAsXZah1I",
		"title": "i only ate 1 STAR rated FOODS for 24 hours !!!",
		"channel_title": "Raphael Gomes",
		"category_id": "26",
		"views": "246688",
		"likes": "9984",
		"dislikes": "211",
		"thumbnail_link": "https://i.ytimg.com/vi/N5DAsXZah1I/default.jpg",
		"group": ""
	},
	{
		"video_id": "uHgGLE80JiE",
		"title": "Arrow 6x15 Promo Doppelg\u00e4nger (HD) Season 6 Episode 15 Promo - Roy Harper Returns",
		"channel_title": "TV Promos",
		"category_id": "24",
		"views": "102397",
		"likes": "998",
		"dislikes": "12",
		"thumbnail_link": "https://i.ytimg.com/vi/uHgGLE80JiE/default.jpg",
		"group": ""
	},
	{
		"video_id": "h74ITaQ7Caw",
		"title": "J'EFFACE MON VISAGE",
		"channel_title": "Lysandre Nadeau",
		"category_id": "24",
		"views": "10500",
		"likes": "998",
		"dislikes": "48",
		"thumbnail_link": "https://i.ytimg.com/vi/h74ITaQ7Caw/default.jpg",
		"group": ""
	},
	{
		"video_id": "u6crRYCisF4",
		"title": "Kaif-e-Baharan - Episode 9 | HAR PAL GEO",
		"channel_title": "HAR PAL GEO",
		"category_id": "24",
		"views": "163901",
		"likes": "998",
		"dislikes": "104",
		"thumbnail_link": "https://i.ytimg.com/vi/u6crRYCisF4/default.jpg",
		"group": ""
	},
	{
		"video_id": "QyuRmJJaUy8",
		"title": "Bret Baier On Lack of Apology To McCains From Trump, Sean Hannity's Relationship With President",
		"channel_title": "The View",
		"category_id": "25",
		"views": "145300",
		"likes": "998",
		"dislikes": "130",
		"thumbnail_link": "https://i.ytimg.com/vi/QyuRmJJaUy8/default.jpg",
		"group": ""
	},
	{
		"video_id": "kF1_qecmP4Y",
		"title": "Et tout le monde s'en fout #17 - Le pouvoir -",
		"channel_title": "Et tout le monde s'en fout",
		"category_id": "28",
		"views": "88600",
		"likes": "9979",
		"dislikes": "173",
		"thumbnail_link": "https://i.ytimg.com/vi/kF1_qecmP4Y/default.jpg",
		"group": ""
	},
	{
		"video_id": "e77J4g0LMOk",
		"title": "Little Mix bring the Power & CNCO to The X Factor Final! | Final | The X Factor 2017",
		"channel_title": "The X Factor UK",
		"category_id": "24",
		"views": "2121775",
		"likes": "99783",
		"dislikes": "2030",
		"thumbnail_link": "https://i.ytimg.com/vi/e77J4g0LMOk/default.jpg",
		"group": ""
	},
	{
		"video_id": "aMQbRpxgFvs",
		"title": "Smartphone Awards 2017!",
		"channel_title": "Marques Brownlee",
		"category_id": "28",
		"views": "1760011",
		"likes": "99783",
		"dislikes": "3339",
		"thumbnail_link": "https://i.ytimg.com/vi/aMQbRpxgFvs/default.jpg",
		"group": ""
	},
	{
		"video_id": "qDWJllytQwM",
		"title": "New Punjabi Movie 2017- Toofan Singh (Full Movie) Ranjit Bawa - Latest Punjabi Movie 2017",
		"channel_title": "White Hill Music",
		"category_id": "10",
		"views": "635352",
		"likes": "9978",
		"dislikes": "413",
		"thumbnail_link": "https://i.ytimg.com/vi/qDWJllytQwM/default.jpg",
		"group": ""
	},
	{
		"video_id": "lRs72x7Lgtc",
		"title": "Silicon Valley Season 5 Official Teaser (2018) | HBO",
		"channel_title": "HBO",
		"category_id": "1",
		"views": "644795",
		"likes": "9978",
		"dislikes": "597",
		"thumbnail_link": "https://i.ytimg.com/vi/lRs72x7Lgtc/default.jpg",
		"group": ""
	},
	{
		"video_id": "MTJOLzY1POk",
		"title": "Shannon Sharpe reacts to Lebron James' buzzer-beater in Pacers vs Cavs Game 5 | UNDISPUTED",
		"channel_title": "Skip and Shannon: UNDISPUTED",
		"category_id": "22",
		"views": "688900",
		"likes": "9978",
		"dislikes": "462",
		"thumbnail_link": "https://i.ytimg.com/vi/MTJOLzY1POk/default.jpg",
		"group": ""
	},
	{
		"video_id": "fQjBxSQNA9k",
		"title": "JRE MMA Show #7 with Brendan Schaub & Bryan Callen",
		"channel_title": "PowerfulJRE",
		"category_id": "22",
		"views": "731797",
		"likes": "9977",
		"dislikes": "1019",
		"thumbnail_link": "https://i.ytimg.com/vi/fQjBxSQNA9k/default.jpg",
		"group": ""
	},
	{
		"video_id": "vhzYwi4Sl3A",
		"title": "Vanoss Superhero School - Power Academy (Episode 2)",
		"channel_title": "VanossGaming",
		"category_id": "20",
		"views": "2020618",
		"likes": "99769",
		"dislikes": "3269",
		"thumbnail_link": "https://i.ytimg.com/vi/vhzYwi4Sl3A/default.jpg",
		"group": ""
	},
	{
		"video_id": "i9GSF3ROa58",
		"title": "Green Day - Back In The USA (Official Music Video)",
		"channel_title": "Green Day",
		"category_id": "10",
		"views": "1647994",
		"likes": "99766",
		"dislikes": "2655",
		"thumbnail_link": "https://i.ytimg.com/vi/i9GSF3ROa58/default.jpg",
		"group": ""
	},
	{
		"video_id": "h5CLO2n6OxQ",
		"title": "DIY Maple Taffy on a Stick (is Canada even real?)",
		"channel_title": "Simply Nailogical",
		"category_id": "24",
		"views": "1454233",
		"likes": "99762",
		"dislikes": "692",
		"thumbnail_link": "https://i.ytimg.com/vi/h5CLO2n6OxQ/default.jpg",
		"group": ""
	},
	{
		"video_id": "j1yVXcJxmSA",
		"title": "Trump's M\u00e9nage \u00c0 Terrible Phone Call With France",
		"channel_title": "The Late Show with Stephen Colbert",
		"category_id": "24",
		"views": "756959",
		"likes": "9976",
		"dislikes": "262",
		"thumbnail_link": "https://i.ytimg.com/vi/j1yVXcJxmSA/default.jpg",
		"group": ""
	},
	{
		"video_id": "4c84Y7cdM9U",
		"title": "Dizzy Baseball Challenge!!",
		"channel_title": "Team Edge",
		"category_id": "23",
		"views": "284546",
		"likes": "9974",
		"dislikes": "134",
		"thumbnail_link": "https://i.ytimg.com/vi/4c84Y7cdM9U/default.jpg",
		"group": ""
	},
	{
		"video_id": "-gG3Sa0ReEk",
		"title": "2018 Canadian Grand Prix: Race Highlights",
		"channel_title": "FORMULA 1",
		"category_id": "17",
		"views": "397553",
		"likes": "9974",
		"dislikes": "254",
		"thumbnail_link": "https://i.ytimg.com/vi/-gG3Sa0ReEk/default.jpg",
		"group": ""
	},
	{
		"video_id": "zXHUHx4R9kI",
		"title": "Jaden Smith - George Jeff",
		"channel_title": "JadenSmithVEVO",
		"category_id": "10",
		"views": "1401141",
		"likes": "99739",
		"dislikes": "3152",
		"thumbnail_link": "https://i.ytimg.com/vi/zXHUHx4R9kI/default.jpg",
		"group": ""
	},
	{
		"video_id": "fEjag-a7TyU",
		"title": "Georgia Dome Implosion  - TWC Camera Man Losing It LIVE",
		"channel_title": "Duston Ward",
		"category_id": "17",
		"views": "1053325",
		"likes": "9973",
		"dislikes": "499",
		"thumbnail_link": "https://i.ytimg.com/vi/fEjag-a7TyU/default.jpg",
		"group": ""
	},
	{
		"video_id": "fPm1nqe6EYc",
		"title": "NERF Dungeons & Dragons | Star Wars Challenge!",
		"channel_title": "Battle Universe",
		"category_id": "24",
		"views": "474046",
		"likes": "9973",
		"dislikes": "181",
		"thumbnail_link": "https://i.ytimg.com/vi/fPm1nqe6EYc/default.jpg",
		"group": ""
	},
	{
		"video_id": "ue5JhrFbgSM",
		"title": "2018\ub144 1\uc6d4 29\uc77c (\uc6d4) \ub274\uc2a4\ub8f8 \ub2e4\uc2dc\ubcf4\uae30 - DJ\u00b7\ub178\ubb34\ud604 \ub4b7\uc870\uc0ac\uc5d0 '\ub300\ubd81 \uacf5\uc791\uae08'",
		"channel_title": "JTBC News",
		"category_id": "25",
		"views": "112274",
		"likes": "997",
		"dislikes": "103",
		"thumbnail_link": "https://i.ytimg.com/vi/ue5JhrFbgSM/default.jpg",
		"group": ""
	},
	{
		"video_id": "KA-oxZu_ObA",
		"title": "Violence Erupts As Jerusalem Embassy Opens | The View",
		"channel_title": "The View",
		"category_id": "25",
		"views": "116445",
		"likes": "997",
		"dislikes": "217",
		"thumbnail_link": "https://i.ytimg.com/vi/KA-oxZu_ObA/default.jpg",
		"group": ""
	},
	{
		"video_id": "URqkQkkS7Oc",
		"title": "Azhagu - Tamil Serial | \u0b85\u0bb4\u0b95\u0bc1 | Episode 159 | Sun TV Serials |  29 May 2018 | Revathy | Vision Time",
		"channel_title": "Vision Time Tamil",
		"category_id": "24",
		"views": "177933",
		"likes": "997",
		"dislikes": "217",
		"thumbnail_link": "https://i.ytimg.com/vi/URqkQkkS7Oc/default.jpg",
		"group": ""
	},
	{
		"video_id": "uBYzYji4rmE",
		"title": "Honest Trailers - Black Panther",
		"channel_title": "Screen Junkies",
		"category_id": "1",
		"views": "4071774",
		"likes": "99682",
		"dislikes": "5147",
		"thumbnail_link": "https://i.ytimg.com/vi/uBYzYji4rmE/default.jpg",
		"group": ""
	},
	{
		"video_id": "5wKYV-9Tq1o",
		"title": "Grinch Holiday Humming Challenge (ft. Grace Helbig)",
		"channel_title": "Tyler Oakley",
		"category_id": "24",
		"views": "106385",
		"likes": "9968",
		"dislikes": "45",
		"thumbnail_link": "https://i.ytimg.com/vi/5wKYV-9Tq1o/default.jpg",
		"group": ""
	},
	{
		"video_id": "BO1gEurWFaA",
		"title": "Good News, Truth Warriors! 2018 Will Finally See the Arrest and Indictment of Hillary Rodham Felon",
		"channel_title": "Lionel Nation",
		"category_id": "25",
		"views": "117115",
		"likes": "9968",
		"dislikes": "244",
		"thumbnail_link": "https://i.ytimg.com/vi/BO1gEurWFaA/default.jpg",
		"group": ""
	},
	{
		"video_id": "Wx5BZoVkkqg",
		"title": "GOD LEVEL Street Food in Mexico 2.0 | MONSTER BBQ Chicken + SUPER FAST Mexican ICE CREAM NINJA",
		"channel_title": "The Food Ranger",
		"category_id": "19",
		"views": "311916",
		"likes": "9967",
		"dislikes": "223",
		"thumbnail_link": "https://i.ytimg.com/vi/Wx5BZoVkkqg/default.jpg",
		"group": ""
	},
	{
		"video_id": "OV2BmmV4xsM",
		"title": "15 CHOSES ABANDONN\u00c9ES DONT VOUS IGNOREZ L\u2019EXISTENCE | Lama Fach\u00e9",
		"channel_title": "Lama Fach\u00e9",
		"category_id": "24",
		"views": "300416",
		"likes": "9962",
		"dislikes": "1138",
		"thumbnail_link": "https://i.ytimg.com/vi/OV2BmmV4xsM/default.jpg",
		"group": ""
	},
	{
		"video_id": "V7LeRxl59M4",
		"title": "[ FULL ] \u6797\u4fca\u6770\u5f20\u9753\u9896\u201c\u53ccJ\u201d\u540c\u53f0\u98d9\u6b4c \u6797\u5fc6\u83b2\u795e\u7ea7\u6f14\u7ece\u5f20\u60e0\u59b9\u7ecf\u5178 \u674e\u8363\u6d69\u201c\u653e\u72e0\u8bdd\u201d\u6539\u7f16\u795e\u66f2\u300a\u68a6\u60f3\u7684\u58f0\u97f32\u300bEP.3 20171117 /\u6d59\u6c5f\u536b\u89c6\u5b98\u65b9HD/",
		"channel_title": "\u6d59\u6c5f\u536b\u89c6\u97f3\u4e50\u9891\u9053 ZJSTV Music Channel - \u68a6\u60f3\u7684\u58f0\u97f3\u6b63\u5728\u70ed\u64ad -",
		"category_id": "24",
		"views": "308429",
		"likes": "996",
		"dislikes": "154",
		"thumbnail_link": "https://i.ytimg.com/vi/V7LeRxl59M4/default.jpg",
		"group": ""
	},
	{
		"video_id": "DyK1xtKprGI",
		"title": "Gotta See It: Rinaldo sucker punches Girard, brawl ensues",
		"channel_title": "SPORTSNET",
		"category_id": "17",
		"views": "275945",
		"likes": "996",
		"dislikes": "53",
		"thumbnail_link": "https://i.ytimg.com/vi/DyK1xtKprGI/default.jpg",
		"group": ""
	},
	{
		"video_id": "NEYtxauVqA4",
		"title": "Trump's FBI Speech, the GOP Tax Plan and Bob Corker: A Closer Look",
		"channel_title": "Late Night with Seth Meyers",
		"category_id": "23",
		"views": "432760",
		"likes": "9959",
		"dislikes": "211",
		"thumbnail_link": "https://i.ytimg.com/vi/NEYtxauVqA4/default.jpg",
		"group": ""
	},
	{
		"video_id": "5iu2BMemX-k",
		"title": "How Lil Pump Took Over The World",
		"channel_title": "No Jumper",
		"category_id": "24",
		"views": "203658",
		"likes": "9959",
		"dislikes": "347",
		"thumbnail_link": "https://i.ytimg.com/vi/5iu2BMemX-k/default.jpg",
		"group": ""
	},
	{
		"video_id": "dVD4W5e_X2A",
		"title": "Soft Spring Tangerine Makeup | Face of the Month",
		"channel_title": "Jenn Im",
		"category_id": "26",
		"views": "147272",
		"likes": "9959",
		"dislikes": "105",
		"thumbnail_link": "https://i.ytimg.com/vi/dVD4W5e_X2A/default.jpg",
		"group": ""
	},
	{
		"video_id": "OnlbKm0fblc",
		"title": "Million Dollars, But... Theme Pack: Holiday - 12 Crimes of Christmas | Rooster Teeth",
		"channel_title": "Rooster Teeth",
		"category_id": "1",
		"views": "235462",
		"likes": "9957",
		"dislikes": "105",
		"thumbnail_link": "https://i.ytimg.com/vi/OnlbKm0fblc/default.jpg",
		"group": ""
	},
	{
		"video_id": "bC8ItoPET1s",
		"title": "MASSIVE BIRYANI (Spicy Rice) & Insane Chicken Kebab in Hyderabad India",
		"channel_title": "Strictly Dumpling",
		"category_id": "19",
		"views": "354714",
		"likes": "9957",
		"dislikes": "240",
		"thumbnail_link": "https://i.ytimg.com/vi/bC8ItoPET1s/default.jpg",
		"group": ""
	},
	{
		"video_id": "Wd_idMpg_qQ",
		"title": "Joyner Lucas - Look Alive (Remix)",
		"channel_title": "joyner lucas",
		"category_id": "10",
		"views": "1269768",
		"likes": "99560",
		"dislikes": "1662",
		"thumbnail_link": "https://i.ytimg.com/vi/Wd_idMpg_qQ/default.jpg",
		"group": ""
	},
	{
		"video_id": "AZl12hJ5lXw",
		"title": "WE BUILT A NEW FOREST FORT!",
		"channel_title": "MoreJStu",
		"category_id": "22",
		"views": "209220",
		"likes": "9955",
		"dislikes": "92",
		"thumbnail_link": "https://i.ytimg.com/vi/AZl12hJ5lXw/default.jpg",
		"group": ""
	},
	{
		"video_id": "WWT1-2x3xzc",
		"title": "Gordon Makes Chefs Cook ALL 181 DISHES | Kitchen Nightmares",
		"channel_title": "Kitchen Nightmares",
		"category_id": "24",
		"views": "676181",
		"likes": "9955",
		"dislikes": "174",
		"thumbnail_link": "https://i.ytimg.com/vi/WWT1-2x3xzc/default.jpg",
		"group": ""
	},
	{
		"video_id": "-Je79iRtTTE",
		"title": "I Dressed Like It Was 1967",
		"channel_title": "Safiya Nygaard",
		"category_id": "22",
		"views": "1544296",
		"likes": "99545",
		"dislikes": "811",
		"thumbnail_link": "https://i.ytimg.com/vi/-Je79iRtTTE/default.jpg",
		"group": ""
	},
	{
		"video_id": "4y9_V73e08c",
		"title": "YOUTUBER STUDIO MAKEOVER ft. Adelaine Morin | Style Selected",
		"channel_title": "TheSorryGirls",
		"category_id": "26",
		"views": "167989",
		"likes": "9954",
		"dislikes": "118",
		"thumbnail_link": "https://i.ytimg.com/vi/4y9_V73e08c/default.jpg",
		"group": ""
	},
	{
		"video_id": "YDLdfU3NidY",
		"title": "Pete Wentz Goes Sneaker Shopping With Complex",
		"channel_title": "Complex",
		"category_id": "24",
		"views": "382122",
		"likes": "9954",
		"dislikes": "275",
		"thumbnail_link": "https://i.ytimg.com/vi/YDLdfU3NidY/default.jpg",
		"group": ""
	},
	{
		"video_id": "0I8AH7ZF_zM",
		"title": "A Way Out: Runnin' From Cops - PART 16 - Game Grumps",
		"channel_title": "GameGrumps",
		"category_id": "20",
		"views": "235425",
		"likes": "9953",
		"dislikes": "66",
		"thumbnail_link": "https://i.ytimg.com/vi/0I8AH7ZF_zM/default.jpg",
		"group": ""
	},
	{
		"video_id": "OKWu4Ik429M",
		"title": "Taarak Mehta Ka Ooltah Chashmah - Ep 2389 - Full Episode - 25th January, 2018",
		"channel_title": "SAB TV",
		"category_id": "24",
		"views": "84733",
		"likes": "995",
		"dislikes": "128",
		"thumbnail_link": "https://i.ytimg.com/vi/OKWu4Ik429M/default.jpg",
		"group": ""
	},
	{
		"video_id": "jgfuWix7hII",
		"title": "DIAMOND (Making Part 2) Gurnam Bhullar | Roop Gill | Sukh Sanghera | Latest Videos 2018",
		"channel_title": "Sukh Sanghera",
		"category_id": "1",
		"views": "47457",
		"likes": "995",
		"dislikes": "26",
		"thumbnail_link": "https://i.ytimg.com/vi/jgfuWix7hII/default.jpg",
		"group": ""
	},
	{
		"video_id": "FmmLiydvFI0",
		"title": "My Trip to North Bay",
		"channel_title": "Domics",
		"category_id": "23",
		"views": "1519261",
		"likes": "99492",
		"dislikes": "1117",
		"thumbnail_link": "https://i.ytimg.com/vi/FmmLiydvFI0/default.jpg",
		"group": ""
	},
	{
		"video_id": "3n0Bmjgeu4A",
		"title": "Catie Turner Sings Take Me To Church by Hozier - Top 14 - American Idol 2018 on ABC",
		"channel_title": "American Idol",
		"category_id": "24",
		"views": "228358",
		"likes": "9949",
		"dislikes": "383",
		"thumbnail_link": "https://i.ytimg.com/vi/3n0Bmjgeu4A/default.jpg",
		"group": ""
	},
	{
		"video_id": "VWHGo7g2ZU8",
		"title": "GETTING IN THE HOLIDAY SPIRIT \u2022 Behind The Cow Chop",
		"channel_title": "Cow Chop",
		"category_id": "20",
		"views": "150526",
		"likes": "9948",
		"dislikes": "79",
		"thumbnail_link": "https://i.ytimg.com/vi/VWHGo7g2ZU8/default.jpg",
		"group": ""
	},
	{
		"video_id": "OZvumC1mAWc",
		"title": "Kylie Jenner Reacts To Tristan Thompson Cheating On Khloe Kardashian | Hollywoodlife",
		"channel_title": "HollywoodLife",
		"category_id": "24",
		"views": "2181562",
		"likes": "9948",
		"dislikes": "2674",
		"thumbnail_link": "https://i.ytimg.com/vi/OZvumC1mAWc/default.jpg",
		"group": ""
	},
	{
		"video_id": "vzNcSvKCOyA",
		"title": "Varus: As We Fall [OFFICIAL MUSIC VIDEO] | League of Legends Music",
		"channel_title": "League of Legends",
		"category_id": "20",
		"views": "2452418",
		"likes": "99479",
		"dislikes": "5240",
		"thumbnail_link": "https://i.ytimg.com/vi/vzNcSvKCOyA/default.jpg",
		"group": ""
	},
	{
		"video_id": "tBTP_OGbOA0",
		"title": "Jazbaat - Amantej Hundal |Randeep Gill |Rahul Chahal | PB 26 Records I Full Official Video Song 2017",
		"channel_title": "PB 26 Records",
		"category_id": "22",
		"views": "363485",
		"likes": "9946",
		"dislikes": "160",
		"thumbnail_link": "https://i.ytimg.com/vi/tBTP_OGbOA0/default.jpg",
		"group": ""
	},
	{
		"video_id": "QXcbVHFE2bo",
		"title": "How-To Make Chocolate Mousse with Matty Matheson",
		"channel_title": "Munchies",
		"category_id": "24",
		"views": "242329",
		"likes": "9946",
		"dislikes": "148",
		"thumbnail_link": "https://i.ytimg.com/vi/QXcbVHFE2bo/default.jpg",
		"group": ""
	},
	{
		"video_id": "U6G2vCs9Ync",
		"title": "What Just Entered Earth's Atmosphere?",
		"channel_title": "secureteam10",
		"category_id": "28",
		"views": "435032",
		"likes": "9944",
		"dislikes": "595",
		"thumbnail_link": "https://i.ytimg.com/vi/U6G2vCs9Ync/default.jpg",
		"group": ""
	},
	{
		"video_id": "IxD2NbXzgpQ",
		"title": "$12 Pork Vs. $715 Pork",
		"channel_title": "BuzzFeedVideo",
		"category_id": "22",
		"views": "4159337",
		"likes": "99434",
		"dislikes": "6257",
		"thumbnail_link": "https://i.ytimg.com/vi/IxD2NbXzgpQ/default.jpg",
		"group": ""
	},
	{
		"video_id": "K1myaxq_cc8",
		"title": "10 Craziest Video Game Glitches Ever!",
		"channel_title": "MatthewSantoro",
		"category_id": "27",
		"views": "209044",
		"likes": "9943",
		"dislikes": "190",
		"thumbnail_link": "https://i.ytimg.com/vi/K1myaxq_cc8/default.jpg",
		"group": ""
	},
	{
		"video_id": "ibewMM7YiG4",
		"title": "The Voice 2018 Brynn Cartelli - Top 10: Fix You",
		"channel_title": "The Voice",
		"category_id": "24",
		"views": "433227",
		"likes": "9943",
		"dislikes": "495",
		"thumbnail_link": "https://i.ytimg.com/vi/ibewMM7YiG4/default.jpg",
		"group": ""
	},
	{
		"video_id": "csv2nkglvOE",
		"title": "My subreddit embarrasses me",
		"channel_title": "CaptainSparklez",
		"category_id": "24",
		"views": "225522",
		"likes": "9942",
		"dislikes": "119",
		"thumbnail_link": "https://i.ytimg.com/vi/csv2nkglvOE/default.jpg",
		"group": ""
	},
	{
		"video_id": "miSXpym7QaU",
		"title": "What is Arithmancy? | Harry Potter Explained",
		"channel_title": "SuperCarlinBrothers",
		"category_id": "22",
		"views": "171597",
		"likes": "9941",
		"dislikes": "144",
		"thumbnail_link": "https://i.ytimg.com/vi/miSXpym7QaU/default.jpg",
		"group": ""
	},
	{
		"video_id": "z-JurmXtLCY",
		"title": "The FaZe House Spelling Bee",
		"channel_title": "FaZe Clan",
		"category_id": "24",
		"views": "151951",
		"likes": "9941",
		"dislikes": "127",
		"thumbnail_link": "https://i.ytimg.com/vi/z-JurmXtLCY/default.jpg",
		"group": ""
	},
	{
		"video_id": "iqO_eHuTNMc",
		"title": "DIRT | Tayler & Lilia in \u201cReady, Set\u2026\u201d | Ep. 4",
		"channel_title": "Brat",
		"category_id": "24",
		"views": "248361",
		"likes": "9940",
		"dislikes": "87",
		"thumbnail_link": "https://i.ytimg.com/vi/iqO_eHuTNMc/default.jpg",
		"group": ""
	},
	{
		"video_id": "n53o1iZim20",
		"title": "Merry Christmas 2018 - Top Christmas Songs Ever - 30 Greatest Christmas Songs Playlist 2018",
		"channel_title": "Music Box",
		"category_id": "10",
		"views": "270256",
		"likes": "994",
		"dislikes": "152",
		"thumbnail_link": "https://i.ytimg.com/vi/n53o1iZim20/default.jpg",
		"group": ""
	},
	{
		"video_id": "JrnSfMggWIQ",
		"title": "WANTED SA RADYO FULL EPISODE | May 11, 2018",
		"channel_title": "Raffy Tulfo in Action",
		"category_id": "25",
		"views": "62249",
		"likes": "994",
		"dislikes": "107",
		"thumbnail_link": "https://i.ytimg.com/vi/JrnSfMggWIQ/default.jpg",
		"group": ""
	},
	{
		"video_id": "I1tCLn47Xqc",
		"title": "Juan For All, All For Juan Sugod Bahay | May 16, 2018",
		"channel_title": "Eat Bulaga!",
		"category_id": "24",
		"views": "129537",
		"likes": "994",
		"dislikes": "62",
		"thumbnail_link": "https://i.ytimg.com/vi/I1tCLn47Xqc/default.jpg",
		"group": ""
	},
	{
		"video_id": "fwmZZZwE_iY",
		"title": "JR Smith Dumbest Play In NBA History! Game 1 Cavaliers vs Warriors 2018 NBA FINALS",
		"channel_title": "PHP",
		"category_id": "17",
		"views": "327103",
		"likes": "994",
		"dislikes": "83",
		"thumbnail_link": "https://i.ytimg.com/vi/fwmZZZwE_iY/default.jpg",
		"group": ""
	},
	{
		"video_id": "6dI1HjBa9Os",
		"title": "INTRIGUE PLOTS - Terrible Writing Advice",
		"channel_title": "Terrible Writing Advice",
		"category_id": "23",
		"views": "127869",
		"likes": "9939",
		"dislikes": "50",
		"thumbnail_link": "https://i.ytimg.com/vi/6dI1HjBa9Os/default.jpg",
		"group": ""
	},
	{
		"video_id": "8XiqrERZo_8",
		"title": "lofi hip hop radio - beats to relax/study to",
		"channel_title": "ChilledCow",
		"category_id": "10",
		"views": "516087",
		"likes": "9937",
		"dislikes": "333",
		"thumbnail_link": "https://i.ytimg.com/vi/8XiqrERZo_8/default_live.jpg",
		"group": ""
	},
	{
		"video_id": "HPBZww-3LiM",
		"title": "Do Not Pour Jello in Tide Pods!",
		"channel_title": "Guava Juice",
		"category_id": "24",
		"views": "241675",
		"likes": "9936",
		"dislikes": "347",
		"thumbnail_link": "https://i.ytimg.com/vi/HPBZww-3LiM/default.jpg",
		"group": ""
	},
	{
		"video_id": "Tw3iDWpEJkE",
		"title": "WWE Superstars play Watch Ya' Mouth: WWE Game Night",
		"channel_title": "WWE",
		"category_id": "17",
		"views": "301434",
		"likes": "9933",
		"dislikes": "247",
		"thumbnail_link": "https://i.ytimg.com/vi/Tw3iDWpEJkE/default.jpg",
		"group": ""
	},
	{
		"video_id": "31goTLDnjmM",
		"title": "It's about time!",
		"channel_title": "Adam LZ",
		"category_id": "2",
		"views": "268637",
		"likes": "9933",
		"dislikes": "180",
		"thumbnail_link": "https://i.ytimg.com/vi/31goTLDnjmM/default.jpg",
		"group": ""
	}
]