[
	{
		"video_id": "YpnV0M6XTc8",
		"title": "\u20ac20 IN PARIS vs $20 IN NY",
		"channel_title": "DamonAndJo",
		"category_id": "23",
		"views": "177893",
		"likes": "9999",
		"dislikes": "347",
		"thumbnail_link": "https://i.ytimg.com/vi/YpnV0M6XTc8/default.jpg",
		"group": ""
	},
	{
		"video_id": "M1fKcktiPuk",
		"title": "BHAD BHABIE Hi Bich REMIX ft YBN Nahmir, Rich the Kid, Asian Doll | Danielle Bregoli",
		"channel_title": "Bhad Bhabie",
		"category_id": "10",
		"views": "2146828",
		"likes": "99983",
		"dislikes": "2995",
		"thumbnail_link": "https://i.ytimg.com/vi/M1fKcktiPuk/default.jpg",
		"group": ""
	},
	{
		"video_id": "TZSVf-yD7N8",
		"title": "Crosswalk the Musical on Broadway (w/ Hugh Jackman, Zendaya & Zac Efron)",
		"channel_title": "The Late Late Show with James Corden",
		"category_id": "24",
		"views": "3393384",
		"likes": "99980",
		"dislikes": "1509",
		"thumbnail_link": "https://i.ytimg.com/vi/TZSVf-yD7N8/default.jpg",
		"group": ""
	},
	{
		"video_id": "DSRSgMp5X1w",
		"title": "Christina Aguilera - Accelerate (Official Video) ft. Ty Dolla $ign, 2 Chainz",
		"channel_title": "CAguileraVEVO",
		"category_id": "10",
		"views": "2465294",
		"likes": "99973",
		"dislikes": "17299",
		"thumbnail_link": "https://i.ytimg.com/vi/DSRSgMp5X1w/default.jpg",
		"group": ""
	},
	{
		"video_id": "BEePFpC9qG8",
		"title": "360 Google Doodles/Spotlight Stories: Back to the Moon",
		"channel_title": "Google Spotlight Stories",
		"category_id": "1",
		"views": "2465294",
		"likes": "99973",
		"dislikes": "17299",
		"thumbnail_link": "https://i.ytimg.com/vi/BEePFpC9qG8/default.jpg",
		"group": ""
	},
	{
		"video_id": "yzl_ZKQExnk",
		"title": "PET DRAGONS & STUFF",
		"channel_title": "KickThePj",
		"category_id": "1",
		"views": "59887",
		"likes": "9997",
		"dislikes": "35",
		"thumbnail_link": "https://i.ytimg.com/vi/yzl_ZKQExnk/default.jpg",
		"group": ""
	},
	{
		"video_id": "VloKUNlNG2s",
		"title": "DJ Snake - Magenta Riddim (Audio)",
		"channel_title": "DJSnakeVEVO",
		"category_id": "10",
		"views": "6078305",
		"likes": "99969",
		"dislikes": "3420",
		"thumbnail_link": "https://i.ytimg.com/vi/VloKUNlNG2s/default.jpg",
		"group": ""
	},
	{
		"video_id": "iWFgvbf_Zu8",
		"title": "FromSoftware's new project",
		"channel_title": "FROMSOFTWARE",
		"category_id": "20",
		"views": "766516",
		"likes": "9996",
		"dislikes": "241",
		"thumbnail_link": "https://i.ytimg.com/vi/iWFgvbf_Zu8/default.jpg",
		"group": ""
	},
	{
		"video_id": "lojZXnH_978",
		"title": "THE LAST JEDI Rant",
		"channel_title": "The Rageaholic",
		"category_id": "24",
		"views": "195228",
		"likes": "9996",
		"dislikes": "1066",
		"thumbnail_link": "https://i.ytimg.com/vi/lojZXnH_978/default.jpg",
		"group": ""
	},
	{
		"video_id": "7pLdjf2NSiU",
		"title": "Hyperspeed Ramming: Does it break Star Wars lore?",
		"channel_title": "EC Henry",
		"category_id": "27",
		"views": "456865",
		"likes": "9994",
		"dislikes": "3739",
		"thumbnail_link": "https://i.ytimg.com/vi/7pLdjf2NSiU/default.jpg",
		"group": ""
	},
	{
		"video_id": "ibI5-k5sin8",
		"title": "Cut for Time: New Year\u2019s Kiss - SNL",
		"channel_title": "Saturday Night Live",
		"category_id": "24",
		"views": "750003",
		"likes": "9993",
		"dislikes": "827",
		"thumbnail_link": "https://i.ytimg.com/vi/ibI5-k5sin8/default.jpg",
		"group": ""
	},
	{
		"video_id": "je_0dC12gOs",
		"title": "Andr\u00e9s Iniesta substituted for the final time in an FC Barcelona shirt",
		"channel_title": "FC Barcelona",
		"category_id": "17",
		"views": "462779",
		"likes": "9991",
		"dislikes": "171",
		"thumbnail_link": "https://i.ytimg.com/vi/je_0dC12gOs/default.jpg",
		"group": ""
	},
	{
		"video_id": "G5V0rsKkMDo",
		"title": "Big Sean - Pull Up N Wreck (feat. 21 Savage) [Prod. By SouthSide & Metro Boomin]",
		"channel_title": "HipHop Sounds",
		"category_id": "10",
		"views": "561849",
		"likes": "9990",
		"dislikes": "270",
		"thumbnail_link": "https://i.ytimg.com/vi/G5V0rsKkMDo/default.jpg",
		"group": ""
	},
	{
		"video_id": "ms9j25XkYoU",
		"title": "Andy Serkis: Supreme Leader Snoke Is Motivated By Fear  - CONAN on TBS",
		"channel_title": "Team Coco",
		"category_id": "23",
		"views": "37929",
		"likes": "999",
		"dislikes": "57",
		"thumbnail_link": "https://i.ytimg.com/vi/ms9j25XkYoU/default.jpg",
		"group": ""
	},
	{
		"video_id": "XPrHD-7jjUs",
		"title": "This Hidden 300 Foot Stretch Of The Berlin Wall Is Still Standing (HBO)",
		"channel_title": "VICE News",
		"category_id": "25",
		"views": "51839",
		"likes": "999",
		"dislikes": "51",
		"thumbnail_link": "https://i.ytimg.com/vi/XPrHD-7jjUs/default.jpg",
		"group": ""
	},
	{
		"video_id": "OAGfx7eB3gA",
		"title": "How to pick up a cat like a pro - Vet advice on cat handling.",
		"channel_title": "Helpful Vancouver Vet",
		"category_id": "15",
		"views": "3326046",
		"likes": "99897",
		"dislikes": "2549",
		"thumbnail_link": "https://i.ytimg.com/vi/OAGfx7eB3gA/default.jpg",
		"group": ""
	},
	{
		"video_id": "sm7_baYCIkQ",
		"title": "WINNER - \u2018\ud558\ub8e8\ud558\ub8e8(HARU HARU)\u2019 + \u2018REALLY REALLY\u2019 in 2017 SBS Gayodaejun",
		"channel_title": "WINNER",
		"category_id": "10",
		"views": "1753093",
		"likes": "99881",
		"dislikes": "607",
		"thumbnail_link": "https://i.ytimg.com/vi/sm7_baYCIkQ/default.jpg",
		"group": ""
	},
	{
		"video_id": "f5I79eakR8E",
		"title": "Machine Gun Kelly - 27",
		"channel_title": "MGKVEVO",
		"category_id": "10",
		"views": "2192805",
		"likes": "99880",
		"dislikes": "1103",
		"thumbnail_link": "https://i.ytimg.com/vi/f5I79eakR8E/default.jpg",
		"group": ""
	},
	{
		"video_id": "v0TiqC_C8wI",
		"title": "Seth and Kelly Clarkson Go Day Drinking",
		"channel_title": "Late Night with Seth Meyers",
		"category_id": "23",
		"views": "562298",
		"likes": "9988",
		"dislikes": "398",
		"thumbnail_link": "https://i.ytimg.com/vi/v0TiqC_C8wI/default.jpg",
		"group": ""
	},
	{
		"video_id": "XR2ezV6pusk",
		"title": "Why I Don't Say Hello Anymore",
		"channel_title": "Marcus Butler",
		"category_id": "23",
		"views": "268679",
		"likes": "9988",
		"dislikes": "1401",
		"thumbnail_link": "https://i.ytimg.com/vi/XR2ezV6pusk/default.jpg",
		"group": ""
	},
	{
		"video_id": "NMFnVfsNf5Y",
		"title": "Power Rangers Shattered Grid Official Trailer Jason David Frank",
		"channel_title": "shinnox",
		"category_id": "20",
		"views": "1003122",
		"likes": "9988",
		"dislikes": "494",
		"thumbnail_link": "https://i.ytimg.com/vi/NMFnVfsNf5Y/default.jpg",
		"group": ""
	},
	{
		"video_id": "6l9go9X1EbE",
		"title": "The Truth About Star Wars: The Last Jedi",
		"channel_title": "Stefan Molyneux",
		"category_id": "25",
		"views": "255838",
		"likes": "9987",
		"dislikes": "1768",
		"thumbnail_link": "https://i.ytimg.com/vi/6l9go9X1EbE/default.jpg",
		"group": ""
	},
	{
		"video_id": "gNTIOZ3jJJo",
		"title": "Marilyn Manson - Tattooed In Reverse (Music Video)",
		"channel_title": "MarilynMansonVEVO",
		"category_id": "10",
		"views": "2873491",
		"likes": "99865",
		"dislikes": "5514",
		"thumbnail_link": "https://i.ytimg.com/vi/gNTIOZ3jJJo/default.jpg",
		"group": ""
	},
	{
		"video_id": "BYF2tfdD1fA",
		"title": "THE HOUSE THAT JACK BUILT Official Trailer (2018) Uma Thurman, Matt Dillon, Lars von Trier Movie HD",
		"channel_title": "ONE Media",
		"category_id": "1",
		"views": "1813786",
		"likes": "9985",
		"dislikes": "1358",
		"thumbnail_link": "https://i.ytimg.com/vi/BYF2tfdD1fA/default.jpg",
		"group": ""
	},
	{
		"video_id": "GEsK9GudV2M",
		"title": "Troye Sivan - My My My! (Acoustic)",
		"channel_title": "TroyeSivanVEVO",
		"category_id": "10",
		"views": "2106442",
		"likes": "99842",
		"dislikes": "1246",
		"thumbnail_link": "https://i.ytimg.com/vi/GEsK9GudV2M/default.jpg",
		"group": ""
	},
	{
		"video_id": "_KEN-cxmGw8",
		"title": "What Jeremy Clarkson thinks about Tesla",
		"channel_title": "Mashable Daily",
		"category_id": "2",
		"views": "1108618",
		"likes": "9984",
		"dislikes": "1327",
		"thumbnail_link": "https://i.ytimg.com/vi/_KEN-cxmGw8/default.jpg",
		"group": ""
	},
	{
		"video_id": "MTstD7FHcBw",
		"title": "DISNEY DESTROYS MARK HAMILL AFTER STAR WARS",
		"channel_title": "Alex Becker's Channel",
		"category_id": "22",
		"views": "414966",
		"likes": "9984",
		"dislikes": "3070",
		"thumbnail_link": "https://i.ytimg.com/vi/MTstD7FHcBw/default.jpg",
		"group": ""
	},
	{
		"video_id": "817P8W8-mGE",
		"title": "Ed Sheeran - Perfect Duet (with Beyonc\u00e9) [Official Audio]",
		"channel_title": "Ed Sheeran",
		"category_id": "10",
		"views": "36101955",
		"likes": "998395",
		"dislikes": "22585",
		"thumbnail_link": "https://i.ytimg.com/vi/817P8W8-mGE/default.jpg",
		"group": ""
	},
	{
		"video_id": "tGRzz0oqgUE",
		"title": "Janelle Mon\u00e1e \u2013 Make Me Feel [Official Music Video]",
		"channel_title": "Janelle Mon\u00e1e",
		"category_id": "10",
		"views": "3776322",
		"likes": "99829",
		"dislikes": "7062",
		"thumbnail_link": "https://i.ytimg.com/vi/tGRzz0oqgUE/default.jpg",
		"group": ""
	},
	{
		"video_id": "MMGrzOu1amQ",
		"title": "HOLO CAPPUCCINO | DIY Diamond Cappuccino test (maybe don't drink this?)",
		"channel_title": "Simply Nailogical",
		"category_id": "24",
		"views": "2259888",
		"likes": "99803",
		"dislikes": "1074",
		"thumbnail_link": "https://i.ytimg.com/vi/MMGrzOu1amQ/default.jpg",
		"group": ""
	},
	{
		"video_id": "ECLwG0sHrAw",
		"title": "Metro Exodus - Game Awards 2017 Trailer",
		"channel_title": "XCageGame",
		"category_id": "20",
		"views": "88264",
		"likes": "998",
		"dislikes": "39",
		"thumbnail_link": "https://i.ytimg.com/vi/ECLwG0sHrAw/default.jpg",
		"group": ""
	},
	{
		"video_id": "1Wo6WEBhBBw",
		"title": "Syrian War Report \u2013 December 25, 2017: Army Cuts Off Key Militant Supply Line In Beit Jinn Pocket",
		"channel_title": "South Front",
		"category_id": "25",
		"views": "36712",
		"likes": "998",
		"dislikes": "39",
		"thumbnail_link": "https://i.ytimg.com/vi/1Wo6WEBhBBw/default.jpg",
		"group": ""
	},
	{
		"video_id": "0fOZ4Nwm5Pg",
		"title": "Drake's Dad Claps Back At Wendy Williams! He Calls Her RUPAUL After She Dissed Drake On Her Show",
		"channel_title": "Lailah Lynn",
		"category_id": "24",
		"views": "98916",
		"likes": "998",
		"dislikes": "193",
		"thumbnail_link": "https://i.ytimg.com/vi/0fOZ4Nwm5Pg/default.jpg",
		"group": ""
	},
	{
		"video_id": "JQbjS0_ZfJ0",
		"title": "Kendrick Lamar, SZA - All The Stars",
		"channel_title": "KendrickLamarVEVO",
		"category_id": "10",
		"views": "65835354",
		"likes": "997993",
		"dislikes": "23617",
		"thumbnail_link": "https://i.ytimg.com/vi/JQbjS0_ZfJ0/default.jpg",
		"group": ""
	},
	{
		"video_id": "q2sI-T69sjs",
		"title": "A Kanye Place - SNL",
		"channel_title": "Saturday Night Live",
		"category_id": "24",
		"views": "4893304",
		"likes": "99798",
		"dislikes": "4709",
		"thumbnail_link": "https://i.ytimg.com/vi/q2sI-T69sjs/default.jpg",
		"group": ""
	},
	{
		"video_id": "XQ0sKCp_NZA",
		"title": "Pitch Perfect 3 Cast Recaps The First Two Pitch Perfect Movies in 7 Minutes | Vanity Fair",
		"channel_title": "Vanity Fair",
		"category_id": "24",
		"views": "461208",
		"likes": "9978",
		"dislikes": "115",
		"thumbnail_link": "https://i.ytimg.com/vi/XQ0sKCp_NZA/default.jpg",
		"group": ""
	},
	{
		"video_id": "He-HBXbHT_U",
		"title": "\u2744\ufe0fDECEMBLUR\u2744\ufe0f \u2044\u2044 CatCreature",
		"channel_title": "CatCreature",
		"category_id": "22",
		"views": "128100",
		"likes": "9978",
		"dislikes": "37",
		"thumbnail_link": "https://i.ytimg.com/vi/He-HBXbHT_U/default.jpg",
		"group": ""
	},
	{
		"video_id": "-i1_jpjmdJE",
		"title": "Blink 182 - I Miss You",
		"channel_title": "Jimmy Kimmel Live",
		"category_id": "23",
		"views": "559717",
		"likes": "9978",
		"dislikes": "1389",
		"thumbnail_link": "https://i.ytimg.com/vi/-i1_jpjmdJE/default.jpg",
		"group": ""
	},
	{
		"video_id": "jOTLVy7kgXA",
		"title": "Jennifer Lawrence Tells Her Haters With Blogs Not To See 'Red Sparrow'",
		"channel_title": "The Late Show with Stephen Colbert",
		"category_id": "24",
		"views": "679745",
		"likes": "9977",
		"dislikes": "686",
		"thumbnail_link": "https://i.ytimg.com/vi/jOTLVy7kgXA/default.jpg",
		"group": ""
	},
	{
		"video_id": "x4CF5pruJz4",
		"title": "TORNEO DE YOUTUBERS #YTBattleRoyale - Fortnite - elrubiusOMG",
		"channel_title": "elrubiusOMG",
		"category_id": "20",
		"views": "13843631",
		"likes": "997577",
		"dislikes": "16083",
		"thumbnail_link": "https://i.ytimg.com/vi/x4CF5pruJz4/default.jpg",
		"group": ""
	},
	{
		"video_id": "zXHUHx4R9kI",
		"title": "Jaden Smith - George Jeff",
		"channel_title": "JadenSmithVEVO",
		"category_id": "10",
		"views": "1401141",
		"likes": "99739",
		"dislikes": "3152",
		"thumbnail_link": "https://i.ytimg.com/vi/zXHUHx4R9kI/default.jpg",
		"group": ""
	},
	{
		"video_id": "guRbfQFddfg",
		"title": "John Krasinski Answers the Web's Most Searched Questions | WIRED",
		"channel_title": "WIRED",
		"category_id": "24",
		"views": "3622164",
		"likes": "99724",
		"dislikes": "1078",
		"thumbnail_link": "https://i.ytimg.com/vi/guRbfQFddfg/default.jpg",
		"group": ""
	},
	{
		"video_id": "Bzu4G8uZs-4",
		"title": "Selena Gomez, Marshmello - Wolves",
		"channel_title": "SelenaGomezVEVO",
		"category_id": "10",
		"views": "1184303",
		"likes": "99722",
		"dislikes": "1091",
		"thumbnail_link": "https://i.ytimg.com/vi/Bzu4G8uZs-4/default.jpg",
		"group": ""
	},
	{
		"video_id": "N1HAMUAXzbs",
		"title": "Kris Wu \u2013 Like That (Official Music Video)",
		"channel_title": "Kris Wu",
		"category_id": "10",
		"views": "13558687",
		"likes": "99719",
		"dislikes": "0",
		"thumbnail_link": "https://i.ytimg.com/vi/N1HAMUAXzbs/default.jpg",
		"group": ""
	},
	{
		"video_id": "AQNj9fMnzDo",
		"title": "Melendi, Carlos Vives - El Arrepentido",
		"channel_title": "MelendiOficialVEVO",
		"category_id": "10",
		"views": "11352435",
		"likes": "99716",
		"dislikes": "4721",
		"thumbnail_link": "https://i.ytimg.com/vi/AQNj9fMnzDo/default.jpg",
		"group": ""
	},
	{
		"video_id": "c47kn_Y4y8A",
		"title": "The Ultimate Paper Airplane | WIRED",
		"channel_title": "WIRED",
		"category_id": "28",
		"views": "273905",
		"likes": "9970",
		"dislikes": "127",
		"thumbnail_link": "https://i.ytimg.com/vi/c47kn_Y4y8A/default.jpg",
		"group": ""
	},
	{
		"video_id": "4FDpjKdlIxA",
		"title": "Waking Up with Sam Harris #103 - American Fantasies (with Kurt Andersen)",
		"channel_title": "Sam Harris",
		"category_id": "28",
		"views": "72757",
		"likes": "997",
		"dislikes": "262",
		"thumbnail_link": "https://i.ytimg.com/vi/4FDpjKdlIxA/default.jpg",
		"group": ""
	},
	{
		"video_id": "Q-oM2BQ8Jow",
		"title": "Ansel Elgort - Supernova",
		"channel_title": "AnselElgortVEVO",
		"category_id": "10",
		"views": "1139952",
		"likes": "99698",
		"dislikes": "1275",
		"thumbnail_link": "https://i.ytimg.com/vi/Q-oM2BQ8Jow/default.jpg",
		"group": ""
	},
	{
		"video_id": "_DiGQRaaHvg",
		"title": "The Grand Tour: Legally Tesla",
		"channel_title": "The Grand Tour",
		"category_id": "24",
		"views": "506193",
		"likes": "9969",
		"dislikes": "590",
		"thumbnail_link": "https://i.ytimg.com/vi/_DiGQRaaHvg/default.jpg",
		"group": ""
	},
	{
		"video_id": "uBYzYji4rmE",
		"title": "Honest Trailers - Black Panther",
		"channel_title": "Screen Junkies",
		"category_id": "1",
		"views": "4071774",
		"likes": "99682",
		"dislikes": "5147",
		"thumbnail_link": "https://i.ytimg.com/vi/uBYzYji4rmE/default.jpg",
		"group": ""
	},
	{
		"video_id": "VQhjbCxOxdo",
		"title": "KYLE - Playinwitme feat. Kehlani [Official Music Video]",
		"channel_title": "SuperDuperKyle",
		"category_id": "10",
		"views": "6208300",
		"likes": "99679",
		"dislikes": "3007",
		"thumbnail_link": "https://i.ytimg.com/vi/VQhjbCxOxdo/default.jpg",
		"group": ""
	},
	{
		"video_id": "sS0LCjOiIhc",
		"title": "GOT7 Look M/V",
		"channel_title": "jypentertainment",
		"category_id": "10",
		"views": "22331130",
		"likes": "996754",
		"dislikes": "10240",
		"thumbnail_link": "https://i.ytimg.com/vi/sS0LCjOiIhc/default.jpg",
		"group": ""
	},
	{
		"video_id": "XIZmIl9SsXk",
		"title": "People Try The New Diet Coke Flavors",
		"channel_title": "BuzzFeedVideo",
		"category_id": "22",
		"views": "597277",
		"likes": "9967",
		"dislikes": "1060",
		"thumbnail_link": "https://i.ytimg.com/vi/XIZmIl9SsXk/default.jpg",
		"group": ""
	},
	{
		"video_id": "lp_bsz_4e3U",
		"title": "Gotham Season 4 See Your Own Darkness Extended Trailer (HD)",
		"channel_title": "TV Promos",
		"category_id": "24",
		"views": "513899",
		"likes": "9967",
		"dislikes": "312",
		"thumbnail_link": "https://i.ytimg.com/vi/lp_bsz_4e3U/default.jpg",
		"group": ""
	},
	{
		"video_id": "HmBIn9De-Yc",
		"title": "Legion | Season 2 - Official Trailer",
		"channel_title": "Marvel Entertainment",
		"category_id": "24",
		"views": "270656",
		"likes": "9967",
		"dislikes": "142",
		"thumbnail_link": "https://i.ytimg.com/vi/HmBIn9De-Yc/default.jpg",
		"group": ""
	},
	{
		"video_id": "ZHBYGpAlNog",
		"title": "He Was Never There, Docupoem",
		"channel_title": "The Weeknd",
		"category_id": "10",
		"views": "1410313",
		"likes": "99629",
		"dislikes": "1047",
		"thumbnail_link": "https://i.ytimg.com/vi/ZHBYGpAlNog/default.jpg",
		"group": ""
	},
	{
		"video_id": "JwAnH6PLimo",
		"title": "Young Thug - Anybody (ft. Nicki Minaj) [Official Sign Video]",
		"channel_title": "Young Thug",
		"category_id": "24",
		"views": "2668565",
		"likes": "99613",
		"dislikes": "2066",
		"thumbnail_link": "https://i.ytimg.com/vi/JwAnH6PLimo/default.jpg",
		"group": ""
	},
	{
		"video_id": "zkNzxsaCunU",
		"title": "\u7c73\u6d25\u7384\u5e2b MV\u300c\u6625\u96f7\u300dShunrai",
		"channel_title": "\u7c73\u6d25\u7384\u5e2b",
		"category_id": "10",
		"views": "3781188",
		"likes": "99611",
		"dislikes": "814",
		"thumbnail_link": "https://i.ytimg.com/vi/zkNzxsaCunU/default.jpg",
		"group": ""
	},
	{
		"video_id": "G9j8wV0ghlg",
		"title": "Testing NEW Primark Beauty 2018 (Makeup & Brushes etc...) | Sophie Louise",
		"channel_title": "Sophie Louise",
		"category_id": "26",
		"views": "229700",
		"likes": "9960",
		"dislikes": "251",
		"thumbnail_link": "https://i.ytimg.com/vi/G9j8wV0ghlg/default.jpg",
		"group": ""
	},
	{
		"video_id": "3Xb3eOH4PMA",
		"title": "When dad hijacks elf on a shelf \ud83d\ude09\ud83c\udf84",
		"channel_title": "LadBaby Official",
		"category_id": "22",
		"views": "31596",
		"likes": "996",
		"dislikes": "41",
		"thumbnail_link": "https://i.ytimg.com/vi/3Xb3eOH4PMA/default.jpg",
		"group": ""
	},
	{
		"video_id": "UDIkXCDdLTo",
		"title": "Adam Silver on secretive All-Star draft format: It could be revisited | The Jump | ESPN",
		"channel_title": "ESPN",
		"category_id": "17",
		"views": "94289",
		"likes": "996",
		"dislikes": "34",
		"thumbnail_link": "https://i.ytimg.com/vi/UDIkXCDdLTo/default.jpg",
		"group": ""
	},
	{
		"video_id": "FofCwLXknq8",
		"title": "Lily Allen - Trigger Bang (feat. Giggs) [Official Audio]",
		"channel_title": "Lily Allen",
		"category_id": "10",
		"views": "232117",
		"likes": "9959",
		"dislikes": "580",
		"thumbnail_link": "https://i.ytimg.com/vi/FofCwLXknq8/default.jpg",
		"group": ""
	},
	{
		"video_id": "8diVDS4qW6I",
		"title": "Grace VanderWaal - Clearly (Behind the Scenes)",
		"channel_title": "GraceVanderWaalVEVO",
		"category_id": "10",
		"views": "162165",
		"likes": "9959",
		"dislikes": "65",
		"thumbnail_link": "https://i.ytimg.com/vi/8diVDS4qW6I/default.jpg",
		"group": ""
	},
	{
		"video_id": "Gc71AmT_b2k",
		"title": "Bazzi - Mine (Official Video)",
		"channel_title": "Bazzi",
		"category_id": "10",
		"views": "1623639",
		"likes": "99589",
		"dislikes": "754",
		"thumbnail_link": "https://i.ytimg.com/vi/Gc71AmT_b2k/default.jpg",
		"group": ""
	},
	{
		"video_id": "bZs2ImrTg5w",
		"title": "Drop the Mic: Shawn Mendes vs Odell Beckham Jr. - FULL BATTLE | TBS",
		"channel_title": "TBS",
		"category_id": "24",
		"views": "2055960",
		"likes": "99580",
		"dislikes": "618",
		"thumbnail_link": "https://i.ytimg.com/vi/bZs2ImrTg5w/default.jpg",
		"group": ""
	},
	{
		"video_id": "je_0dC12gOs",
		"title": "Andr\u00e9s Iniesta substituted for the final time in an FC Barcelona shirt",
		"channel_title": "FC Barcelona",
		"category_id": "17",
		"views": "454477",
		"likes": "9956",
		"dislikes": "170",
		"thumbnail_link": "https://i.ytimg.com/vi/je_0dC12gOs/default.jpg",
		"group": ""
	},
	{
		"video_id": "Wd_idMpg_qQ",
		"title": "Joyner Lucas - Look Alive (Remix)",
		"channel_title": "joyner lucas",
		"category_id": "10",
		"views": "1269768",
		"likes": "99559",
		"dislikes": "1662",
		"thumbnail_link": "https://i.ytimg.com/vi/Wd_idMpg_qQ/default.jpg",
		"group": ""
	},
	{
		"video_id": "1sl5KJ69qiA",
		"title": "The Greater Good - Mind Field S2 (Ep 1)",
		"channel_title": "Vsauce",
		"category_id": "24",
		"views": "2173624",
		"likes": "99553",
		"dislikes": "2862",
		"thumbnail_link": "https://i.ytimg.com/vi/1sl5KJ69qiA/default.jpg",
		"group": ""
	},
	{
		"video_id": "GEsK9GudV2M",
		"title": "Troye Sivan - My My My! (Acoustic)",
		"channel_title": "TroyeSivanVEVO",
		"category_id": "10",
		"views": "2086189",
		"likes": "99553",
		"dislikes": "1243",
		"thumbnail_link": "https://i.ytimg.com/vi/GEsK9GudV2M/default.jpg",
		"group": ""
	},
	{
		"video_id": "uRP4nAGMYCY",
		"title": "True Facts: Frog Fish",
		"channel_title": "zefrank1",
		"category_id": "22",
		"views": "1215538",
		"likes": "99552",
		"dislikes": "1206",
		"thumbnail_link": "https://i.ytimg.com/vi/uRP4nAGMYCY/default.jpg",
		"group": ""
	},
	{
		"video_id": "iWFgvbf_Zu8",
		"title": "FromSoftware's new project",
		"channel_title": "FROMSOFTWARE",
		"category_id": "20",
		"views": "761176",
		"likes": "9955",
		"dislikes": "239",
		"thumbnail_link": "https://i.ytimg.com/vi/iWFgvbf_Zu8/default.jpg",
		"group": ""
	},
	{
		"video_id": "i6pw07k3GkM",
		"title": "How figure skating scoring rewards risk over artistry",
		"channel_title": "Vox",
		"category_id": "25",
		"views": "417367",
		"likes": "9955",
		"dislikes": "287",
		"thumbnail_link": "https://i.ytimg.com/vi/i6pw07k3GkM/default.jpg",
		"group": ""
	},
	{
		"video_id": "hkFYWyy9Jek",
		"title": "If Talk Show Interviews Were Honest (ft. Chelsea Handler)",
		"channel_title": "IISuperwomanII",
		"category_id": "23",
		"views": "1043893",
		"likes": "99526",
		"dislikes": "515",
		"thumbnail_link": "https://i.ytimg.com/vi/hkFYWyy9Jek/default.jpg",
		"group": ""
	},
	{
		"video_id": "eHIY3HNNqzM",
		"title": "The Script - Arms Open (Acoustic) [Audio]",
		"channel_title": "TheScriptVEVO",
		"category_id": "10",
		"views": "224808",
		"likes": "9952",
		"dislikes": "124",
		"thumbnail_link": "https://i.ytimg.com/vi/eHIY3HNNqzM/default.jpg",
		"group": ""
	},
	{
		"video_id": "5ZoKBdxhXpw",
		"title": "Waterparks Lucky People (Official Music Video)",
		"channel_title": "Equal Vision Records",
		"category_id": "10",
		"views": "124031",
		"likes": "9952",
		"dislikes": "57",
		"thumbnail_link": "https://i.ytimg.com/vi/5ZoKBdxhXpw/default.jpg",
		"group": ""
	},
	{
		"video_id": "UU7OcFBjNgc",
		"title": "See new AVGN episode early on Amazon Prime now. EARTHBOUND (SNES)",
		"channel_title": "Cinemassacre",
		"category_id": "20",
		"views": "141824",
		"likes": "9952",
		"dislikes": "1314",
		"thumbnail_link": "https://i.ytimg.com/vi/UU7OcFBjNgc/default.jpg",
		"group": ""
	},
	{
		"video_id": "FQUmz9QxtFc",
		"title": "Jack Whitehall Teaches His Dad About YouTube",
		"channel_title": "Jack Whitehall",
		"category_id": "23",
		"views": "224505",
		"likes": "9950",
		"dislikes": "109",
		"thumbnail_link": "https://i.ytimg.com/vi/FQUmz9QxtFc/default.jpg",
		"group": ""
	},
	{
		"video_id": "mMHT2vdWvpg",
		"title": "Mario Tennis Aces - Nintendo Switch - Nintendo Direct 3.8.2018",
		"channel_title": "Nintendo",
		"category_id": "20",
		"views": "663284",
		"likes": "9950",
		"dislikes": "428",
		"thumbnail_link": "https://i.ytimg.com/vi/mMHT2vdWvpg/default.jpg",
		"group": ""
	},
	{
		"video_id": "ZvdPvq4dX78",
		"title": "Sports Journalist Bomani Jones (Extended Cut)",
		"channel_title": "Desus & Mero",
		"category_id": "24",
		"views": "64482",
		"likes": "995",
		"dislikes": "41",
		"thumbnail_link": "https://i.ytimg.com/vi/ZvdPvq4dX78/default.jpg",
		"group": ""
	},
	{
		"video_id": "jbeEE0RaEeA",
		"title": "Spoiler Mode - Star Wars Episode VIII The Last Jedi",
		"channel_title": "Easy Allies",
		"category_id": "20",
		"views": "22526",
		"likes": "995",
		"dislikes": "93",
		"thumbnail_link": "https://i.ytimg.com/vi/jbeEE0RaEeA/default.jpg",
		"group": ""
	},
	{
		"video_id": "W5eoXXO9a4U",
		"title": "1/4/18: White House Press Briefing",
		"channel_title": "The White House",
		"category_id": "25",
		"views": "58521",
		"likes": "995",
		"dislikes": "232",
		"thumbnail_link": "https://i.ytimg.com/vi/W5eoXXO9a4U/default.jpg",
		"group": ""
	},
	{
		"video_id": "U9BwWKXjVaI",
		"title": "Drake - Nice For What",
		"channel_title": "DrakeVEVO",
		"category_id": "10",
		"views": "60635812",
		"likes": "994986",
		"dislikes": "34165",
		"thumbnail_link": "https://i.ytimg.com/vi/U9BwWKXjVaI/default.jpg",
		"group": ""
	},
	{
		"video_id": "iiWm8AxvWtw",
		"title": "73 Questions With Sean \u201cDiddy\u201d Combs | Vogue",
		"channel_title": "Vogue",
		"category_id": "24",
		"views": "332847",
		"likes": "9949",
		"dislikes": "198",
		"thumbnail_link": "https://i.ytimg.com/vi/iiWm8AxvWtw/default.jpg",
		"group": ""
	},
	{
		"video_id": "B663R7kgxEA",
		"title": "Sergio Ramos y Demarco Flamenco - Otra estrella en tu coraz\u00f3n (Videoclip Oficial) #VAMOSESPA\u00d1A",
		"channel_title": "La Roja",
		"category_id": "22",
		"views": "3555144",
		"likes": "99477",
		"dislikes": "12193",
		"thumbnail_link": "https://i.ytimg.com/vi/B663R7kgxEA/default.jpg",
		"group": ""
	},
	{
		"video_id": "BJeCOo_CRyE",
		"title": "Charlie Puth (feat. Boyz II Men) - If You Leave Me Now (Studio Session)",
		"channel_title": "Charlie Puth",
		"category_id": "10",
		"views": "1455377",
		"likes": "99476",
		"dislikes": "1174",
		"thumbnail_link": "https://i.ytimg.com/vi/BJeCOo_CRyE/default.jpg",
		"group": ""
	},
	{
		"video_id": "YynKelHGhNc",
		"title": "Hayley Kiyoko - What I Need (feat. Kehlani) [Official Video]",
		"channel_title": "Hayley Kiyoko",
		"category_id": "10",
		"views": "483885",
		"likes": "99474",
		"dislikes": "322",
		"thumbnail_link": "https://i.ytimg.com/vi/YynKelHGhNc/default.jpg",
		"group": ""
	},
	{
		"video_id": "G4MTmN7n8Ks",
		"title": "HONEST Q&A GRWM | PARENTING, FAITH & DEPRESSION?",
		"channel_title": "Dina Tokio",
		"category_id": "26",
		"views": "204948",
		"likes": "9947",
		"dislikes": "189",
		"thumbnail_link": "https://i.ytimg.com/vi/G4MTmN7n8Ks/default.jpg",
		"group": ""
	},
	{
		"video_id": "M1fKcktiPuk",
		"title": "BHAD BHABIE Hi Bich REMIX ft YBN Nahmir, Rich the Kid, Asian Doll | Danielle Bregoli",
		"channel_title": "Bhad Bhabie",
		"category_id": "10",
		"views": "2117522",
		"likes": "99461",
		"dislikes": "2984",
		"thumbnail_link": "https://i.ytimg.com/vi/M1fKcktiPuk/default.jpg",
		"group": ""
	},
	{
		"video_id": "3TPY4TKo6uQ",
		"title": "Solo: A Star Wars Story - Sabotage Trailer Re-Cut",
		"channel_title": "War Starts at Midnight Podcast",
		"category_id": "24",
		"views": "840087",
		"likes": "9946",
		"dislikes": "189",
		"thumbnail_link": "https://i.ytimg.com/vi/3TPY4TKo6uQ/default.jpg",
		"group": ""
	},
	{
		"video_id": "vFK7oWLWapc",
		"title": "Justice League Bad",
		"channel_title": "Jenny Nicholson",
		"category_id": "1",
		"views": "292982",
		"likes": "9945",
		"dislikes": "1921",
		"thumbnail_link": "https://i.ytimg.com/vi/vFK7oWLWapc/default.jpg",
		"group": ""
	},
	{
		"video_id": "Rhnp3tMFaS0",
		"title": "MY MAKEOVER (GOODBYE TATTOOS)",
		"channel_title": "Helen Anderson",
		"category_id": "22",
		"views": "164766",
		"likes": "9945",
		"dislikes": "263",
		"thumbnail_link": "https://i.ytimg.com/vi/Rhnp3tMFaS0/default.jpg",
		"group": ""
	},
	{
		"video_id": "ao_CJr7-NR4",
		"title": "\u2018Karate Kid\u2019 Sequel \u2018Cobra Kai\u2019 Reunites Ralph Macchio And William Zabka | TODAY",
		"channel_title": "TODAY",
		"category_id": "25",
		"views": "824976",
		"likes": "9945",
		"dislikes": "284",
		"thumbnail_link": "https://i.ytimg.com/vi/ao_CJr7-NR4/default.jpg",
		"group": ""
	},
	{
		"video_id": "mctn16hLzhg",
		"title": "Jennifer Lawrence Explains Her Drunk Alter Ego 'Gail'",
		"channel_title": "TheEllenShow",
		"category_id": "24",
		"views": "5835822",
		"likes": "99447",
		"dislikes": "2805",
		"thumbnail_link": "https://i.ytimg.com/vi/mctn16hLzhg/default.jpg",
		"group": ""
	},
	{
		"video_id": "VQhjbCxOxdo",
		"title": "KYLE - Playinwitme feat. Kehlani [Official Music Video]",
		"channel_title": "SuperDuperKyle",
		"category_id": "10",
		"views": "6185676",
		"likes": "99446",
		"dislikes": "3001",
		"thumbnail_link": "https://i.ytimg.com/vi/VQhjbCxOxdo/default.jpg",
		"group": ""
	},
	{
		"video_id": "IdyXKJ8NcNI",
		"title": "all women are queens",
		"channel_title": "Star Wars Memes",
		"category_id": "22",
		"views": "202474",
		"likes": "9944",
		"dislikes": "108",
		"thumbnail_link": "https://i.ytimg.com/vi/IdyXKJ8NcNI/default.jpg",
		"group": ""
	},
	{
		"video_id": "DSAsdcDIYgw",
		"title": "Live Q&A: Conan Without Borders: Italy",
		"channel_title": "Team Coco",
		"category_id": "24",
		"views": "507189",
		"likes": "9944",
		"dislikes": "373",
		"thumbnail_link": "https://i.ytimg.com/vi/DSAsdcDIYgw/default.jpg",
		"group": ""
	},
	{
		"video_id": "I2sRc3j7IU0",
		"title": "Crossing A Line (Official Video) - Mike Shinoda",
		"channel_title": "Mike Shinoda",
		"category_id": "10",
		"views": "2158154",
		"likes": "99420",
		"dislikes": "1453",
		"thumbnail_link": "https://i.ytimg.com/vi/I2sRc3j7IU0/default.jpg",
		"group": ""
	},
	{
		"video_id": "n1WpP7iowLc",
		"title": "Eminem - Walk On Water (Audio) ft. Beyonc\u00e9",
		"channel_title": "EminemVEVO",
		"category_id": "10",
		"views": "33716279",
		"likes": "994089",
		"dislikes": "60095",
		"thumbnail_link": "https://i.ytimg.com/vi/n1WpP7iowLc/default.jpg",
		"group": ""
	},
	{
		"video_id": "zTIoErJmsp4",
		"title": "The Neighbourhood - Scary Love",
		"channel_title": "TheNeighbourhoodVEVO",
		"category_id": "10",
		"views": "991242",
		"likes": "99408",
		"dislikes": "861",
		"thumbnail_link": "https://i.ytimg.com/vi/zTIoErJmsp4/default.jpg",
		"group": ""
	},
	{
		"video_id": "guRbfQFddfg",
		"title": "John Krasinski Answers the Web's Most Searched Questions | WIRED",
		"channel_title": "WIRED",
		"category_id": "24",
		"views": "3606061",
		"likes": "99393",
		"dislikes": "1075",
		"thumbnail_link": "https://i.ytimg.com/vi/guRbfQFddfg/default.jpg",
		"group": ""
	}
]