[
	{
		"video_id": "C4sQB5uGX8Q",
		"title": "Janasena Chief Pawan Kalyan Exclusive Interview with Venkatakrishna | Black & White | AP24x7",
		"channel_title": "AP24x7",
		"category_id": "25",
		"views": "325610",
		"likes": "9996",
		"dislikes": "1040",
		"thumbnail_link": "https://i.ytimg.com/vi/C4sQB5uGX8Q/default.jpg",
		"group": ""
	},
	{
		"video_id": "rrZ8d0hDyzM",
		"title": "Viva News - EP 10 | Snow Blooded Murder",
		"channel_title": "VIVA",
		"category_id": "23",
		"views": "317386",
		"likes": "9990",
		"dislikes": "2208",
		"thumbnail_link": "https://i.ytimg.com/vi/rrZ8d0hDyzM/default.jpg",
		"group": ""
	},
	{
		"video_id": "mA45IV9njv8",
		"title": "Super Singer 6 Episode 14",
		"channel_title": "Vijay Television",
		"category_id": "43",
		"views": "611125",
		"likes": "9990",
		"dislikes": "464",
		"thumbnail_link": "https://i.ytimg.com/vi/mA45IV9njv8/default.jpg",
		"group": ""
	},
	{
		"video_id": "ApGh_sN_niI",
		"title": "Simbu Atrocities | \u0ba4\u0bc6\u0bb0\u0bc1\u0bb5\u0bc1\u0b95\u0bcd\u0b95\u0bc1 \u0bb5\u0ba8\u0bcd\u0ba4 \u0ba4\u0baf\u0bbe\u0bb0\u0bbf\u0baa\u0bcd\u0baa\u0bbe\u0bb3\u0bb0\u0bcd  | Producer Michael Rayappan AAA issue",
		"channel_title": "Nakkheeran TV",
		"category_id": "25",
		"views": "114058",
		"likes": "999",
		"dislikes": "128",
		"thumbnail_link": "https://i.ytimg.com/vi/ApGh_sN_niI/default.jpg",
		"group": ""
	},
	{
		"video_id": "GsG26KXhaiM",
		"title": "Sridevi Death || \u0c36\u0c4d\u0c30\u0c40\u0c26\u0c47\u0c35\u0c3f \u0c2e\u0c43\u0c24\u0c26\u0c47\u0c39\u0c3e\u0c28\u0c3f\u0c15\u0c3f \u0c30\u0c40\u0c2a\u0c4b\u0c38\u0c4d\u0c1f\u0c41\u0c2e\u0c3e\u0c30\u0c4d\u0c1f\u0c02 - TV9",
		"channel_title": "TV9 Telugu",
		"category_id": "25",
		"views": "527029",
		"likes": "999",
		"dislikes": "560",
		"thumbnail_link": "https://i.ytimg.com/vi/GsG26KXhaiM/default.jpg",
		"group": ""
	},
	{
		"video_id": "LOpz6iAWkg8",
		"title": "Lagira Zhala Jee - \u0932\u0917\u093f\u0930\u093e \u091d\u0932\u093e \u091c\u0940 - Episode 274  - March 12, 2018 - Webisode",
		"channel_title": "zeemarathi",
		"category_id": "24",
		"views": "333387",
		"likes": "999",
		"dislikes": "200",
		"thumbnail_link": "https://i.ytimg.com/vi/LOpz6iAWkg8/default.jpg",
		"group": ""
	},
	{
		"video_id": "LOpz6iAWkg8",
		"title": "Lagira Zhala Jee - \u0932\u0917\u093f\u0930\u093e \u091d\u0932\u093e \u091c\u0940 - Episode 274  - March 12, 2018 - Webisode",
		"channel_title": "zeemarathi",
		"category_id": "24",
		"views": "333387",
		"likes": "999",
		"dislikes": "200",
		"thumbnail_link": "https://i.ytimg.com/vi/LOpz6iAWkg8/default.jpg",
		"group": ""
	},
	{
		"video_id": "xaQfTINsKGc",
		"title": "Mogalirekulu | 29th Mar 2018 | Gemini TV",
		"channel_title": "Gemini TV",
		"category_id": "24",
		"views": "130173",
		"likes": "999",
		"dislikes": "89",
		"thumbnail_link": "https://i.ytimg.com/vi/xaQfTINsKGc/default.jpg",
		"group": ""
	},
	{
		"video_id": "CSUVL7x_3Pg",
		"title": "\u0a96\u0a9c\u0ac1\u0ab0\u0aad\u0abe\u0a88 \u0aa8\u0ac0 \u0a9a\u0abe \u0aaa\u0ac0\u0aa7\u0ac0??? - Khajurbhai ni moj - IPL.11",
		"channel_title": "Khajur Bhai Ni Moj",
		"category_id": "23",
		"views": "548779",
		"likes": "9987",
		"dislikes": "509",
		"thumbnail_link": "https://i.ytimg.com/vi/CSUVL7x_3Pg/default.jpg",
		"group": ""
	},
	{
		"video_id": "CSUVL7x_3Pg",
		"title": "\u0a96\u0a9c\u0ac1\u0ab0\u0aad\u0abe\u0a88 \u0aa8\u0ac0 \u0a9a\u0abe \u0aaa\u0ac0\u0aa7\u0ac0??? - Khajurbhai ni moj - IPL.11",
		"channel_title": "Khajur Bhai Ni Moj",
		"category_id": "23",
		"views": "548779",
		"likes": "9987",
		"dislikes": "509",
		"thumbnail_link": "https://i.ytimg.com/vi/CSUVL7x_3Pg/default.jpg",
		"group": ""
	},
	{
		"video_id": "AixkpAKEerE",
		"title": "Rangamma Mangamma Song Making | Rangasthalam Telugu Movie | Ram Charan | Samantha | Aadhi | DSP",
		"channel_title": "Mythri Movie Makers",
		"category_id": "24",
		"views": "723040",
		"likes": "9986",
		"dislikes": "446",
		"thumbnail_link": "https://i.ytimg.com/vi/AixkpAKEerE/default.jpg",
		"group": ""
	},
	{
		"video_id": "AixkpAKEerE",
		"title": "Rangamma Mangamma Song Making | Rangasthalam Telugu Movie | Ram Charan | Samantha | Aadhi | DSP",
		"channel_title": "Mythri Movie Makers",
		"category_id": "24",
		"views": "723040",
		"likes": "9986",
		"dislikes": "446",
		"thumbnail_link": "https://i.ytimg.com/vi/AixkpAKEerE/default.jpg",
		"group": ""
	},
	{
		"video_id": "3o-NOi6fefo",
		"title": "Niki Jini Gall: Sanam (Full Song) Desi Routz | Latest Punjabi Songs 2018",
		"channel_title": "T-Series Apna Punjab",
		"category_id": "10",
		"views": "413546",
		"likes": "9985",
		"dislikes": "277",
		"thumbnail_link": "https://i.ytimg.com/vi/3o-NOi6fefo/default.jpg",
		"group": ""
	},
	{
		"video_id": "g7BHnHzwOVo",
		"title": "10 Years Old - Pyar Ho Jayega Prank on Girls by Kid | Prank In India | The HunGama Films",
		"channel_title": "The HunGama Films - Ab Mauj Legi Dilli",
		"category_id": "24",
		"views": "263844",
		"likes": "9983",
		"dislikes": "677",
		"thumbnail_link": "https://i.ytimg.com/vi/g7BHnHzwOVo/default.jpg",
		"group": ""
	},
	{
		"video_id": "5KxTgfKWeOI",
		"title": "Mavaney Nee Vanthurukkanum DA - Radha ravi Interview about Vishal Rejection |RK Nagar election",
		"channel_title": "Wetalkiess",
		"category_id": "24",
		"views": "120829",
		"likes": "998",
		"dislikes": "274",
		"thumbnail_link": "https://i.ytimg.com/vi/5KxTgfKWeOI/default.jpg",
		"group": ""
	},
	{
		"video_id": "DnyYeUxVlQI",
		"title": "\u0bb0\u0b9c\u0bbf\u0ba9\u0bbf \u0bae\u0bb0\u0bbe\u0b9f\u0bcd\u0b9f\u0bbf\u0baf\u0ba9? \u0ba4\u0bae\u0bbf\u0bb4\u0ba9\u0bbe? \u0bae\u0b95\u0bcd\u0b95\u0bb3\u0bc7 \u0bae\u0bc1\u0b9f\u0bbf\u0bb5\u0bc1 \u0b9a\u0bc6\u0baf\u0bcd\u0bb5\u0bbe\u0bb0\u0bcd\u0b95\u0bb3\u0bcd Sivakarthikeyan Rajinikanth Entry political",
		"channel_title": "New Bharathi Studio",
		"category_id": "24",
		"views": "172285",
		"likes": "998",
		"dislikes": "276",
		"thumbnail_link": "https://i.ytimg.com/vi/DnyYeUxVlQI/default.jpg",
		"group": ""
	},
	{
		"video_id": "5J7xccyXTs4",
		"title": "Yaarudi Nee Mohini - Episode 230 - March 12, 2018 - Best Scene",
		"channel_title": "zeetamil",
		"category_id": "24",
		"views": "361948",
		"likes": "998",
		"dislikes": "135",
		"thumbnail_link": "https://i.ytimg.com/vi/5J7xccyXTs4/default.jpg",
		"group": ""
	},
	{
		"video_id": "5J7xccyXTs4",
		"title": "Yaarudi Nee Mohini - Episode 230 - March 12, 2018 - Best Scene",
		"channel_title": "zeetamil",
		"category_id": "24",
		"views": "361948",
		"likes": "998",
		"dislikes": "135",
		"thumbnail_link": "https://i.ytimg.com/vi/5J7xccyXTs4/default.jpg",
		"group": ""
	},
	{
		"video_id": "EHO2QAHS0r8",
		"title": "Serious Scene - Julie Tame Kemiti Achha | New Odia Film - Super Michhua",
		"channel_title": "Sarthak Music",
		"category_id": "24",
		"views": "116201",
		"likes": "998",
		"dislikes": "64",
		"thumbnail_link": "https://i.ytimg.com/vi/EHO2QAHS0r8/default.jpg",
		"group": ""
	},
	{
		"video_id": "s8_a5TxpjIk",
		"title": "Kuladheivam SUN TV Episode - 887 (02-04-18)",
		"channel_title": "THIRU TV",
		"category_id": "24",
		"views": "291173",
		"likes": "998",
		"dislikes": "285",
		"thumbnail_link": "https://i.ytimg.com/vi/s8_a5TxpjIk/default.jpg",
		"group": ""
	},
	{
		"video_id": "Ia3yyYD1DhI",
		"title": "\u092e\u093e\u0932\u093f\u0915\u093e \u092e\u0938\u093e\u0932\u093e \u0964 \u091a\u0932\u093e \u0939\u0935\u093e \u092f\u0947\u090a \u0926\u094d\u092f\u093e",
		"channel_title": "ZEE 24 TAAS",
		"category_id": "25",
		"views": "159647",
		"likes": "998",
		"dislikes": "78",
		"thumbnail_link": "https://i.ytimg.com/vi/Ia3yyYD1DhI/default.jpg",
		"group": ""
	},
	{
		"video_id": "rF1C5eRn4mo",
		"title": "Manasu Mamata | 30th  May 2018  |Full Episode No 2295 | ETV Telugu",
		"channel_title": "etvteluguindia",
		"category_id": "24",
		"views": "360446",
		"likes": "998",
		"dislikes": "412",
		"thumbnail_link": "https://i.ytimg.com/vi/rF1C5eRn4mo/default.jpg",
		"group": ""
	},
	{
		"video_id": "4g_XQpyDVE4",
		"title": "Kalyanam | Dhrithangapulakithan Song Ft Dulquer Salmaan, Gregory Jacob| Shravan Mukesh |Prakash Alex",
		"channel_title": "Malayalam Muzik247",
		"category_id": "10",
		"views": "146791",
		"likes": "9979",
		"dislikes": "245",
		"thumbnail_link": "https://i.ytimg.com/vi/4g_XQpyDVE4/default.jpg",
		"group": ""
	},
	{
		"video_id": "KsJtR49UlYU",
		"title": "Action 3D (2018) | New Released Full Hindi Dubbed Movie | South Indian Dubbed Movies 2018 Full Movie",
		"channel_title": "WAMIndiaMovies",
		"category_id": "1",
		"views": "1376475",
		"likes": "9979",
		"dislikes": "1203",
		"thumbnail_link": "https://i.ytimg.com/vi/KsJtR49UlYU/default.jpg",
		"group": ""
	},
	{
		"video_id": "KsJtR49UlYU",
		"title": "Action 3D (2018) | New Released Full Hindi Dubbed Movie | South Indian Dubbed Movies 2018 Full Movie",
		"channel_title": "WAMIndiaMovies",
		"category_id": "1",
		"views": "1376475",
		"likes": "9979",
		"dislikes": "1203",
		"thumbnail_link": "https://i.ytimg.com/vi/KsJtR49UlYU/default.jpg",
		"group": ""
	},
	{
		"video_id": "aMQbRpxgFvs",
		"title": "Smartphone Awards 2017!",
		"channel_title": "Marques Brownlee",
		"category_id": "28",
		"views": "1760011",
		"likes": "99783",
		"dislikes": "3339",
		"thumbnail_link": "https://i.ytimg.com/vi/aMQbRpxgFvs/default.jpg",
		"group": ""
	},
	{
		"video_id": "dmYghbivxWQ",
		"title": "The Best Birthday | RealSHIT",
		"channel_title": "RealSHIT",
		"category_id": "24",
		"views": "892680",
		"likes": "99741",
		"dislikes": "2515",
		"thumbnail_link": "https://i.ytimg.com/vi/dmYghbivxWQ/default.jpg",
		"group": ""
	},
	{
		"video_id": "dmYghbivxWQ",
		"title": "The Best Birthday | RealSHIT",
		"channel_title": "RealSHIT",
		"category_id": "24",
		"views": "892680",
		"likes": "99741",
		"dislikes": "2515",
		"thumbnail_link": "https://i.ytimg.com/vi/dmYghbivxWQ/default.jpg",
		"group": ""
	},
	{
		"video_id": "AcS1vzVeNrg",
		"title": "Types of workers | my village show comedy",
		"channel_title": "My Village Show",
		"category_id": "23",
		"views": "243076",
		"likes": "9970",
		"dislikes": "506",
		"thumbnail_link": "https://i.ytimg.com/vi/AcS1vzVeNrg/default.jpg",
		"group": ""
	},
	{
		"video_id": "AcS1vzVeNrg",
		"title": "Types of workers | my village show comedy",
		"channel_title": "My Village Show",
		"category_id": "23",
		"views": "243076",
		"likes": "9970",
		"dislikes": "506",
		"thumbnail_link": "https://i.ytimg.com/vi/AcS1vzVeNrg/default.jpg",
		"group": ""
	},
	{
		"video_id": "jWnGwrFY3QM",
		"title": "Thiruttu Payale 2 - 2 Minute Review | Bobby Simha | Fully Filmy",
		"channel_title": "Fully Filmy",
		"category_id": "1",
		"views": "53892",
		"likes": "997",
		"dislikes": "78",
		"thumbnail_link": "https://i.ytimg.com/vi/jWnGwrFY3QM/default.jpg",
		"group": ""
	},
	{
		"video_id": "zK3A5SuTRMs",
		"title": "Bhabi Ji Ghar Par Hain - \u092d\u093e\u092c\u0940\u091c\u0940 \u0918\u0930 \u092a\u0930 \u0939\u0948\u0902 - Episode 754  - January 17, 2018 - Webisode",
		"channel_title": "And TV",
		"category_id": "24",
		"views": "147008",
		"likes": "997",
		"dislikes": "102",
		"thumbnail_link": "https://i.ytimg.com/vi/zK3A5SuTRMs/default.jpg",
		"group": ""
	},
	{
		"video_id": "g1hmy_yhP7c",
		"title": "\u0c05\u0c2d\u0c3f\u0c2e\u0c3e\u0c28\u0c41\u0c32\u0c28\u0c3f \u0c37\u0c3e\u0c15\u0c4d \u0c32\u0c4b\u0c2a\u0c21\u0c47\u0c38\u0c3f\u0c28 \u0c38\u0c41\u0c26\u0c40\u0c30\u0c4d,\u0c30\u0c37\u0c4d\u0c2e\u0c3f\u0c32\u0c2a\u0c46\u0c33\u0c4d\u0c32\u0c3f|jabardasth,dhee 10 teams In sudheer and rashmi marriage",
		"channel_title": "SumanTv Entertainment",
		"category_id": "22",
		"views": "196200",
		"likes": "997",
		"dislikes": "462",
		"thumbnail_link": "https://i.ytimg.com/vi/g1hmy_yhP7c/default.jpg",
		"group": ""
	},
	{
		"video_id": "URqkQkkS7Oc",
		"title": "Azhagu - Tamil Serial | \u0b85\u0bb4\u0b95\u0bc1 | Episode 159 | Sun TV Serials |  29 May 2018 | Revathy | Vision Time",
		"channel_title": "Vision Time Tamil",
		"category_id": "24",
		"views": "177933",
		"likes": "997",
		"dislikes": "217",
		"thumbnail_link": "https://i.ytimg.com/vi/URqkQkkS7Oc/default.jpg",
		"group": ""
	},
	{
		"video_id": "uBYzYji4rmE",
		"title": "Honest Trailers - Black Panther",
		"channel_title": "Screen Junkies",
		"category_id": "1",
		"views": "4071774",
		"likes": "99682",
		"dislikes": "5147",
		"thumbnail_link": "https://i.ytimg.com/vi/uBYzYji4rmE/default.jpg",
		"group": ""
	},
	{
		"video_id": "NWv1m1G_5yw",
		"title": "Do Dil Mil Rahe Hain - Unplugged Cover | Namita Choudhary | Pardes | Kumar Sanu | Shahrukh Khan",
		"channel_title": "Pehchan Music",
		"category_id": "10",
		"views": "200124",
		"likes": "9968",
		"dislikes": "218",
		"thumbnail_link": "https://i.ytimg.com/vi/NWv1m1G_5yw/default.jpg",
		"group": ""
	},
	{
		"video_id": "l1EtQS63iJo",
		"title": "Nokia 8 Sirocco Unboxing & Overview - Nokia's Flagship",
		"channel_title": "Geekyranjit",
		"category_id": "28",
		"views": "360743",
		"likes": "9966",
		"dislikes": "462",
		"thumbnail_link": "https://i.ytimg.com/vi/l1EtQS63iJo/default.jpg",
		"group": ""
	},
	{
		"video_id": "VWRqkKxJlck",
		"title": "\u0aad\u0ac2\u0ab0\u0acb \u0a97\u0abe\u0aae\u0aa1\u0abe \u0aae\u0abe\u0a82 \u0a9b\u0acb\u0a95\u0ab0\u0ac0 \u0a9c\u0acb\u0ab5\u0abe \u0a97\u0acd\u0aaf\u0acb || Dhaval domadiya/ part-3",
		"channel_title": "Dhaval Domadiya",
		"category_id": "23",
		"views": "438157",
		"likes": "9964",
		"dislikes": "439",
		"thumbnail_link": "https://i.ytimg.com/vi/VWRqkKxJlck/default.jpg",
		"group": ""
	},
	{
		"video_id": "XI8vaIASFmE",
		"title": "The Lazy Studio Presents Life Sahi Hai Season 2 Official Trailer | ZEE5 Originals",
		"channel_title": "The Lazy Studio",
		"category_id": "24",
		"views": "214053",
		"likes": "9964",
		"dislikes": "241",
		"thumbnail_link": "https://i.ytimg.com/vi/XI8vaIASFmE/default.jpg",
		"group": ""
	},
	{
		"video_id": "XI8vaIASFmE",
		"title": "The Lazy Studio Presents Life Sahi Hai Season 2 Official Trailer | ZEE5 Originals",
		"channel_title": "The Lazy Studio",
		"category_id": "24",
		"views": "214053",
		"likes": "9964",
		"dislikes": "241",
		"thumbnail_link": "https://i.ytimg.com/vi/XI8vaIASFmE/default.jpg",
		"group": ""
	},
	{
		"video_id": "eF8fQRkWaUQ",
		"title": "Sapna Chaudhary \u0915\u093e \u092e\u0941\u0930\u0948\u0928\u093e \u092e\u0948\u0902 \u0938\u092c\u0938\u0947 \u092b\u093e\u0921\u0942 \u0921\u093e\u0902\u0938 | \u091c\u0928\u0924\u093e \u091d\u0942\u092e \u0917\u092f\u0940  | \u0938\u092a\u0928\u093e \u0915\u0947 \u092c\u093e\u0932\u094b \u092a\u0930 \u092a\u092c\u094d\u0932\u093f\u0915 \u095e\u093f\u0926\u093e  2018",
		"channel_title": "Sonotek Haryanvi",
		"category_id": "10",
		"views": "2280965",
		"likes": "9963",
		"dislikes": "1854",
		"thumbnail_link": "https://i.ytimg.com/vi/eF8fQRkWaUQ/default.jpg",
		"group": ""
	},
	{
		"video_id": "v6Z4QQIqCU0",
		"title": "Mahesh Babu and KTR Interview | Vision for A Better Tomorrow | Bharat Ane Nenu Movie | Koratala Siva",
		"channel_title": "Mahesh Babu",
		"category_id": "24",
		"views": "405646",
		"likes": "9963",
		"dislikes": "318",
		"thumbnail_link": "https://i.ytimg.com/vi/v6Z4QQIqCU0/default.jpg",
		"group": ""
	},
	{
		"video_id": "v6Z4QQIqCU0",
		"title": "Mahesh Babu and KTR Interview | Vision for A Better Tomorrow | Bharat Ane Nenu Movie | Koratala Siva",
		"channel_title": "Mahesh Babu",
		"category_id": "24",
		"views": "405646",
		"likes": "9963",
		"dislikes": "318",
		"thumbnail_link": "https://i.ytimg.com/vi/v6Z4QQIqCU0/default.jpg",
		"group": ""
	},
	{
		"video_id": "rZes3Kp_ZuU",
		"title": "Uppum Mulakum\u2502Flowers\u2502EP# 596",
		"channel_title": "Flowers Comedy",
		"category_id": "24",
		"views": "1303732",
		"likes": "9960",
		"dislikes": "1087",
		"thumbnail_link": "https://i.ytimg.com/vi/rZes3Kp_ZuU/default.jpg",
		"group": ""
	},
	{
		"video_id": "rZes3Kp_ZuU",
		"title": "Uppum Mulakum\u2502Flowers\u2502EP# 596",
		"channel_title": "Flowers Comedy",
		"category_id": "24",
		"views": "1303732",
		"likes": "9960",
		"dislikes": "1087",
		"thumbnail_link": "https://i.ytimg.com/vi/rZes3Kp_ZuU/default.jpg",
		"group": ""
	},
	{
		"video_id": "kJzGH0PVQHQ",
		"title": "why Samantha became EMOTIONAL @ Samantha naga chaithanya marriage Reception | Filmylooks",
		"channel_title": "Filmylooks",
		"category_id": "24",
		"views": "857223",
		"likes": "996",
		"dislikes": "860",
		"thumbnail_link": "https://i.ytimg.com/vi/kJzGH0PVQHQ/default.jpg",
		"group": ""
	},
	{
		"video_id": "FtR5J4kIbpo",
		"title": "\u0a2d\u0a71\u0a08\u0a0f \u0a28\u0a3e\u0a32 \u0a2d\u0a71\u0a1c\u0a17\u0a40 \u0a1c\u0a3f\u0a2e\u0a40\u0a26\u0a3e\u0a30\u0a3e\u0a02 \u0a26\u0a40 \u0a15\u0a41\u0a5c\u0a40- \u0a18\u0a30\u0a35\u0a3e\u0a32\u0a47 \u0a32\u0a3f\u0a06\u0a09\u0a23\u0a3e \u0a1a\u0a3e\u0a39\u0a41\u0a70\u0a26\u0a47 \u0a28\u0a47 \u0a35\u0a3e\u0a2a\u0a38-\u0a15\u0a3e\u0a02\u0a17\u0a30\u0a38\u0a40\u0a06\u0a02 '\u0a24\u0a47 \u0a26\u0a4b\u0a36",
		"channel_title": "Khabar Punjab",
		"category_id": "25",
		"views": "189283",
		"likes": "996",
		"dislikes": "156",
		"thumbnail_link": "https://i.ytimg.com/vi/FtR5J4kIbpo/default.jpg",
		"group": ""
	},
	{
		"video_id": "NCJE9r2V9Tg",
		"title": "\u0b9a\u0bb0\u0bbf\u0b95\u0bae\u0baa \u0bb5\u0bb0\u0bcd\u0bb7\u0bbe \u0baa\u0bb0\u0bbf\u0b9a\u0bc1 \u0baa\u0bc6\u0bb1\u0bcd\u0bb1 \u0bb5\u0bc0\u0b9f\u0bcd\u0b9f\u0bbf\u0bb2\u0bcd \u0b89\u0bb3\u0bcd\u0bb3 \u0bb5\u0b9a\u0ba4\u0bbf\u0b95\u0bb3\u0bcd | Kollywood News | Tamil Cinema | Cinema Seithigal",
		"channel_title": "Full Meals",
		"category_id": "24",
		"views": "314540",
		"likes": "996",
		"dislikes": "225",
		"thumbnail_link": "https://i.ytimg.com/vi/NCJE9r2V9Tg/default.jpg",
		"group": ""
	},
	{
		"video_id": "vUq9JjoiGFE",
		"title": "Social Work(Optional Sub) Begins On YouTube by DP Singh | Introduction , For Uppcs mains Examination",
		"channel_title": "TARGET with alok",
		"category_id": "27",
		"views": "18137",
		"likes": "996",
		"dislikes": "316",
		"thumbnail_link": "https://i.ytimg.com/vi/vUq9JjoiGFE/default.jpg",
		"group": ""
	},
	{
		"video_id": "HN0Mu0narkE",
		"title": "Manasu Mamata | 8th May 2018 | Full Episode No 2276 | ETV Telugu",
		"channel_title": "etvteluguindia",
		"category_id": "24",
		"views": "254363",
		"likes": "996",
		"dislikes": "257",
		"thumbnail_link": "https://i.ytimg.com/vi/HN0Mu0narkE/default.jpg",
		"group": ""
	},
	{
		"video_id": "HN0Mu0narkE",
		"title": "Manasu Mamata | 8th May 2018 | Full Episode No 2276 | ETV Telugu",
		"channel_title": "etvteluguindia",
		"category_id": "24",
		"views": "254363",
		"likes": "996",
		"dislikes": "257",
		"thumbnail_link": "https://i.ytimg.com/vi/HN0Mu0narkE/default.jpg",
		"group": ""
	},
	{
		"video_id": "xL2hIBjAcdM",
		"title": "Lagira Zhala Jee - Episode 342  - May 26, 2018 - Preview",
		"channel_title": "Ditto TV",
		"category_id": "24",
		"views": "348874",
		"likes": "996",
		"dislikes": "79",
		"thumbnail_link": "https://i.ytimg.com/vi/xL2hIBjAcdM/default.jpg",
		"group": ""
	},
	{
		"video_id": "xL2hIBjAcdM",
		"title": "Lagira Zhala Jee - Episode 342  - May 26, 2018 - Preview",
		"channel_title": "Ditto TV",
		"category_id": "24",
		"views": "348874",
		"likes": "996",
		"dislikes": "79",
		"thumbnail_link": "https://i.ytimg.com/vi/xL2hIBjAcdM/default.jpg",
		"group": ""
	},
	{
		"video_id": "ZG1Su0QwPYs",
		"title": "Rangamma Mangamma Lyrical Video Song || Rangasthalam Songs || Ram Charan, Samantha, Devi Sri Prasad",
		"channel_title": "T-Series Telugu",
		"category_id": "10",
		"views": "2263173",
		"likes": "99588",
		"dislikes": "3514",
		"thumbnail_link": "https://i.ytimg.com/vi/ZG1Su0QwPYs/default.jpg",
		"group": ""
	},
	{
		"video_id": "BzrYAbVwioU",
		"title": "Dhee 10 | 16th May 2018 | Full Episode | ETV Telugu",
		"channel_title": "ETV Dhee",
		"category_id": "24",
		"views": "1150426",
		"likes": "9957",
		"dislikes": "1415",
		"thumbnail_link": "https://i.ytimg.com/vi/BzrYAbVwioU/default.jpg",
		"group": ""
	},
	{
		"video_id": "BzrYAbVwioU",
		"title": "Dhee 10 | 16th May 2018 | Full Episode | ETV Telugu",
		"channel_title": "ETV Dhee",
		"category_id": "24",
		"views": "1150426",
		"likes": "9957",
		"dislikes": "1415",
		"thumbnail_link": "https://i.ytimg.com/vi/BzrYAbVwioU/default.jpg",
		"group": ""
	},
	{
		"video_id": "TdqEfE3cs5s",
		"title": "Sunny Leone's Deo Deo Full Video Song || PSV Garuda Vega Movie Songs | Rajasekhar | Pooja Kumar",
		"channel_title": "Madhura Audio",
		"category_id": "10",
		"views": "655179",
		"likes": "9956",
		"dislikes": "298",
		"thumbnail_link": "https://i.ytimg.com/vi/TdqEfE3cs5s/default.jpg",
		"group": ""
	},
	{
		"video_id": "t0bg7SeDieo",
		"title": "SIT | Bin Bulaye Mehmaan | Web Series | S2 E5",
		"channel_title": "Shitty Ideas Trending",
		"category_id": "24",
		"views": "372299",
		"likes": "9953",
		"dislikes": "201",
		"thumbnail_link": "https://i.ytimg.com/vi/t0bg7SeDieo/default.jpg",
		"group": ""
	},
	{
		"video_id": "P-_wNnb1TPo",
		"title": "Kaala (Tamil) - Behind The Scenes featuring Theruvilakku Song | Rajinikanth | Pa Ranjith",
		"channel_title": "Wunderbar Studios",
		"category_id": "1",
		"views": "423881",
		"likes": "9953",
		"dislikes": "1015",
		"thumbnail_link": "https://i.ytimg.com/vi/P-_wNnb1TPo/default.jpg",
		"group": ""
	},
	{
		"video_id": "FbfRstNT8N4",
		"title": "Chavanprash Video Song ft. Arjun Kapoor & Harshvardhan Kapoor | Bhavesh Joshi Superhero | 1st June",
		"channel_title": "Eros Now",
		"category_id": "10",
		"views": "4393128",
		"likes": "9952",
		"dislikes": "3944",
		"thumbnail_link": "https://i.ytimg.com/vi/FbfRstNT8N4/default.jpg",
		"group": ""
	},
	{
		"video_id": "KOqTYRQobcs",
		"title": "Gujjubhai Banya Dabang FREE - Superhit Gujarati Comedy Natak Full 2017 - Siddharth Randeria",
		"channel_title": "Shemaroo Gujarati",
		"category_id": "22",
		"views": "55254",
		"likes": "995",
		"dislikes": "38",
		"thumbnail_link": "https://i.ytimg.com/vi/KOqTYRQobcs/default.jpg",
		"group": ""
	},
	{
		"video_id": "v9RyaFjC6-Q",
		"title": "Song Teaser \u25ba Yaad Teri | GSD | JSL Singh | Releasing Soon | Latest Punjabi Songs 2017",
		"channel_title": "T-Series Apna Punjab",
		"category_id": "10",
		"views": "97533",
		"likes": "995",
		"dislikes": "75",
		"thumbnail_link": "https://i.ytimg.com/vi/v9RyaFjC6-Q/default.jpg",
		"group": ""
	},
	{
		"video_id": "cdGtdMDMPgc",
		"title": "\u090f\u0917\u094d\u091c\u093f\u091f \u092a\u094b\u0932 \u0915\u093e \u0921\u0940\u0928\u090f \u091f\u0947\u0938\u094d\u091f \\ DNA TEST OF EXIT POLLS",
		"channel_title": "National Dastak",
		"category_id": "25",
		"views": "121375",
		"likes": "995",
		"dislikes": "101",
		"thumbnail_link": "https://i.ytimg.com/vi/cdGtdMDMPgc/default.jpg",
		"group": ""
	},
	{
		"video_id": "HH18T8TDuIU",
		"title": "\u0d2f\u0d41\u0d35\u0d28\u0d1f\u0d7b \u0d17\u0d4b\u0d35\u0d2f\u0d3f\u0d7d \u0d2e\u0d30\u0d3f\u0d1a\u0d4d\u0d1a \u0d28\u0d3f\u0d32\u0d2f\u0d3f\u0d7d \u0d24\u0d47\u0d19\u0d4d\u0d19\u0d3f\u0d15\u0d4d\u0d15\u0d30\u0d1e\u0d4d\u0d1e\u0d4d \u0d24\u0d3e\u0d30\u0d28\u0d3f\u0d30 | Young actor death shocking",
		"channel_title": "FILM COURT",
		"category_id": "24",
		"views": "995448",
		"likes": "995",
		"dislikes": "635",
		"thumbnail_link": "https://i.ytimg.com/vi/HH18T8TDuIU/default.jpg",
		"group": ""
	},
	{
		"video_id": "Z38xEp99ChU",
		"title": "Bhabi Ji Ghar Par Hain - \u092d\u093e\u092c\u0940\u091c\u0940 \u0918\u0930 \u092a\u0930 \u0939\u0948\u0902 - Episode 764  - January 31, 2018 - Webisode",
		"channel_title": "And TV",
		"category_id": "24",
		"views": "155730",
		"likes": "995",
		"dislikes": "115",
		"thumbnail_link": "https://i.ytimg.com/vi/Z38xEp99ChU/default.jpg",
		"group": ""
	},
	{
		"video_id": "#NAME?",
		"title": "Kuladheivam SUN TV Episode - 875 (19-03-18)",
		"channel_title": "THIRU TV",
		"category_id": "24",
		"views": "210334",
		"likes": "995",
		"dislikes": "181",
		"thumbnail_link": "https://i.ytimg.com/vi/-m3Wzfjc6hA/default.jpg",
		"group": ""
	},
	{
		"video_id": "#NAME?",
		"title": "Kuladheivam SUN TV Episode - 875 (19-03-18)",
		"channel_title": "THIRU TV",
		"category_id": "24",
		"views": "210334",
		"likes": "995",
		"dislikes": "181",
		"thumbnail_link": "https://i.ytimg.com/vi/-m3Wzfjc6hA/default.jpg",
		"group": ""
	},
	{
		"video_id": "zrBgITpmBEo",
		"title": "23  March, 2018 The Hindu Daily Editorial Discussion",
		"channel_title": "only ias",
		"category_id": "27",
		"views": "28940",
		"likes": "995",
		"dislikes": "18",
		"thumbnail_link": "https://i.ytimg.com/vi/zrBgITpmBEo/default.jpg",
		"group": ""
	},
	{
		"video_id": "NtxavjjCpcE",
		"title": "Mogalirekulu | 3rd Apr 2018 | Gemini TV",
		"channel_title": "Gemini TV",
		"category_id": "24",
		"views": "124841",
		"likes": "995",
		"dislikes": "92",
		"thumbnail_link": "https://i.ytimg.com/vi/NtxavjjCpcE/default.jpg",
		"group": ""
	},
	{
		"video_id": "7YTlLQsszH8",
		"title": "TRUMP KI BETI #CHAITALKS || Hyderabad Diaries",
		"channel_title": "Hyderabad Diaries",
		"category_id": "24",
		"views": "148654",
		"likes": "9940",
		"dislikes": "530",
		"thumbnail_link": "https://i.ytimg.com/vi/7YTlLQsszH8/default.jpg",
		"group": ""
	},
	{
		"video_id": "Dg21EeUWisc",
		"title": "What a Great Gesture By Ram Charan To Senior Actress | Sam & Chaitu reception | Eagle Media Works",
		"channel_title": "Eagle Media Works",
		"category_id": "24",
		"views": "471296",
		"likes": "994",
		"dislikes": "306",
		"thumbnail_link": "https://i.ytimg.com/vi/Dg21EeUWisc/default.jpg",
		"group": ""
	},
	{
		"video_id": "C2vu37WFXwk",
		"title": "Fun Bucket | 114th Episode | Funny Videos | Harsha Annavarapu | Telugu Comedy Web Series",
		"channel_title": "TeluguOne",
		"category_id": "23",
		"views": "95004",
		"likes": "994",
		"dislikes": "314",
		"thumbnail_link": "https://i.ytimg.com/vi/C2vu37WFXwk/default.jpg",
		"group": ""
	},
	{
		"video_id": "1UgNyN4Kovg",
		"title": "Calvary Temple Hyderabad Live Stream",
		"channel_title": "Calvary Temple Hyderabad",
		"category_id": "24",
		"views": "22748",
		"likes": "994",
		"dislikes": "26",
		"thumbnail_link": "https://i.ytimg.com/vi/1UgNyN4Kovg/default.jpg",
		"group": ""
	},
	{
		"video_id": "7F4K8Ystbe0",
		"title": "Sridevi Kapoor passes away at 54 due to cardiac arrest in Dubai",
		"channel_title": "IndiaTV",
		"category_id": "25",
		"views": "258294",
		"likes": "994",
		"dislikes": "127",
		"thumbnail_link": "https://i.ytimg.com/vi/7F4K8Ystbe0/default.jpg",
		"group": ""
	},
	{
		"video_id": "qdUNbpio-8o",
		"title": "Yaarudi Nee Mohini - Episode 225 - March 05, 2018 - Best Scene",
		"channel_title": "zeetamil",
		"category_id": "24",
		"views": "240213",
		"likes": "994",
		"dislikes": "113",
		"thumbnail_link": "https://i.ytimg.com/vi/qdUNbpio-8o/default.jpg",
		"group": ""
	},
	{
		"video_id": "oqPuUn-QUWE",
		"title": "How Raid Could've Ended || Ajay Devgan & Illeana D'cruz | SDE",
		"channel_title": "Shudh Desi Endings",
		"category_id": "23",
		"views": "329746",
		"likes": "9939",
		"dislikes": "1351",
		"thumbnail_link": "https://i.ytimg.com/vi/oqPuUn-QUWE/default.jpg",
		"group": ""
	},
	{
		"video_id": "v8JWgpbIIeM",
		"title": "Lover Also Fighter Also Promo Song  | Naa Peru Surya Naa Illu India Songs | Allu Arjun, Anu Emannuel",
		"channel_title": "Aditya Music",
		"category_id": "10",
		"views": "809480",
		"likes": "9939",
		"dislikes": "503",
		"thumbnail_link": "https://i.ytimg.com/vi/v8JWgpbIIeM/default.jpg",
		"group": ""
	},
	{
		"video_id": "v8JWgpbIIeM",
		"title": "Lover Also Fighter Also Promo Song  | Naa Peru Surya Naa Illu India Songs | Allu Arjun, Anu Emannuel",
		"channel_title": "Aditya Music",
		"category_id": "10",
		"views": "809480",
		"likes": "9939",
		"dislikes": "503",
		"thumbnail_link": "https://i.ytimg.com/vi/v8JWgpbIIeM/default.jpg",
		"group": ""
	},
	{
		"video_id": "sTVKQ6hmRqo",
		"title": "SRK's Amazing Reply On Salman Khan's Tiger Zinda Hai Movie - SUPER Hit",
		"channel_title": "BiscootTV",
		"category_id": "24",
		"views": "755545",
		"likes": "9937",
		"dislikes": "601",
		"thumbnail_link": "https://i.ytimg.com/vi/sTVKQ6hmRqo/default.jpg",
		"group": ""
	},
	{
		"video_id": "Ca84M23Vrzw",
		"title": "Ananda Vikatan Cinema Awards 2017 | Part 7",
		"channel_title": "Cinema Vikatan",
		"category_id": "24",
		"views": "1261586",
		"likes": "9935",
		"dislikes": "755",
		"thumbnail_link": "https://i.ytimg.com/vi/Ca84M23Vrzw/default.jpg",
		"group": ""
	},
	{
		"video_id": "Ca84M23Vrzw",
		"title": "Ananda Vikatan Cinema Awards 2017 | Part 7",
		"channel_title": "Cinema Vikatan",
		"category_id": "24",
		"views": "1261586",
		"likes": "9935",
		"dislikes": "755",
		"thumbnail_link": "https://i.ytimg.com/vi/Ca84M23Vrzw/default.jpg",
		"group": ""
	},
	{
		"video_id": "fJhhl8P6XSk",
		"title": "BETAY KA IPL VS AMMI KA SERIAL || Hyderabad Diaries",
		"channel_title": "Hyderabad Diaries",
		"category_id": "24",
		"views": "107335",
		"likes": "9933",
		"dislikes": "289",
		"thumbnail_link": "https://i.ytimg.com/vi/fJhhl8P6XSk/default.jpg",
		"group": ""
	},
	{
		"video_id": "#NAME?",
		"title": "25 \u091c\u0928\u0935\u0930\u0940 \u092c\u095c\u093e \u0917\u0941\u0930\u0941\u0935\u093e\u0930 \u092c\u0938 \u0917\u0941\u095c \u0915\u093e \u092f\u0939 \u091b\u094b\u091f\u093e \u0938\u093e \u0909\u092a\u093e\u092f \u0907\u0924\u0928\u093e \u0906\u092f\u0947\u0917\u093e \u092a\u0948\u0938\u093e \u0915\u0940 \u0938\u0902\u092d\u093e\u0932 \u0928\u0939\u0940 \u092a\u093e\u0913\u0917\u0947",
		"channel_title": "agn",
		"category_id": "22",
		"views": "150632",
		"likes": "993",
		"dislikes": "122",
		"thumbnail_link": "https://i.ytimg.com/vi/-A-dfQ_8JKQ/default.jpg",
		"group": ""
	},
	{
		"video_id": "GsG26KXhaiM",
		"title": "Sridevi Death || \u0c36\u0c4d\u0c30\u0c40\u0c26\u0c47\u0c35\u0c3f \u0c2e\u0c43\u0c24\u0c26\u0c47\u0c39\u0c3e\u0c28\u0c3f\u0c15\u0c3f \u0c30\u0c40\u0c2a\u0c4b\u0c38\u0c4d\u0c1f\u0c41\u0c2e\u0c3e\u0c30\u0c4d\u0c1f\u0c02 - TV9",
		"channel_title": "TV9 Telugu",
		"category_id": "25",
		"views": "520938",
		"likes": "993",
		"dislikes": "536",
		"thumbnail_link": "https://i.ytimg.com/vi/GsG26KXhaiM/default.jpg",
		"group": ""
	},
	{
		"video_id": "GsG26KXhaiM",
		"title": "Sridevi Death || \u0c36\u0c4d\u0c30\u0c40\u0c26\u0c47\u0c35\u0c3f \u0c2e\u0c43\u0c24\u0c26\u0c47\u0c39\u0c3e\u0c28\u0c3f\u0c15\u0c3f \u0c30\u0c40\u0c2a\u0c4b\u0c38\u0c4d\u0c1f\u0c41\u0c2e\u0c3e\u0c30\u0c4d\u0c1f\u0c02 - TV9",
		"channel_title": "TV9 Telugu",
		"category_id": "25",
		"views": "520938",
		"likes": "993",
		"dislikes": "536",
		"thumbnail_link": "https://i.ytimg.com/vi/GsG26KXhaiM/default.jpg",
		"group": ""
	},
	{
		"video_id": "4wOa74FTGLA",
		"title": "For long and Silky Hair |7 \u0c30\u0c4b\u0c1c\u0c41\u0c32\u0c2a\u0c3e\u0c1f\u0c41 \u0c08 \u0c2e\u0c3f\u0c36\u0c4d\u0c30\u0c2e\u0c02 \u0c30\u0c3e\u0c38\u0c4d\u0c24\u0c47 \u0c2e\u0c40 \u0c1c\u0c41\u0c1f\u0c4d\u0c1f\u0c41 \u0c0e\u0c02\u0c24\u0c4b \u0c2a\u0c4a\u0c21\u0c35\u0c41\u0c17\u0c3e \u0c0e\u0c26\u0c41\u0c17\u0c41\u0c24\u0c41\u0c02\u0c26\u0c3f",
		"channel_title": "Natural HealthCare",
		"category_id": "26",
		"views": "187635",
		"likes": "993",
		"dislikes": "180",
		"thumbnail_link": "https://i.ytimg.com/vi/4wOa74FTGLA/default.jpg",
		"group": ""
	},
	{
		"video_id": "FkPE_21bhrM",
		"title": "Bhabi Ji Ghar Par Hain - \u092d\u093e\u092c\u0940\u091c\u0940 \u0918\u0930 \u092a\u0930 \u0939\u0948\u0902 - Episode 796 - March 16, 2018 - Best Scene",
		"channel_title": "And TV",
		"category_id": "24",
		"views": "170240",
		"likes": "993",
		"dislikes": "81",
		"thumbnail_link": "https://i.ytimg.com/vi/FkPE_21bhrM/default.jpg",
		"group": ""
	},
	{
		"video_id": "0IjMP3yiwLA",
		"title": "\u091a\u0940\u0928\u091a\u0902 \u0938\u094d\u092a\u0947\u0938 \u0938\u094d\u091f\u0947\u0936\u0928 \u092e\u0941\u0902\u092c\u0908\u0938\u0939 \u091c\u0935\u0933\u091a\u094d\u092f\u093e \u092d\u093e\u0917\u093e\u0935\u0930 \u0909\u0926\u094d\u092f\u093e \u092a\u0939\u093e\u091f\u0947 \u0915\u094b\u0938\u0933\u0923\u093e\u0930?",
		"channel_title": "ABP Majha",
		"category_id": "25",
		"views": "191769",
		"likes": "993",
		"dislikes": "221",
		"thumbnail_link": "https://i.ytimg.com/vi/0IjMP3yiwLA/default.jpg",
		"group": ""
	},
	{
		"video_id": "z8GGQHCwpAI",
		"title": "Saat Bhai Champa - Episode 142 - May 3, 2018 - Best Scene",
		"channel_title": "zeebangla",
		"category_id": "24",
		"views": "335228",
		"likes": "993",
		"dislikes": "139",
		"thumbnail_link": "https://i.ytimg.com/vi/z8GGQHCwpAI/default.jpg",
		"group": ""
	},
	{
		"video_id": "QQVrQEtUV5Y",
		"title": "Shilpa Shinde's GRAND WELCOME At Home After Winning Bigg Boss 11",
		"channel_title": "Bollywood Spy",
		"category_id": "24",
		"views": "922468",
		"likes": "9929",
		"dislikes": "1376",
		"thumbnail_link": "https://i.ytimg.com/vi/QQVrQEtUV5Y/default.jpg",
		"group": ""
	},
	{
		"video_id": "DAkWnqWDGok",
		"title": "Gymers VS Others | RealSHIT",
		"channel_title": "RealSHIT",
		"category_id": "24",
		"views": "1344286",
		"likes": "99287",
		"dislikes": "4482",
		"thumbnail_link": "https://i.ytimg.com/vi/DAkWnqWDGok/default.jpg",
		"group": ""
	},
	{
		"video_id": "zzcAq02ncAE",
		"title": "ANT-MAN AND THE WASP Trailer # 2 TEASER (NEW 2018) Ant-Man 2 Superhero Movie HD",
		"channel_title": "ONE Media",
		"category_id": "1",
		"views": "1089236",
		"likes": "9928",
		"dislikes": "416",
		"thumbnail_link": "https://i.ytimg.com/vi/zzcAq02ncAE/default.jpg",
		"group": ""
	},
	{
		"video_id": "tuam-FqCkhI",
		"title": "Ambi Ning Vayassaytho | Rebel Star Ambarish Birthday Special Teaser | Kannada 2018 | Kichcha Sudeepa",
		"channel_title": "Anand Audio",
		"category_id": "24",
		"views": "489415",
		"likes": "9928",
		"dislikes": "591",
		"thumbnail_link": "https://i.ytimg.com/vi/tuam-FqCkhI/default.jpg",
		"group": ""
	},
	{
		"video_id": "_WiilkPcHT0",
		"title": "Viva News - EP 9 | Ivanka & Sting Operation",
		"channel_title": "VIVA",
		"category_id": "23",
		"views": "585618",
		"likes": "9926",
		"dislikes": "677",
		"thumbnail_link": "https://i.ytimg.com/vi/_WiilkPcHT0/default.jpg",
		"group": ""
	},
	{
		"video_id": "f0CWBd7-q4Q",
		"title": "\u0aa7\u0ab5\u0ab2 \u0aa6\u0acb\u0aae\u0aa1\u0ac0\u0aaf\u0abe \u0a8f \u0ab6\u0abe\u0a95\u0aad\u0abe\u0a9c\u0ac0 \u0ab5\u0ac7\u0a9a\u0acd\u0aaf\u0ac1\u0a82 || dhaval domadiya",
		"channel_title": "Dhaval Domadiya",
		"category_id": "24",
		"views": "494957",
		"likes": "9924",
		"dislikes": "572",
		"thumbnail_link": "https://i.ytimg.com/vi/f0CWBd7-q4Q/default.jpg",
		"group": ""
	},
	{
		"video_id": "f0CWBd7-q4Q",
		"title": "\u0aa7\u0ab5\u0ab2 \u0aa6\u0acb\u0aae\u0aa1\u0ac0\u0aaf\u0abe \u0a8f \u0ab6\u0abe\u0a95\u0aad\u0abe\u0a9c\u0ac0 \u0ab5\u0ac7\u0a9a\u0acd\u0aaf\u0ac1\u0a82 || dhaval domadiya",
		"channel_title": "Dhaval Domadiya",
		"category_id": "24",
		"views": "494957",
		"likes": "9924",
		"dislikes": "572",
		"thumbnail_link": "https://i.ytimg.com/vi/f0CWBd7-q4Q/default.jpg",
		"group": ""
	},
	{
		"video_id": "3AL2UkOn-Ow",
		"title": "AIB : Desi YouTube Rewind 2017 #PeekeMatChala",
		"channel_title": "All India Bakchod",
		"category_id": "23",
		"views": "1784587",
		"likes": "99207",
		"dislikes": "4601",
		"thumbnail_link": "https://i.ytimg.com/vi/3AL2UkOn-Ow/default.jpg",
		"group": ""
	},
	{
		"video_id": "EN32N-HlGtE",
		"title": "Sunn Le Zara | 1921 | Zareen Khan & Karan Kundrra | Arnab Dutta | Harish Sagane | Vikram Bhatt",
		"channel_title": "Zee Music Company",
		"category_id": "10",
		"views": "4747475",
		"likes": "99206",
		"dislikes": "2231",
		"thumbnail_link": "https://i.ytimg.com/vi/EN32N-HlGtE/default.jpg",
		"group": ""
	},
	{
		"video_id": "nMN7su1YHKo",
		"title": "CID - \u0938\u0940 \u0906 \u0921\u0940 - Episode 1225 - 15th November, 2017",
		"channel_title": "Sony PAL",
		"category_id": "43",
		"views": "249846",
		"likes": "992",
		"dislikes": "130",
		"thumbnail_link": "https://i.ytimg.com/vi/nMN7su1YHKo/default.jpg",
		"group": ""
	},
	{
		"video_id": "kRcMkRTZQcY",
		"title": "\u0c2c\u0c02\u0c21\u0c4d\u0c32 \u0c17\u0c23\u0c47\u0c37\u0c4d \u0c28\u0c3f \u0c09\u0c24\u0c3f\u0c15\u0c47\u0c38\u0c3f\u0c28 \u0c35\u0c48\u0c38\u0c40\u0c2a\u0c40 \u0c05\u0c2d\u0c3f\u0c2e\u0c3e\u0c28\u0c3f ! YCP FAN FIRES ON BANDLA GANESH |",
		"channel_title": "News Express",
		"category_id": "25",
		"views": "50135",
		"likes": "992",
		"dislikes": "197",
		"thumbnail_link": "https://i.ytimg.com/vi/kRcMkRTZQcY/default.jpg",
		"group": ""
	}
]