[
	{
		"video_id": "CzC2vkPUvVA",
		"title": "NIRAHUA HINDUSTANI 2 - Superhit Full Bhojpuri Movie 2017 - Dinesh Lal Yadav Nirahua , Aamrapali",
		"channel_title": "Wave Music",
		"category_id": "10",
		"views": "9998338",
		"likes": "30304",
		"dislikes": "9978",
		"thumbnail_link": "https://i.ytimg.com/vi/CzC2vkPUvVA/default.jpg",
		"group": ""
	},
	{
		"video_id": "LG5fXQ1O-xE",
		"title": "Lagira Zhala Jee - \u0932\u0917\u093f\u0930\u093e \u091d\u0932\u093e \u091c\u0940 - Episode 280  - March 19, 2018 - Preview",
		"channel_title": "zeemarathi",
		"category_id": "24",
		"views": "99978",
		"likes": "335",
		"dislikes": "30",
		"thumbnail_link": "https://i.ytimg.com/vi/LG5fXQ1O-xE/default.jpg",
		"group": ""
	},
	{
		"video_id": "PCTzn5x-eHk",
		"title": "Phulpakhru - \u092b\u0941\u0932\u092a\u093e\u0916\u0930\u0941 - Episode 271  - March 23, 2018 - Preview",
		"channel_title": "Zee Yuva",
		"category_id": "24",
		"views": "99949",
		"likes": "355",
		"dislikes": "28",
		"thumbnail_link": "https://i.ytimg.com/vi/PCTzn5x-eHk/default.jpg",
		"group": ""
	},
	{
		"video_id": "5R2ZZ-t8XS0",
		"title": "Charlotte Flair & Carmella sign contract for their match at Backlash: SmackDown LIVE, April 24, 2018",
		"channel_title": "WWE",
		"category_id": "17",
		"views": "999410",
		"likes": "18274",
		"dislikes": "604",
		"thumbnail_link": "https://i.ytimg.com/vi/5R2ZZ-t8XS0/default.jpg",
		"group": ""
	},
	{
		"video_id": "JXfMMNYUexE",
		"title": "\u0c35\u0c3f\u0c1c\u0c2f\u0c4d \u0c1a\u0c28\u0c3f\u0c2a\u0c4b\u0c2f\u0c47 \u0c2e\u0c41\u0c02\u0c26\u0c41 \u0c30\u0c4b\u0c1c\u0c41 \u0c2b\u0c4b\u0c28\u0c4d\u0c32\u0c4b \u0c2d\u0c3e\u0c30\u0c4d\u0c2f \u0c0e\u0c32\u0c3e \u0c17\u0c4a\u0c21\u0c35\u0c2a\u0c21\u0c3f\u0c02\u0c26\u0c4b \u0c35\u0c3f\u0c28\u0c02\u0c21\u0c3f | Vijay sai to Phone Talk with Vanitha",
		"channel_title": "S Cube - Hungama",
		"category_id": "24",
		"views": "99941",
		"likes": "116",
		"dislikes": "46",
		"thumbnail_link": "https://i.ytimg.com/vi/JXfMMNYUexE/default.jpg",
		"group": ""
	},
	{
		"video_id": "_mbtqnwhASg",
		"title": "Watch: Virat  Kohli tries a Messi during India practice | India Tour of South Africa",
		"channel_title": "Xtra Time",
		"category_id": "17",
		"views": "99940",
		"likes": "612",
		"dislikes": "64",
		"thumbnail_link": "https://i.ytimg.com/vi/_mbtqnwhASg/default.jpg",
		"group": ""
	},
	{
		"video_id": "#NAME?",
		"title": "Actor Kashinath Passes Away Due To Cancer In Bengaluru",
		"channel_title": "Tv9 Kannada",
		"category_id": "25",
		"views": "99933",
		"likes": "241",
		"dislikes": "92",
		"thumbnail_link": "https://i.ytimg.com/vi/-MmAKxQkw4g/default.jpg",
		"group": ""
	},
	{
		"video_id": "kG0zQKBz7yI",
		"title": "Saradha Sankranthi Latest Trailer | Saradha Sankranthi 2018 | Jabardasth | Dhee Jodi teams",
		"channel_title": "mallemalatv",
		"category_id": "24",
		"views": "999324",
		"likes": "7675",
		"dislikes": "705",
		"thumbnail_link": "https://i.ytimg.com/vi/kG0zQKBz7yI/default.jpg",
		"group": ""
	},
	{
		"video_id": "Uv21bleCbbw",
		"title": "Virat Kohli-Anushka Sharma FULL Reception Video | SRK | Ranbir Kapoor | M.S.Dhoni | Rekha UNCUT",
		"channel_title": "BollywoodHungama.com",
		"category_id": "24",
		"views": "99926",
		"likes": "441",
		"dislikes": "65",
		"thumbnail_link": "https://i.ytimg.com/vi/Uv21bleCbbw/default.jpg",
		"group": ""
	},
	{
		"video_id": "Oedi37b6-lg",
		"title": "THE JOB INTERVIEW - | Elvish Yadav |",
		"channel_title": "Elvish yadav",
		"category_id": "23",
		"views": "999205",
		"likes": "137752",
		"dislikes": "2750",
		"thumbnail_link": "https://i.ytimg.com/vi/Oedi37b6-lg/default.jpg",
		"group": ""
	},
	{
		"video_id": "GMACtL6t6SY",
		"title": "Extra Jabardasth | 24th November 2017 | Full Episode | ETV Telugu",
		"channel_title": "ETV Jabardasth",
		"category_id": "22",
		"views": "999184",
		"likes": "2827",
		"dislikes": "673",
		"thumbnail_link": "https://i.ytimg.com/vi/GMACtL6t6SY/default.jpg",
		"group": ""
	},
	{
		"video_id": "Brx2k45RqVY",
		"title": "\u0cb0\u0cc7\u0cb7\u0ca8\u0ccd \u0c95\u0cbe\u0cb0\u0ccd\u0ca1\u0ccd \u0cb9\u0cca\u0c82\u0ca6\u0cbf\u0cb0\u0cc1\u0cb5\u0cb5\u0cb0\u0cbf\u0c97\u0cc6 \u0ca4\u0cbf\u0c82\u0c97\u0cb3\u0cbf\u0c97\u0cc6 700 \u0cb0\u0cc2\u0caa\u0cbe\u0caf\u0cbf \u0ca8\u0cbf\u0cae\u0ccd\u0cae \u0c96\u0cbe\u0ca4\u0cc6\u0c97\u0cc6! | New Rule for Ration Card Kannada News",
		"channel_title": "YOYO TV Kannada",
		"category_id": "24",
		"views": "99917",
		"likes": "587",
		"dislikes": "159",
		"thumbnail_link": "https://i.ytimg.com/vi/Brx2k45RqVY/default.jpg",
		"group": ""
	},
	{
		"video_id": "aCMZjk_1jzE",
		"title": "Weekly Reliv - Baalveer -  02nd June 2018 to 08th June 2018 - Episode 976 to 982",
		"channel_title": "Sony PAL",
		"category_id": "24",
		"views": "999150",
		"likes": "2361",
		"dislikes": "865",
		"thumbnail_link": "https://i.ytimg.com/vi/aCMZjk_1jzE/default.jpg",
		"group": ""
	},
	{
		"video_id": "BU8TS4A4DI0",
		"title": "Manpreet Toor | Laung Laachi Mannat Noor (Ammy Virk, Neeru Bajwa)",
		"channel_title": "Manpreet Toor",
		"category_id": "24",
		"views": "999109",
		"likes": "35333",
		"dislikes": "825",
		"thumbnail_link": "https://i.ytimg.com/vi/BU8TS4A4DI0/default.jpg",
		"group": ""
	},
	{
		"video_id": "jaap2tlFagg",
		"title": "School Days - Boys vs Girls | Lalit Shokeen Films |",
		"channel_title": "LShokeen Films",
		"category_id": "24",
		"views": "999090",
		"likes": "38216",
		"dislikes": "1908",
		"thumbnail_link": "https://i.ytimg.com/vi/jaap2tlFagg/default.jpg",
		"group": ""
	},
	{
		"video_id": "L9dMNjVtG4o",
		"title": "The Preparations | Exams - Part 3 | VIVA",
		"channel_title": "VIVA",
		"category_id": "23",
		"views": "998944",
		"likes": "29888",
		"dislikes": "722",
		"thumbnail_link": "https://i.ytimg.com/vi/L9dMNjVtG4o/default.jpg",
		"group": ""
	},
	{
		"video_id": "PZFDEDCyph4",
		"title": "MR. PUNJAB 2017 Grand Finale",
		"channel_title": "PTC PUNJABI GOLD",
		"category_id": "17",
		"views": "99893",
		"likes": "1631",
		"dislikes": "170",
		"thumbnail_link": "https://i.ytimg.com/vi/PZFDEDCyph4/default.jpg",
		"group": ""
	},
	{
		"video_id": "vB5iSOSfZpU",
		"title": "Taarak Mehta Ka Ooltah Chashmah - \u0924\u093e\u0930\u0915 \u092e\u0947\u0939\u0924\u093e - Ep 2462 - 8th May, 2018",
		"channel_title": "SAB TV",
		"category_id": "24",
		"views": "998874",
		"likes": "3915",
		"dislikes": "657",
		"thumbnail_link": "https://i.ytimg.com/vi/vB5iSOSfZpU/default.jpg",
		"group": ""
	},
	{
		"video_id": "vB5iSOSfZpU",
		"title": "Taarak Mehta Ka Ooltah Chashmah - \u0924\u093e\u0930\u0915 \u092e\u0947\u0939\u0924\u093e - Ep 2462 - 8th May, 2018",
		"channel_title": "SAB TV",
		"category_id": "24",
		"views": "998874",
		"likes": "3915",
		"dislikes": "657",
		"thumbnail_link": "https://i.ytimg.com/vi/vB5iSOSfZpU/default.jpg",
		"group": ""
	},
	{
		"video_id": "YFb_8vQX248",
		"title": "\u0a9b\u0acb\u0a95\u0ab0\u0ac0\u0aaf\u0ac1\u0a82 \u0aa8\u0ac7 \u0aaa\u0a9f\u0abe\u0ab5\u0abe \u0aaa\u0abe\u0a9b\u0ab3 \u0aae\u0abe\u0aa3\u0ab8\u0acb \u0a95\u0ac7\u0ab5\u0ac1\u0a82 \u0a95\u0ac7\u0ab5\u0ac1\u0a82 \u0a95\u0ab0\u0ac7 \u0a9b\u0ac7 || Gujarati comedy || Video By Akki&Ankit",
		"channel_title": "Akki & Ankit",
		"category_id": "23",
		"views": "99887",
		"likes": "2686",
		"dislikes": "113",
		"thumbnail_link": "https://i.ytimg.com/vi/YFb_8vQX248/default.jpg",
		"group": ""
	},
	{
		"video_id": "fAIX12F6958",
		"title": "Bumblebee (2018) - Official Teaser Trailer - Paramount Pictures",
		"channel_title": "Paramount Pictures",
		"category_id": "1",
		"views": "9988608",
		"likes": "151351",
		"dislikes": "10274",
		"thumbnail_link": "https://i.ytimg.com/vi/fAIX12F6958/default.jpg",
		"group": ""
	},
	{
		"video_id": "fAIX12F6958",
		"title": "Bumblebee (2018) - Official Teaser Trailer - Paramount Pictures",
		"channel_title": "Paramount Pictures",
		"category_id": "1",
		"views": "9988608",
		"likes": "151352",
		"dislikes": "10274",
		"thumbnail_link": "https://i.ytimg.com/vi/fAIX12F6958/default.jpg",
		"group": ""
	},
	{
		"video_id": "IuEldTVhvb0",
		"title": "\u0ba8\u0b9f\u0bbf\u0b95\u0bb0\u0bcd \u0bb5\u0bbf\u0bb7\u0bbe\u0bb2\u0bcd \u0baf\u0bbe\u0bb0\u0bcd \u0b8e\u0ba9 \u0b95\u0bc7\u0b9f\u0bcd\u0b9f\u0bc1\u0bb5\u0bbf\u0b9f\u0bcd\u0b9f\u0bc1, \u0baa\u0bbf\u0ba9\u0bcd\u0ba9\u0bb0\u0bcd \u0b9a\u0bae\u0bbe\u0bb3\u0bbf\u0ba4\u0bcd\u0ba4 \u0bb0\u0bbe\u0bae\u0bcd\u0b9a\u0bb0\u0ba3\u0bcd",
		"channel_title": "Polimer News",
		"category_id": "25",
		"views": "99874",
		"likes": "675",
		"dislikes": "94",
		"thumbnail_link": "https://i.ytimg.com/vi/IuEldTVhvb0/default.jpg",
		"group": ""
	},
	{
		"video_id": "G4wj5F1mEqE",
		"title": "SMARTER FASTER BETTER in HINDI - \u0938\u094d\u092e\u093e\u0930\u094d\u091f \u090f\u0902\u0921 \u092b\u093c\u093e\u0938\u094d\u091f",
		"channel_title": "SeeKen",
		"category_id": "27",
		"views": "99872",
		"likes": "6818",
		"dislikes": "133",
		"thumbnail_link": "https://i.ytimg.com/vi/G4wj5F1mEqE/default.jpg",
		"group": ""
	},
	{
		"video_id": "Vtq1eQEPxII",
		"title": "TYPES OF PEOPLE ON AN AEROPLANE | RishhSome",
		"channel_title": "Rishhsome",
		"category_id": "23",
		"views": "998656",
		"likes": "62853",
		"dislikes": "3162",
		"thumbnail_link": "https://i.ytimg.com/vi/Vtq1eQEPxII/default.jpg",
		"group": ""
	},
	{
		"video_id": "lCjPPjRIPuA",
		"title": "\u0c35\u0c02\u0c17\u0c35\u0c40\u0c1f\u0c3f \u0c30\u0c3e\u0c27\u0c3e \u0c15\u0c41 \u0c2e\u0c47\u0c32\u0c41 \u0c1a\u0c47\u0c38\u0c3f\u0c28 \u0c2a\u0c35\u0c28\u0c4d \u0c15\u0c33\u0c4d\u0c2f\u0c3e\u0c23\u0c4d || YS jagan | Pawan kalyan - Charan tv Online",
		"channel_title": "Charan TV Online",
		"category_id": "25",
		"views": "99852",
		"likes": "967",
		"dislikes": "100",
		"thumbnail_link": "https://i.ytimg.com/vi/lCjPPjRIPuA/default.jpg",
		"group": ""
	},
	{
		"video_id": "hi8fd2fmS44",
		"title": "STORY OF EVERY INDIAN MUSLIM | Aashqeen",
		"channel_title": "Aashqeen",
		"category_id": "23",
		"views": "998397",
		"likes": "120758",
		"dislikes": "3226",
		"thumbnail_link": "https://i.ytimg.com/vi/hi8fd2fmS44/default.jpg",
		"group": ""
	},
	{
		"video_id": "sH9rAl9fpRo",
		"title": "HURTI NEWS - ELECTION | DUDE SERIOUSLY (GUJARATI)",
		"channel_title": "Dude Seriously",
		"category_id": "23",
		"views": "99836",
		"likes": "6196",
		"dislikes": "245",
		"thumbnail_link": "https://i.ytimg.com/vi/sH9rAl9fpRo/default.jpg",
		"group": ""
	},
	{
		"video_id": "7q5TDPbiFn0",
		"title": "Durga | Full Ep 1009 | 3rd Mar 2018 | Odia Serial - TarangTV",
		"channel_title": "Tarang TV",
		"category_id": "24",
		"views": "99832",
		"likes": "344",
		"dislikes": "76",
		"thumbnail_link": "https://i.ytimg.com/vi/7q5TDPbiFn0/default.jpg",
		"group": ""
	},
	{
		"video_id": "bUunZxHfKug",
		"title": "\u0d38\u0d28\u0d4d\u0d27\u0d4d\u0d2f\u0d3e \u0d35\u0d3e\u0d7c\u0d24\u0d4d\u0d24 | 6 P M News | News Anchor - Nisha Purushothaman | April 15, 2018",
		"channel_title": "Manorama News",
		"category_id": "25",
		"views": "99822",
		"likes": "248",
		"dislikes": "71",
		"thumbnail_link": "https://i.ytimg.com/vi/bUunZxHfKug/default.jpg",
		"group": ""
	},
	{
		"video_id": "cvB57oklHlA",
		"title": "2018 Karnataka Election Results With Arnab Goswami #May15WithArnab | Republic TV",
		"channel_title": "Republic World",
		"category_id": "25",
		"views": "998208",
		"likes": "3721",
		"dislikes": "882",
		"thumbnail_link": "https://i.ytimg.com/vi/cvB57oklHlA/default.jpg",
		"group": ""
	},
	{
		"video_id": "cvB57oklHlA",
		"title": "2018 Karnataka Election Results With Arnab Goswami #May15WithArnab | Republic TV",
		"channel_title": "Republic World",
		"category_id": "25",
		"views": "998208",
		"likes": "3721",
		"dislikes": "882",
		"thumbnail_link": "https://i.ytimg.com/vi/cvB57oklHlA/default.jpg",
		"group": ""
	},
	{
		"video_id": "bqx08H6wfI0",
		"title": "Beautiful Love Lyrical | Naa Peru Surya Naa Illu India Songs | Allu Arjun, Anu Emannuel",
		"channel_title": "Aditya Music",
		"category_id": "10",
		"views": "998200",
		"likes": "39257",
		"dislikes": "3944",
		"thumbnail_link": "https://i.ytimg.com/vi/bqx08H6wfI0/default.jpg",
		"group": ""
	},
	{
		"video_id": "bqx08H6wfI0",
		"title": "Beautiful Love Lyrical | Naa Peru Surya Naa Illu India Songs | Allu Arjun, Anu Emannuel",
		"channel_title": "Aditya Music",
		"category_id": "10",
		"views": "998200",
		"likes": "39258",
		"dislikes": "3944",
		"thumbnail_link": "https://i.ytimg.com/vi/bqx08H6wfI0/default.jpg",
		"group": ""
	},
	{
		"video_id": "MkdGyNI5k7Q",
		"title": "Srinivasa Kalyanam - Shoot Begins | Nithiin, Raashi Khanna",
		"channel_title": "Dil Raju",
		"category_id": "24",
		"views": "998175",
		"likes": "17189",
		"dislikes": "859",
		"thumbnail_link": "https://i.ytimg.com/vi/MkdGyNI5k7Q/default.jpg",
		"group": ""
	},
	{
		"video_id": "VgCrOSoGd6o",
		"title": "CI Mallikharjuna Reddy Wife Comments |\u0c2e\u200c\u0c32\u0c4d\u0c32\u0c3f\u0c16\u0c3e\u0c30\u0c4d\u0c1c\u0c41\u0c28 \u0c30\u0c46\u0c21\u0c4d\u0c21\u0c3f \u0c17\u0c41\u0c30\u0c3f\u0c02\u0c1a\u0c3f \u0c38\u0c02\u0c1a\u200c\u0c32\u200c\u0c28 \u0c35\u0c3f\u0c37\u0c2f\u0c3e\u0c32\u0c41 \u0c2c\u0c2f\u0c1f\u0c2a\u0c46\u0c1f\u0c4d\u0c1f\u0c3f\u0c28 \u0c2d\u0c3e\u0c30\u0c4d\u0c2f",
		"channel_title": "I Love U Raja",
		"category_id": "24",
		"views": "99816",
		"likes": "109",
		"dislikes": "102",
		"thumbnail_link": "https://i.ytimg.com/vi/VgCrOSoGd6o/default.jpg",
		"group": ""
	},
	{
		"video_id": "2jrb73BMAGc",
		"title": "Ramcharan on Allu Arjun's naughty son! - TV9",
		"channel_title": "TV9 Today",
		"category_id": "25",
		"views": "998020",
		"likes": "9576",
		"dislikes": "400",
		"thumbnail_link": "https://i.ytimg.com/vi/2jrb73BMAGc/default.jpg",
		"group": ""
	},
	{
		"video_id": "2jrb73BMAGc",
		"title": "Ramcharan on Allu Arjun's naughty son! - TV9",
		"channel_title": "TV9 Today",
		"category_id": "25",
		"views": "998020",
		"likes": "9576",
		"dislikes": "400",
		"thumbnail_link": "https://i.ytimg.com/vi/2jrb73BMAGc/default.jpg",
		"group": ""
	},
	{
		"video_id": "I_n5xZKGr8o",
		"title": "BOYS VS GIRLS ( AFTER BREAKUP ) - | Elvish Yadav |",
		"channel_title": "Elvish yadav",
		"category_id": "23",
		"views": "997989",
		"likes": "140241",
		"dislikes": "2775",
		"thumbnail_link": "https://i.ytimg.com/vi/I_n5xZKGr8o/default.jpg",
		"group": ""
	},
	{
		"video_id": "XiHiW4N7-bo",
		"title": "Mission: Impossible - Fallout (2018) - Official Trailer - Paramount Pictures",
		"channel_title": "Paramount Pictures",
		"category_id": "1",
		"views": "9978294",
		"likes": "129863",
		"dislikes": "3645",
		"thumbnail_link": "https://i.ytimg.com/vi/XiHiW4N7-bo/default.jpg",
		"group": ""
	},
	{
		"video_id": "XiHiW4N7-bo",
		"title": "Mission: Impossible - Fallout (2018) - Official Trailer - Paramount Pictures",
		"channel_title": "Paramount Pictures",
		"category_id": "1",
		"views": "9978294",
		"likes": "129866",
		"dislikes": "3645",
		"thumbnail_link": "https://i.ytimg.com/vi/XiHiW4N7-bo/default.jpg",
		"group": ""
	},
	{
		"video_id": "YBnGRbLdJ_U",
		"title": "LIVE : Raj Thackeray Sharad Pawar Interview at Pune (Part 2)",
		"channel_title": "News18Lokmat",
		"category_id": "25",
		"views": "99777",
		"likes": "899",
		"dislikes": "102",
		"thumbnail_link": "https://i.ytimg.com/vi/YBnGRbLdJ_U/default.jpg",
		"group": ""
	},
	{
		"video_id": "HE1g3VgrI5o",
		"title": "Hot Debate On YCP MLA Roja vs Bandla Ganesh and YS Jagan vs Pawan Kalyan | Vulgar Comments | AP24x7",
		"channel_title": "AP24x7",
		"category_id": "25",
		"views": "99757",
		"likes": "1009",
		"dislikes": "106",
		"thumbnail_link": "https://i.ytimg.com/vi/HE1g3VgrI5o/default.jpg",
		"group": ""
	},
	{
		"video_id": "mfC-E6oku9s",
		"title": "Thanga Sela - Video Song | Kaala (Tamil) | Rajinikanth | Pa Ranjith | Santhosh Narayanan | Dhanush",
		"channel_title": "Wunderbar Studios",
		"category_id": "10",
		"views": "997433",
		"likes": "33764",
		"dislikes": "1263",
		"thumbnail_link": "https://i.ytimg.com/vi/mfC-E6oku9s/default.jpg",
		"group": ""
	},
	{
		"video_id": "mfC-E6oku9s",
		"title": "Thanga Sela - Video Song | Kaala (Tamil) | Rajinikanth | Pa Ranjith | Santhosh Narayanan | Dhanush",
		"channel_title": "Wunderbar Studios",
		"category_id": "10",
		"views": "997433",
		"likes": "33764",
		"dislikes": "1263",
		"thumbnail_link": "https://i.ytimg.com/vi/mfC-E6oku9s/default.jpg",
		"group": ""
	},
	{
		"video_id": "TP_rFJqzKt4",
		"title": "\u0c05\u0c28\u0c40\u0c32\u0c4d \u0c15\u0c41 \u0c15\u0c4a\u0c24\u0c4d\u0c24 \u0c30\u0c4b\u0c17\u0c02 || Dethadi News || Dethadi Gangavva || TV1",
		"channel_title": "TV1",
		"category_id": "25",
		"views": "99728",
		"likes": "970",
		"dislikes": "94",
		"thumbnail_link": "https://i.ytimg.com/vi/TP_rFJqzKt4/default.jpg",
		"group": ""
	},
	{
		"video_id": "PvaPFw9GtUo",
		"title": "\u0b89\u0bb2\u0b95\u0bbf\u0ba9\u0bcd \u0bae\u0bbf\u0b95 \u0b86\u0baa\u0ba4\u0bcd\u0ba4\u0bbe\u0ba9 10 \u0bb5\u0bc7\u0bb2\u0bc8\u0b95\u0bb3\u0bcd | 10 unusual jobs around the world | Tamil",
		"channel_title": "Crazy Talk",
		"category_id": "22",
		"views": "99726",
		"likes": "1627",
		"dislikes": "82",
		"thumbnail_link": "https://i.ytimg.com/vi/PvaPFw9GtUo/default.jpg",
		"group": ""
	},
	{
		"video_id": "2d69Yfuimk8",
		"title": "\ud83d\udc96\ud83d\udc96New WhatsApp Status Video 30sec\ud83d\udc96\ud83d\udc96",
		"channel_title": "Ajendra Creations",
		"category_id": "24",
		"views": "997248",
		"likes": "4938",
		"dislikes": "1313",
		"thumbnail_link": "https://i.ytimg.com/vi/2d69Yfuimk8/default.jpg",
		"group": ""
	},
	{
		"video_id": "Q1__CwIwQMo",
		"title": "\u0d15\u0d23\u0d4d\u0d23\u0d4d \u0d28\u0d3f\u0d31\u0d2f\u0d4d\u0d15\u0d4d\u0d15\u0d3e\u0d24\u0d46 \u0d15\u0d3e\u0d23\u0d3e\u0d28\u0d3e\u0d35\u0d3f\u0d32\u0d4d\u0d32 \u0d08 \u0d35\u0d40\u0d21\u0d3f\u0d2f\u0d4b | Nurse Lini | Nippa",
		"channel_title": "First Show",
		"category_id": "24",
		"views": "99719",
		"likes": "1109",
		"dislikes": "91",
		"thumbnail_link": "https://i.ytimg.com/vi/Q1__CwIwQMo/default.jpg",
		"group": ""
	},
	{
		"video_id": "khPLWaBioOs",
		"title": "Logan Paul - SANTA DISS TRACK (Official Music Video)",
		"channel_title": "Logan Paul Vlogs",
		"category_id": "24",
		"views": "9970464",
		"likes": "836362",
		"dislikes": "108582",
		"thumbnail_link": "https://i.ytimg.com/vi/khPLWaBioOs/default.jpg",
		"group": ""
	},
	{
		"video_id": "F4AEdWCB37o",
		"title": "The 3 Big Mistakes of PADMAWATI :  The Inside Story",
		"channel_title": "Crazy 4 Bollywood",
		"category_id": "24",
		"views": "996892",
		"likes": "3837",
		"dislikes": "1088",
		"thumbnail_link": "https://i.ytimg.com/vi/F4AEdWCB37o/default.jpg",
		"group": ""
	},
	{
		"video_id": "LiLG7Xz_UAY",
		"title": "\u0c21\u0c3f\u0c38\u0c46\u0c02\u0c2c\u0c30\u0c4d 29\u0c28 \u0c2e\u0c41\u0c15\u0c4d\u0c15\u0c4b\u0c1f\u0c3f \u0c0f\u0c15\u0c3e\u0c26\u0c36\u0c3f \u0c06\u0c30\u0c4b\u0c1c\u0c41 \u0c08 \u0c1a\u0c3f\u0c28\u0c4d\u0c28 \u0c2a\u0c28\u0c3f \u0c1a\u0c47\u0c38\u0c4d\u0c24\u0c47 \u0c2e\u0c40 7 \u0c1c\u0c28\u0c4d\u0c2e\u0c32 \u0c26\u0c30\u0c3f\u0c26\u0c4d\u0c30\u0c02 \u0c2a\u0c4b\u0c2f\u0c3f \u0c2a\u0c41\u0c28\u0c4d\u0c2f\u0c24\u0c4d\u0c2e\u0c41\u0c32\u0c35\u0c41\u0c24\u0c3e\u0c30\u0c41",
		"channel_title": "We support you",
		"category_id": "22",
		"views": "99686",
		"likes": "364",
		"dislikes": "31",
		"thumbnail_link": "https://i.ytimg.com/vi/LiLG7Xz_UAY/default.jpg",
		"group": ""
	},
	{
		"video_id": "svuLVNad0BA",
		"title": "Haseena Parkar Full Movie HD 1080p | Shraddha Kapoor, Siddhanth Kapoor, Apoorva | Bollywood Movie",
		"channel_title": "Pen Movies",
		"category_id": "1",
		"views": "996787",
		"likes": "8858",
		"dislikes": "804",
		"thumbnail_link": "https://i.ytimg.com/vi/svuLVNad0BA/default.jpg",
		"group": ""
	},
	{
		"video_id": "xuzU4ji5Ms4",
		"title": "Your Favorite Character | Tapu Sena's Day At The Mall | Taarak Mehta Ka Ooltah Chashmah",
		"channel_title": "SAB TV",
		"category_id": "24",
		"views": "996736",
		"likes": "5543",
		"dislikes": "915",
		"thumbnail_link": "https://i.ytimg.com/vi/xuzU4ji5Ms4/default.jpg",
		"group": ""
	},
	{
		"video_id": "xuzU4ji5Ms4",
		"title": "Your Favorite Character | Tapu Sena's Day At The Mall | Taarak Mehta Ka Ooltah Chashmah",
		"channel_title": "SAB TV",
		"category_id": "24",
		"views": "996736",
		"likes": "5543",
		"dislikes": "915",
		"thumbnail_link": "https://i.ytimg.com/vi/xuzU4ji5Ms4/default.jpg",
		"group": ""
	},
	{
		"video_id": "00nigwd2aGI",
		"title": "Comedian Sunil Accident Video | Hero Sunil Accident ... | \u0c39\u0c40\u0c30\u0c4b \u0c38\u0c41\u0c28\u0c40\u0c32\u0c4d \u0c15\u0c3f \u0c15\u0c3e\u0c30\u0c4d \u0c06\u0c15\u0c4d\u0c38\u0c3f\u0c21\u0c46\u0c02\u0c1f\u0c4d... ! |",
		"channel_title": "Tollywood Central",
		"category_id": "24",
		"views": "99669",
		"likes": "492",
		"dislikes": "212",
		"thumbnail_link": "https://i.ytimg.com/vi/00nigwd2aGI/default.jpg",
		"group": ""
	},
	{
		"video_id": "vCVvhWsfhLM",
		"title": "\u0ca6\u0cbe\u0cb0\u0cc1\u0ca3 \u0cb8\u0ccd\u0ca5\u0cbf\u0ca4\u0cbf\u0c97\u0cc6 \u0ca4\u0cb2\u0cc1\u0caa\u0cbf\u0ca6 \u0ca8\u0c9f\u0cbf \u0c95\u0cb2\u0ccd\u0caf\u0cbe\u0ca3\u0cbf \u0c92\u0c82\u0ca6\u0cc1 \u0c95\u0cc1\u0c97\u0ccd\u0cb0\u0cbe\u0cae\u0ca6\u0cb2\u0ccd\u0cb2\u0cbf \u0c9c\u0ca8\u0cb0 \u0c95\u0ca3\u0ccd\u0ca3\u0cbf\u0c97\u0cc6 \u0cac\u0cbf\u0ca6\u0ccd\u0ca6\u0cb0\u0cc1 | Hebbuli Actress",
		"channel_title": "chandanavana",
		"category_id": "24",
		"views": "99664",
		"likes": "137",
		"dislikes": "49",
		"thumbnail_link": "https://i.ytimg.com/vi/vCVvhWsfhLM/default.jpg",
		"group": ""
	},
	{
		"video_id": "XeYzE5l5CHU",
		"title": "The PM Modi Interview Exclusive With TIMES NOW I Full Interview",
		"channel_title": "TIMES NOW",
		"category_id": "25",
		"views": "99648",
		"likes": "2621",
		"dislikes": "465",
		"thumbnail_link": "https://i.ytimg.com/vi/XeYzE5l5CHU/default.jpg",
		"group": ""
	},
	{
		"video_id": "QWipZwUEJ5U",
		"title": "\u0ab2\u0ac7 \u0a95\u0a9a\u0ac1\u0a95\u0acb \u0ab2\u0ac7 || Gujarati Girl Dance On Gujarati Famous Song || Le Kachuko Le",
		"channel_title": "Gujrati Beats",
		"category_id": "24",
		"views": "99647",
		"likes": "217",
		"dislikes": "50",
		"thumbnail_link": "https://i.ytimg.com/vi/QWipZwUEJ5U/default.jpg",
		"group": ""
	},
	{
		"video_id": "9u-zwfDvgrs",
		"title": "Akshay Kumar Postponed Padman Release For Padmavati | Sanjay Leela Bhansali, Ranveer Singh, Deepika",
		"channel_title": "Movie Talkies",
		"category_id": "24",
		"views": "996363",
		"likes": "17117",
		"dislikes": "1311",
		"thumbnail_link": "https://i.ytimg.com/vi/9u-zwfDvgrs/default.jpg",
		"group": ""
	},
	{
		"video_id": "3zDr04UIr8I",
		"title": "Cory Booker Is Not Having the DHS Secretary's Testimony: The Daily Show",
		"channel_title": "The Daily Show with Trevor Noah",
		"category_id": "23",
		"views": "996313",
		"likes": "20961",
		"dislikes": "442",
		"thumbnail_link": "https://i.ytimg.com/vi/3zDr04UIr8I/default.jpg",
		"group": ""
	},
	{
		"video_id": "SLH_9djMff8",
		"title": "Gunturodu 2017 Telugu Full Movie | Manchu Manoj | Pragya | #MerryChristmas | Monday Prime Video",
		"channel_title": "Telugu Filmnagar",
		"category_id": "24",
		"views": "996309",
		"likes": "4862",
		"dislikes": "668",
		"thumbnail_link": "https://i.ytimg.com/vi/SLH_9djMff8/default.jpg",
		"group": ""
	},
	{
		"video_id": "Ac7uJO-c3kc",
		"title": "Naachiyaar Review with Adhik and Public  | Director Bala | Jyotika, G. V. Prakash | \u0ba8\u0bbe\u0b9a\u0bcd\u0b9a\u0bbf\u0baf\u0bbe\u0bb0\u0bcd",
		"channel_title": "Shruti TV",
		"category_id": "24",
		"views": "99628",
		"likes": "905",
		"dislikes": "39",
		"thumbnail_link": "https://i.ytimg.com/vi/Ac7uJO-c3kc/default.jpg",
		"group": ""
	},
	{
		"video_id": "NbXSrab0suU",
		"title": "\u0905\u0915\u094d\u0937\u092f \u0915\u0941\u092e\u093e\u0930 \u0905\u092e\u093f\u0924\u093e\u092d \u092c\u091a\u094d\u091a\u0928 \u0915\u0940 \u092c\u093e\u0924\u0947\u0902 \u092f\u093e\u0926 \u0915\u0930\u0915\u0947 \u0938\u094d\u091f\u0947\u091c \u092a\u0930 \u0939\u0940 \u0930\u094b \u092a\u095c\u0947, \u092b\u093f\u0930 \u092c\u091a\u094d\u091a\u0928 \u0938\u093e\u0939\u092c \u0928\u0947 \u0932\u0917\u093e\u092f\u093e \u0917\u0932\u0947.",
		"channel_title": "Prime Minister Narender Modi",
		"category_id": "24",
		"views": "996154",
		"likes": "16570",
		"dislikes": "796",
		"thumbnail_link": "https://i.ytimg.com/vi/NbXSrab0suU/default.jpg",
		"group": ""
	},
	{
		"video_id": "ubCJelHwJ18",
		"title": "Priya Prakash Varrier Is My Valentine ?",
		"channel_title": "Angry Prash",
		"category_id": "23",
		"views": "996138",
		"likes": "53589",
		"dislikes": "1811",
		"thumbnail_link": "https://i.ytimg.com/vi/ubCJelHwJ18/default.jpg",
		"group": ""
	},
	{
		"video_id": "xVFYd1BQgGs",
		"title": "\u092e\u0927\u0941 \u0936\u0930\u094d\u092e\u093e \u0915\u0940 \u0938\u092c\u0938\u0947 \u092c\u095c\u0940 \u092d\u094b\u091c\u092a\u0941\u0930\u0940 \u092b\u093f\u0932\u094d\u092e ( HD 2018 ) | BHOJPURI SUPERHIT FILM 2018 |",
		"channel_title": "Wave Music - Bhojpuri Movies",
		"category_id": "1",
		"views": "996057",
		"likes": "1630",
		"dislikes": "768",
		"thumbnail_link": "https://i.ytimg.com/vi/xVFYd1BQgGs/default.jpg",
		"group": ""
	},
	{
		"video_id": "dmY9PY_IoYY",
		"title": "New Punjabi Movies 2017 -Sardar Mohammad (Full Movie) Tarsem Jassar -Punjabi Movie 2017",
		"channel_title": "White Hill Music",
		"category_id": "10",
		"views": "995796",
		"likes": "14936",
		"dislikes": "521",
		"thumbnail_link": "https://i.ytimg.com/vi/dmY9PY_IoYY/default.jpg",
		"group": ""
	},
	{
		"video_id": "ixcclXqEY_Q",
		"title": "Tuzhat Jeev Rangala - \u0924\u0941\u091d\u094d\u092f\u093e\u0924 \u091c\u0940\u0935 \u0930\u0902\u0917\u0932\u093e - Episode 420  - January 27, 2018 - Preview",
		"channel_title": "zeemarathi",
		"category_id": "24",
		"views": "99562",
		"likes": "201",
		"dislikes": "21",
		"thumbnail_link": "https://i.ytimg.com/vi/ixcclXqEY_Q/default.jpg",
		"group": ""
	},
	{
		"video_id": "HH18T8TDuIU",
		"title": "\u0d2f\u0d41\u0d35\u0d28\u0d1f\u0d7b \u0d17\u0d4b\u0d35\u0d2f\u0d3f\u0d7d \u0d2e\u0d30\u0d3f\u0d1a\u0d4d\u0d1a \u0d28\u0d3f\u0d32\u0d2f\u0d3f\u0d7d \u0d24\u0d47\u0d19\u0d4d\u0d19\u0d3f\u0d15\u0d4d\u0d15\u0d30\u0d1e\u0d4d\u0d1e\u0d4d \u0d24\u0d3e\u0d30\u0d28\u0d3f\u0d30 | Young actor death shocking",
		"channel_title": "FILM COURT",
		"category_id": "24",
		"views": "995448",
		"likes": "995",
		"dislikes": "635",
		"thumbnail_link": "https://i.ytimg.com/vi/HH18T8TDuIU/default.jpg",
		"group": ""
	},
	{
		"video_id": "M__1C40ZIUo",
		"title": "Seyalthalaivar M. K. Stalin Forgets Independence Day | Video Memes",
		"channel_title": "Video Memes",
		"category_id": "24",
		"views": "99530",
		"likes": "4246",
		"dislikes": "108",
		"thumbnail_link": "https://i.ytimg.com/vi/M__1C40ZIUo/default.jpg",
		"group": ""
	},
	{
		"video_id": "aBkHb8e3UAk",
		"title": "I FLEW THE FIRST FLYING CAR!!!!",
		"channel_title": "CaseyNeistat",
		"category_id": "22",
		"views": "995276",
		"likes": "57139",
		"dislikes": "1220",
		"thumbnail_link": "https://i.ytimg.com/vi/aBkHb8e3UAk/default.jpg",
		"group": ""
	},
	{
		"video_id": "70--WeRaQX0",
		"title": "\u0c9a\u0c82\u0ca6\u0cc1 \u0c97\u0cca\u0c82\u0cac\u0cc6\u0caf \u0c85\u0ca6\u0ccd\u0ca7\u0cc2\u0cb0\u0cbf \u0cae\u0ca6\u0cc1\u0cb5\u0cc6 \u0c95\u0cbe\u0cb0\u0ccd\u0caf\u0c95\u0ccd\u0cb0\u0cae \u0cb9\u0cc7\u0c97\u0cbf\u0ca4\u0ccd\u0ca4\u0cc1 \u0ca8\u0ccb\u0ca1\u0cbf",
		"channel_title": "Filmy Duniya",
		"category_id": "22",
		"views": "99507",
		"likes": "250",
		"dislikes": "43",
		"thumbnail_link": "https://i.ytimg.com/vi/70--WeRaQX0/default.jpg",
		"group": ""
	},
	{
		"video_id": "Zmz7x7OXjtY",
		"title": "\u0bae\u0bc6\u0b9f\u0bcd\u0b9f\u0bbf \u0b92\u0bb2\u0bbf \u0ba8\u0b9f\u0bbf\u0b95\u0bc8\u0b95\u0bb3\u0bcd \u0ba4\u0bb1\u0bcd\u0baa\u0bcb\u0ba4\u0bc8\u0baf \u0ba8\u0bbf\u0bb2\u0bc8 | Tamil Cinema | Kollywood News | Cinema Seithigal",
		"channel_title": "TamilCrowd",
		"category_id": "24",
		"views": "99498",
		"likes": "271",
		"dislikes": "42",
		"thumbnail_link": "https://i.ytimg.com/vi/Zmz7x7OXjtY/default.jpg",
		"group": ""
	},
	{
		"video_id": "VvrM5ARPIVA",
		"title": "\u092a\u0941\u0923\u0947 : \u092a\u0941\u0923\u094d\u092f\u093e\u0924 \u0906\u0930. \u0906\u0930. \u092a\u093e\u091f\u0932\u093e\u0902\u091a\u0940 \u092e\u0941\u0932\u0917\u0940 \u0938\u094d\u092e\u093f\u0924\u093e\u091a\u093e \u0935\u093f\u0935\u093e\u0939 \u0938\u094b\u0939\u0933\u093e",
		"channel_title": "ABP Majha",
		"category_id": "22",
		"views": "99495",
		"likes": "541",
		"dislikes": "36",
		"thumbnail_link": "https://i.ytimg.com/vi/VvrM5ARPIVA/default.jpg",
		"group": ""
	},
	{
		"video_id": "DkeiKbqa02g",
		"title": "Calvin Harris, Dua Lipa - One Kiss (Official Video)",
		"channel_title": "CalvinHarrisVEVO",
		"category_id": "10",
		"views": "9947934",
		"likes": "370275",
		"dislikes": "12802",
		"thumbnail_link": "https://i.ytimg.com/vi/DkeiKbqa02g/default.jpg",
		"group": ""
	},
	{
		"video_id": "4gDYt1XPkkE",
		"title": "Ga Gha Megha Full Song Lyrical | Chal Mohan Ranga Songs | Nithiin | Megha Akash | Thaman S",
		"channel_title": "Mango Music",
		"category_id": "10",
		"views": "994736",
		"likes": "21623",
		"dislikes": "965",
		"thumbnail_link": "https://i.ytimg.com/vi/4gDYt1XPkkE/default.jpg",
		"group": ""
	},
	{
		"video_id": "xRJ3mdHEqOg",
		"title": "Jan Gan Man Ki Baat, Episode 171: Modi's 'New India' Dream and Allegations of Fraud Against ICICI",
		"channel_title": "The Wire",
		"category_id": "25",
		"views": "99466",
		"likes": "5244",
		"dislikes": "291",
		"thumbnail_link": "https://i.ytimg.com/vi/xRJ3mdHEqOg/default.jpg",
		"group": ""
	},
	{
		"video_id": "F2lN25IayH8",
		"title": "Baaghi 2 Official Trailer | Tiger Shroff | Disha Patani | Sajid Nadiadwala | Ahmed Khan",
		"channel_title": "FoxStarHindi",
		"category_id": "24",
		"views": "9946060",
		"likes": "245107",
		"dislikes": "12464",
		"thumbnail_link": "https://i.ytimg.com/vi/F2lN25IayH8/default.jpg",
		"group": ""
	},
	{
		"video_id": "wdRtTLIkue4",
		"title": "15 \u092b\u0930\u0935\u0930\u0940 2018 \u0917\u0941\u0930\u0941\u0935\u093e\u0930 \u0915\u094b \u0938\u0942\u0930\u094d\u092f \u0917\u094d\u0930\u0939\u0923 \u0930\u093e\u0924 \u092e\u0947\u0902 \u0917\u0932\u0924\u0940 \u0938\u0947 \u092d\u0940 \u0928\u0939\u0940 \u0915\u0930\u0947\u0902 \u092f\u0939 5 \u0915\u093e\u092e \u0935\u0930\u0928\u093e Surya Grahan 2018",
		"channel_title": "Brijnaari Sumi",
		"category_id": "27",
		"views": "99447",
		"likes": "1174",
		"dislikes": "160",
		"thumbnail_link": "https://i.ytimg.com/vi/wdRtTLIkue4/default.jpg",
		"group": ""
	},
	{
		"video_id": "pungT-IGDcA",
		"title": "\u0c2c\u0c3e\u0c2c\u0c3e\u0c15\u0c3f \u0c07\u0c37\u0c4d\u0c1f\u0c2e\u0c48\u0c28 \u0c17\u0c41\u0c30\u0c41\u0c35\u0c3e\u0c30\u0c02 \u0c08 \u0c2a\u0c3e\u0c1f\u0c32\u0c41 \u0c35\u0c3f\u0c02\u0c1f\u0c47 \u0c2c\u0c3e\u0c2c\u0c3e \u0c2e\u0c40 \u0c07\u0c02\u0c1f\u0c3f \u0c24\u0c32\u0c41\u0c2a\u0c41 \u0c24\u0c21\u0c24\u0c3e\u0c21\u0c41 || Shirdi Sai Baba Devotional Songs",
		"channel_title": "Natural HealthCare",
		"category_id": "26",
		"views": "99443",
		"likes": "519",
		"dislikes": "98",
		"thumbnail_link": "https://i.ytimg.com/vi/pungT-IGDcA/default.jpg",
		"group": ""
	},
	{
		"video_id": "Ta3Yruzx_lA",
		"title": "Oru Nalla Naal Paathu Solren Teaser | Vijay Sethupathi, Gautham Karthik | Justin Prabhakaran",
		"channel_title": "Think Music India",
		"category_id": "1",
		"views": "994404",
		"likes": "51860",
		"dislikes": "831",
		"thumbnail_link": "https://i.ytimg.com/vi/Ta3Yruzx_lA/default.jpg",
		"group": ""
	},
	{
		"video_id": "VM2Irpo4DHc",
		"title": "Comedy Khiladigalu Season 2 - Episode 16 - February 18, 2018 - Best Scene",
		"channel_title": "zeekannada",
		"category_id": "24",
		"views": "99409",
		"likes": "451",
		"dislikes": "34",
		"thumbnail_link": "https://i.ytimg.com/vi/VM2Irpo4DHc/default.jpg",
		"group": ""
	},
	{
		"video_id": "8MwQRieuPac",
		"title": "NALAIK NAANKE || KABAL SAROOPWALI || FULL VIDEO || NEW PUNJABI SONG 2018 || FEAT DESI CREW",
		"channel_title": "Crown Records",
		"category_id": "10",
		"views": "99375",
		"likes": "4733",
		"dislikes": "159",
		"thumbnail_link": "https://i.ytimg.com/vi/8MwQRieuPac/default.jpg",
		"group": ""
	},
	{
		"video_id": "NRlezrTVPuI",
		"title": "\u0928\u093f\u0930\u0939\u0941\u0906 \u0915\u0940 \u0938\u092c\u0938\u0947 \u092c\u095c\u0940 \u092b\u093f\u0932\u094d\u092e ( HD FILM 2018 ) DINESH LAL YADAV SUPERHIT FILM 2018",
		"channel_title": "Filmistaan",
		"category_id": "1",
		"views": "993707",
		"likes": "1598",
		"dislikes": "1062",
		"thumbnail_link": "https://i.ytimg.com/vi/NRlezrTVPuI/default.jpg",
		"group": ""
	},
	{
		"video_id": "QNFjcJOKwoo",
		"title": "\u0b95\u0bb4\u0bbf\u0baa\u0bcd\u0baa\u0bb1\u0bc8, \u0baa\u0b9f\u0bc1\u0b95\u0bcd\u0b95\u0bc8 \u0bb5\u0b9a\u0ba4\u0bbf\u0b95\u0bb3\u0bc1\u0b9f\u0ba9\u0bcd \u0b95\u0bc2\u0b9f\u0bbf\u0baf 4 \u0b86\u0baf\u0bbf\u0bb0\u0bae\u0bcd \u0baa\u0bc7\u0bb0\u0bc1\u0ba8\u0bcd\u0ba4\u0bc1\u0b95\u0bb3\u0bc8 \u0bb5\u0bbe\u0b99\u0bcd\u0b95 \u0ba4\u0bae\u0bbf\u0bb4\u0b95 \u0b85\u0bb0\u0b9a\u0bc1 \u0bae\u0bc1\u0b9f\u0bbf\u0bb5\u0bc1",
		"channel_title": "Polimer News",
		"category_id": "25",
		"views": "99369",
		"likes": "985",
		"dislikes": "182",
		"thumbnail_link": "https://i.ytimg.com/vi/QNFjcJOKwoo/default.jpg",
		"group": ""
	},
	{
		"video_id": "WxpVc_8QzeE",
		"title": "\u0b93\u0baa\u0bcd\u0baa\u0ba9\u0bbe \u0b95\u0bbe\u0bae\u0bbf\u0b9a\u0bcd\u0b9a\u0bbf\u0b9f\u0bcd\u0b9f\u0bbe\u0b99\u0bcd\u0b95! | Iruttu Araiyil Murattu Kuththu FDFS Public Review",
		"channel_title": "Cinema Vikatan",
		"category_id": "24",
		"views": "993571",
		"likes": "5759",
		"dislikes": "1162",
		"thumbnail_link": "https://i.ytimg.com/vi/WxpVc_8QzeE/default.jpg",
		"group": ""
	},
	{
		"video_id": "gZUGZEydqvA",
		"title": "\u0c2a\u0c4a\u0c1f\u0c4d\u0c1f\u0c41 \u0c2a\u0c4a\u0c1f\u0c4d\u0c1f\u0c41  ... \u0c1c\u0c40\u0c32\u0c3e\u0c28\u0c02\u0c26 \u0c2c\u0c3e\u0c2c\u0c3e \u0c1c\u0c3f\u0c32\u0c4d \u0c1c\u0c3f\u0c32\u0c4d \u0c1c\u0c40\u0c32\u0c3e || Dethadi News || Dethadi Gangavva || Tv1",
		"channel_title": "TV1",
		"category_id": "25",
		"views": "99339",
		"likes": "1547",
		"dislikes": "204",
		"thumbnail_link": "https://i.ytimg.com/vi/gZUGZEydqvA/default.jpg",
		"group": ""
	},
	{
		"video_id": "IT-ARpBYBu0",
		"title": "\u0d38\u0d40\u0d30\u0d3f\u0d2f\u0d7d \u0d28\u0d1f\u0d3f \u0d05\u0d7c\u0d1a\u0d4d\u0d1a\u0d28 \u0d1a\u0d3e\u0d1f\u0d3f\u0d2f \u0d35\u0d46\u0d33\u0d4d\u0d33\u0d24\u0d4d\u0d24\u0d3f\u0d7d \u0d2a\u0d3e\u0d2e\u0d4d\u0d2a\u0d4d \u0d05\u0d1f\u0d3f\u0d35\u0d38\u0d4d\u0d24\u0d4d\u0d30\u0d24\u0d4d\u0d24\u0d3f\u0d7d | Archana caught by snake",
		"channel_title": "FILM COURT",
		"category_id": "24",
		"views": "99338",
		"likes": "76",
		"dislikes": "94",
		"thumbnail_link": "https://i.ytimg.com/vi/IT-ARpBYBu0/default.jpg",
		"group": ""
	},
	{
		"video_id": "KDDjr92sFpU",
		"title": "India Vs Sri Lanka 3rd Test : Angry Ravi Shastri walks down the field | \u0935\u0928\u0907\u0902\u0921\u093f\u092f\u093e \u0939\u093f\u0902\u0926\u0940",
		"channel_title": "Oneindia Hindi | \u0935\u0928\u0907\u0902\u0921\u093f\u092f\u093e \u0939\u093f\u0928\u094d\u0926\u0940",
		"category_id": "25",
		"views": "99329",
		"likes": "510",
		"dislikes": "44",
		"thumbnail_link": "https://i.ytimg.com/vi/KDDjr92sFpU/default.jpg",
		"group": ""
	},
	{
		"video_id": "MKio29y4zG0",
		"title": "\u0b87\u0ba8\u0bcd\u0ba4 \u0bb5\u0bc0\u0b9f\u0bbf\u0baf\u0bcb\u0bb5\u0bc8 \u0b8e\u0b9f\u0bc1\u0ba4\u0bcd\u0ba4 \u0ba4\u0bbf\u0ba9\u0b95\u0bb0\u0ba9\u0bc1\u0b95\u0bcd\u0b95\u0bc1 \u0b87\u0ba4\u0bc8 \u0bae\u0bb1\u0bc8\u0b95\u0bcd\u0b95 \u0ba4\u0bc6\u0bb0\u0bbf\u0baf\u0bb2\u0bc8\u0baf\u0baa\u0bcd\u0baa\u0bbe | Tamil Cinema News Latest Jayalaitha News",
		"channel_title": "Tamil News",
		"category_id": "24",
		"views": "993179",
		"likes": "1795",
		"dislikes": "1121",
		"thumbnail_link": "https://i.ytimg.com/vi/MKio29y4zG0/default.jpg",
		"group": ""
	},
	{
		"video_id": "_sLxAHAvcks",
		"title": "TSP's If Politicians played Indoor Games",
		"channel_title": "The Screen Patti",
		"category_id": "24",
		"views": "993151",
		"likes": "50411",
		"dislikes": "5221",
		"thumbnail_link": "https://i.ytimg.com/vi/_sLxAHAvcks/default.jpg",
		"group": ""
	},
	{
		"video_id": "_sLxAHAvcks",
		"title": "TSP's If Politicians played Indoor Games",
		"channel_title": "The Screen Patti",
		"category_id": "24",
		"views": "993151",
		"likes": "50411",
		"dislikes": "5221",
		"thumbnail_link": "https://i.ytimg.com/vi/_sLxAHAvcks/default.jpg",
		"group": ""
	},
	{
		"video_id": "-7ge2A8bRr4",
		"title": "\u0b95\u0bc1\u0bb0\u0b99\u0bcd\u0b95\u0ba3\u0bbf \u0b95\u0bbe\u0b9f\u0bcd\u0b9f\u0bc1\u0ba4\u0bcd\u0ba4\u0bc0 \u0ba8\u0bc6\u0b9e\u0bcd\u0b9a\u0bc8 \u0b89\u0bb1\u0bc8\u0baf\u0bb5\u0bc8\u0b95\u0bcd\u0b95\u0bc1\u0bae\u0bcd \u0b95\u0b9f\u0bc8\u0b9a\u0bbf \u0ba8\u0bbf\u0bae\u0bbf\u0b9f\u0b99\u0bcd\u0b95\u0bb3\u0bcd , \u0ba4\u0bc0\u0baf\u0bbf\u0bb2\u0bcd \u0b9a\u0bbf\u0b95\u0bcd\u0b95\u0bbf\u0baf\u0ba4\u0bc1 \u0b8e\u0baa\u0bcd\u0baa\u0b9f\u0bbf  \u0ba4\u0bc6\u0bb0\u0bbf\u0baf\u0bc1\u0bae\u0bbe ?",
		"channel_title": "TAMIL MEDIA",
		"category_id": "24",
		"views": "993075",
		"likes": "2242",
		"dislikes": "1169",
		"thumbnail_link": "https://i.ytimg.com/vi/-7ge2A8bRr4/default.jpg",
		"group": ""
	},
	{
		"video_id": "GAWwOm6tArI",
		"title": "Rauf klasra \u092a\u093e\u0915\u093f\u0938\u094d\u0924\u093e\u0928\u0940 \u092a\u0924\u094d\u0930\u0915\u093e\u0930\u094b\u0902 \u0905\u092a\u0928\u0940 \u0928\u093e\u0915 \u0915\u091f\u0935\u093e\u0908,  \u0917\u0935\u0930\u094d\u0928\u092e\u0947\u0902\u091f Skype \u0938\u0947 \u0915\u0949\u0932 \u0915\u0930\u093e \u0926\u0940 \u0925\u0940 \u0907\u0938\u0938\u0947 \u0905\u091a\u094d\u091b\u093e",
		"channel_title": "A to Z cricket,political & cinema",
		"category_id": "23",
		"views": "99292",
		"likes": "976",
		"dislikes": "52",
		"thumbnail_link": "https://i.ytimg.com/vi/GAWwOm6tArI/default.jpg",
		"group": ""
	},
	{
		"video_id": "47iYbraZ2bE",
		"title": "Phulpakhru - \u092b\u0941\u0932\u092a\u093e\u0916\u0930\u0941 - Episode 234  - February 09, 2018 - Preview",
		"channel_title": "Zee Yuva",
		"category_id": "24",
		"views": "99286",
		"likes": "436",
		"dislikes": "35",
		"thumbnail_link": "https://i.ytimg.com/vi/47iYbraZ2bE/default.jpg",
		"group": ""
	},
	{
		"video_id": "sUtEKDdmxXE",
		"title": "Rangasthalam - A movie with many firsts - TV9",
		"channel_title": "TV9 Trending",
		"category_id": "25",
		"views": "992853",
		"likes": "3614",
		"dislikes": "407",
		"thumbnail_link": "https://i.ytimg.com/vi/sUtEKDdmxXE/default.jpg",
		"group": ""
	},
	{
		"video_id": "PY7R22tDvPY",
		"title": "AMAR BANGLA | \u09e7\u09eb \u09ae\u09c7 \u09aa\u09cd\u09b0\u09a5\u09ae \u09a6\u09ab\u09be\u09b0 \u09ad\u09cb\u099f\u09c7\u09b0 \u09b8\u09ae\u09cd\u09ad\u09be\u09ac\u09a8\u09be",
		"channel_title": "News18 Bangla",
		"category_id": "25",
		"views": "99282",
		"likes": "371",
		"dislikes": "67",
		"thumbnail_link": "https://i.ytimg.com/vi/PY7R22tDvPY/default.jpg",
		"group": ""
	},
	{
		"video_id": "t-My3vpDBvA",
		"title": "BB Ki Vines- | Likhe Jo Khat Tujhe |",
		"channel_title": "BB Ki Vines",
		"category_id": "24",
		"views": "9927948",
		"likes": "653203",
		"dislikes": "16744",
		"thumbnail_link": "https://i.ytimg.com/vi/t-My3vpDBvA/default.jpg",
		"group": ""
	},
	{
		"video_id": "t-My3vpDBvA",
		"title": "BB Ki Vines- | Likhe Jo Khat Tujhe |",
		"channel_title": "BB Ki Vines",
		"category_id": "24",
		"views": "9927948",
		"likes": "653203",
		"dislikes": "16744",
		"thumbnail_link": "https://i.ytimg.com/vi/t-My3vpDBvA/default.jpg",
		"group": ""
	},
	{
		"video_id": "pdpI-WxnzLU",
		"title": "Gang Of Lallu Bhai- Part 5 | Hyderabadi Comedy | Warangal Diaries",
		"channel_title": "Warangal Diaries",
		"category_id": "23",
		"views": "99274",
		"likes": "8174",
		"dislikes": "193",
		"thumbnail_link": "https://i.ytimg.com/vi/pdpI-WxnzLU/default.jpg",
		"group": ""
	}
]