[
	{
		"video_id": "i9h3OYyrX3o",
		"title": "10 BEST Moments from 2018 Oscars",
		"channel_title": "Clevver News",
		"category_id": "24",
		"views": "999968",
		"likes": "6361",
		"dislikes": "739",
		"thumbnail_link": "https://i.ytimg.com/vi/i9h3OYyrX3o/default.jpg",
		"group": ""
	},
	{
		"video_id": "gw82GrEt370",
		"title": "DIY STUDY HACKS! How To Be PRODUCTIVE After School + Study Tips to Get BETTER GRADES!",
		"channel_title": "Natalies Outlet",
		"category_id": "24",
		"views": "999910",
		"likes": "126366",
		"dislikes": "1034",
		"thumbnail_link": "https://i.ytimg.com/vi/gw82GrEt370/default.jpg",
		"group": ""
	},
	{
		"video_id": "fE6gy6Ww91w",
		"title": "Q: WE ARE NOT ALONE.",
		"channel_title": "SGTreport",
		"category_id": "25",
		"views": "99990",
		"likes": "7534",
		"dislikes": "267",
		"thumbnail_link": "https://i.ytimg.com/vi/fE6gy6Ww91w/default.jpg",
		"group": ""
	},
	{
		"video_id": "JLt6sEE8rdQ",
		"title": "Everything Wrong With The Chronicles Of Narnia: The Lion, The Witch and the Wardrobe",
		"channel_title": "CinemaSins",
		"category_id": "1",
		"views": "999895",
		"likes": "30852",
		"dislikes": "717",
		"thumbnail_link": "https://i.ytimg.com/vi/JLt6sEE8rdQ/default.jpg",
		"group": ""
	},
	{
		"video_id": "8MPbR6Cbwi4",
		"title": "Justin Timberlake - Say Something (Official Video) ft. Chris Stapleton",
		"channel_title": "justintimberlakeVEVO",
		"category_id": "10",
		"views": "9998724",
		"likes": "209659",
		"dislikes": "6906",
		"thumbnail_link": "https://i.ytimg.com/vi/8MPbR6Cbwi4/default.jpg",
		"group": ""
	},
	{
		"video_id": "iiOzcMQiDZs",
		"title": "Valencia vs Barcelona 1-1 - All Goals & Extended Highlights - La Liga 26/11/2017 HD",
		"channel_title": "GOLAZO TV",
		"category_id": "17",
		"views": "999860",
		"likes": "5586",
		"dislikes": "481",
		"thumbnail_link": "https://i.ytimg.com/vi/iiOzcMQiDZs/default.jpg",
		"group": ""
	},
	{
		"video_id": "zpYQVGbar8Y",
		"title": "TRYING WISH APP PROM DRESSES under $25 \ud83d\udc57 Lmao! \ud83d\ude2d",
		"channel_title": "Shaaanxo",
		"category_id": "26",
		"views": "99981",
		"likes": "7620",
		"dislikes": "107",
		"thumbnail_link": "https://i.ytimg.com/vi/zpYQVGbar8Y/default.jpg",
		"group": ""
	},
	{
		"video_id": "vlOT2N3O6ZI",
		"title": "Kesha - Praying (Grammy 2018 Performance)",
		"channel_title": "uncommonboy",
		"category_id": "22",
		"views": "999768",
		"likes": "21337",
		"dislikes": "642",
		"thumbnail_link": "https://i.ytimg.com/vi/vlOT2N3O6ZI/default.jpg",
		"group": ""
	},
	{
		"video_id": "AYZZlI_cfVQ",
		"title": "Teen Nearly Gets Hit by Bus After 'Friend' Shoves Her",
		"channel_title": "Inside Edition",
		"category_id": "22",
		"views": "99964",
		"likes": "1333",
		"dislikes": "42",
		"thumbnail_link": "https://i.ytimg.com/vi/AYZZlI_cfVQ/default.jpg",
		"group": ""
	},
	{
		"video_id": "d6nFSNcc-bI",
		"title": "The Barenaked Ladies to reunite for one night",
		"channel_title": "The National",
		"category_id": "25",
		"views": "9996",
		"likes": "67",
		"dislikes": "6",
		"thumbnail_link": "https://i.ytimg.com/vi/d6nFSNcc-bI/default.jpg",
		"group": ""
	},
	{
		"video_id": "qS6LoRYUdhw",
		"title": "What Is The Most Dangerous Drug In The World? ft. In A Nutshell (Kurzgesagt)",
		"channel_title": "AsapSCIENCE",
		"category_id": "28",
		"views": "999580",
		"likes": "40746",
		"dislikes": "613",
		"thumbnail_link": "https://i.ytimg.com/vi/qS6LoRYUdhw/default.jpg",
		"group": ""
	},
	{
		"video_id": "TQ9fk22YIyM",
		"title": "Khaani - Episode 25 | HAR PAL GEO",
		"channel_title": "HAR PAL GEO",
		"category_id": "24",
		"views": "999538",
		"likes": "9921",
		"dislikes": "807",
		"thumbnail_link": "https://i.ytimg.com/vi/TQ9fk22YIyM/default.jpg",
		"group": ""
	},
	{
		"video_id": "V5cOvyDpWfM",
		"title": "Fergie Performs The U.S. National Anthem / 2018 NBA All-Star Game",
		"channel_title": "MLG Highlights",
		"category_id": "17",
		"views": "9994516",
		"likes": "16676",
		"dislikes": "67317",
		"thumbnail_link": "https://i.ytimg.com/vi/V5cOvyDpWfM/default.jpg",
		"group": ""
	},
	{
		"video_id": "5R2ZZ-t8XS0",
		"title": "Charlotte Flair & Carmella sign contract for their match at Backlash: SmackDown LIVE, April 24, 2018",
		"channel_title": "WWE",
		"category_id": "17",
		"views": "999410",
		"likes": "18274",
		"dislikes": "604",
		"thumbnail_link": "https://i.ytimg.com/vi/5R2ZZ-t8XS0/default.jpg",
		"group": ""
	},
	{
		"video_id": "q4yySLdDVaQ",
		"title": "Kanye West Upsets Whitney Houston's Family",
		"channel_title": "The Wendy Williams Show",
		"category_id": "24",
		"views": "99939",
		"likes": "1764",
		"dislikes": "163",
		"thumbnail_link": "https://i.ytimg.com/vi/q4yySLdDVaQ/default.jpg",
		"group": ""
	},
	{
		"video_id": "uYJ7V_WEVp4",
		"title": "The Cast of 'Ocean's 8' Play How Well Do You Know Your Co-Star",
		"channel_title": "Marie Claire",
		"category_id": "24",
		"views": "99915",
		"likes": "1911",
		"dislikes": "34",
		"thumbnail_link": "https://i.ytimg.com/vi/uYJ7V_WEVp4/default.jpg",
		"group": ""
	},
	{
		"video_id": "yv8-LNajsNQ",
		"title": "Idubbbz Green Screen - Basic",
		"channel_title": "iDubbbzTV2",
		"category_id": "23",
		"views": "998967",
		"likes": "72801",
		"dislikes": "1471",
		"thumbnail_link": "https://i.ytimg.com/vi/yv8-LNajsNQ/default.jpg",
		"group": ""
	},
	{
		"video_id": "XhMk0Supuq0",
		"title": "Something Is Alive On Mars..",
		"channel_title": "secureteam10",
		"category_id": "28",
		"views": "99890",
		"likes": "8113",
		"dislikes": "289",
		"thumbnail_link": "https://i.ytimg.com/vi/XhMk0Supuq0/default.jpg",
		"group": ""
	},
	{
		"video_id": "fAIX12F6958",
		"title": "Bumblebee (2018) - Official Teaser Trailer - Paramount Pictures",
		"channel_title": "Paramount Pictures",
		"category_id": "1",
		"views": "9988608",
		"likes": "151352",
		"dislikes": "10274",
		"thumbnail_link": "https://i.ytimg.com/vi/fAIX12F6958/default.jpg",
		"group": ""
	},
	{
		"video_id": "tsM_IGkTBZk",
		"title": "SnowTrax Television 2018 - Episode 8",
		"channel_title": "SnowTrax Television",
		"category_id": "2",
		"views": "9988",
		"likes": "152",
		"dislikes": "10",
		"thumbnail_link": "https://i.ytimg.com/vi/tsM_IGkTBZk/default.jpg",
		"group": ""
	},
	{
		"video_id": "Av5rI70b0lw",
		"title": "The secret to getting on trending...",
		"channel_title": "Sugar Pine 7",
		"category_id": "24",
		"views": "99878",
		"likes": "8358",
		"dislikes": "67",
		"thumbnail_link": "https://i.ytimg.com/vi/Av5rI70b0lw/default.jpg",
		"group": ""
	},
	{
		"video_id": "Jts0uiY03iY",
		"title": "Falcons vs. Seahawks | NFL Week 11 Game Highlights",
		"channel_title": "NFL",
		"category_id": "17",
		"views": "998737",
		"likes": "8633",
		"dislikes": "440",
		"thumbnail_link": "https://i.ytimg.com/vi/Jts0uiY03iY/default.jpg",
		"group": ""
	},
	{
		"video_id": "-ml3wLj1G50",
		"title": "Dinesh D'Souza Drops Huge BOMBSHELL On OBAMA and ERIC HOLDER Right After Pardon",
		"channel_title": "WIKIPOLITICS",
		"category_id": "25",
		"views": "99870",
		"likes": "3436",
		"dislikes": "58",
		"thumbnail_link": "https://i.ytimg.com/vi/-ml3wLj1G50/default.jpg",
		"group": ""
	},
	{
		"video_id": "N7HFXgyTya0",
		"title": "My Dinosaur Is a Service Animal (with Chris Pratt and Bryce Dallas Howard!)",
		"channel_title": "CollegeHumor",
		"category_id": "23",
		"views": "998509",
		"likes": "55672",
		"dislikes": "862",
		"thumbnail_link": "https://i.ytimg.com/vi/N7HFXgyTya0/default.jpg",
		"group": ""
	},
	{
		"video_id": "2hvQw_B2PTI",
		"title": "How a Braid Takes an Ugly Turn \u2013 Part 2",
		"channel_title": "The Real Daytime",
		"category_id": "24",
		"views": "99848",
		"likes": "1478",
		"dislikes": "27",
		"thumbnail_link": "https://i.ytimg.com/vi/2hvQw_B2PTI/default.jpg",
		"group": ""
	},
	{
		"video_id": "j7TvKGcFQL8",
		"title": "Mini Tank Battle Warfare!!\ud83d\udca5",
		"channel_title": "Team Edge",
		"category_id": "23",
		"views": "998478",
		"likes": "25970",
		"dislikes": "375",
		"thumbnail_link": "https://i.ytimg.com/vi/j7TvKGcFQL8/default.jpg",
		"group": ""
	},
	{
		"video_id": "xdHmuy1RqCg",
		"title": "Shower - Cyanide & Happiness Minis",
		"channel_title": "ExplosmEntertainment",
		"category_id": "23",
		"views": "998444",
		"likes": "47800",
		"dislikes": "1315",
		"thumbnail_link": "https://i.ytimg.com/vi/xdHmuy1RqCg/default.jpg",
		"group": ""
	},
	{
		"video_id": "Rz2ZpjyhXL0",
		"title": "Kucherov, Point propel Bolts to a 3-2 shootout win",
		"channel_title": "NHL",
		"category_id": "17",
		"views": "9984",
		"likes": "85",
		"dislikes": "8",
		"thumbnail_link": "https://i.ytimg.com/vi/Rz2ZpjyhXL0/default.jpg",
		"group": ""
	},
	{
		"video_id": "MDRX4Zq57mY",
		"title": "Don't Flinch | Dangerous Edition!!",
		"channel_title": "Team Edge",
		"category_id": "23",
		"views": "998374",
		"likes": "24704",
		"dislikes": "372",
		"thumbnail_link": "https://i.ytimg.com/vi/MDRX4Zq57mY/default.jpg",
		"group": ""
	},
	{
		"video_id": "H4BmrayJZWk",
		"title": "BEST OF SIDEMEN SUNDAYS",
		"channel_title": "Sidemen",
		"category_id": "24",
		"views": "998303",
		"likes": "41775",
		"dislikes": "616",
		"thumbnail_link": "https://i.ytimg.com/vi/H4BmrayJZWk/default.jpg",
		"group": ""
	},
	{
		"video_id": "16mP3XymgDo",
		"title": "Crime Patrol Satark - Ep 910 - Full Episode - 14th April, 2018",
		"channel_title": "SET India",
		"category_id": "24",
		"views": "99826",
		"likes": "620",
		"dislikes": "83",
		"thumbnail_link": "https://i.ytimg.com/vi/16mP3XymgDo/default.jpg",
		"group": ""
	},
	{
		"video_id": "1XKSo2mFC6c",
		"title": "Kid Yodeler Mason Ramsey Performs",
		"channel_title": "TheEllenShow",
		"category_id": "24",
		"views": "9982401",
		"likes": "416481",
		"dislikes": "22435",
		"thumbnail_link": "https://i.ytimg.com/vi/1XKSo2mFC6c/default.jpg",
		"group": ""
	},
	{
		"video_id": "nCPIKP_84qs",
		"title": "Skipping in High School",
		"channel_title": "sWooZie",
		"category_id": "1",
		"views": "998131",
		"likes": "78908",
		"dislikes": "364",
		"thumbnail_link": "https://i.ytimg.com/vi/nCPIKP_84qs/default.jpg",
		"group": ""
	},
	{
		"video_id": "kOsl3cmK3zg",
		"title": "Google Search Team Answers the Web's Most Searched Questions | WIRED",
		"channel_title": "WIRED",
		"category_id": "24",
		"views": "99796",
		"likes": "4727",
		"dislikes": "152",
		"thumbnail_link": "https://i.ytimg.com/vi/kOsl3cmK3zg/default.jpg",
		"group": ""
	},
	{
		"video_id": "hoD8kzdMUY8",
		"title": "John Oliver - Putin's Reelection",
		"channel_title": "consumer",
		"category_id": "23",
		"views": "997952",
		"likes": "9581",
		"dislikes": "1298",
		"thumbnail_link": "https://i.ytimg.com/vi/hoD8kzdMUY8/default.jpg",
		"group": ""
	},
	{
		"video_id": "XiHiW4N7-bo",
		"title": "Mission: Impossible - Fallout (2018) - Official Trailer - Paramount Pictures",
		"channel_title": "Paramount Pictures",
		"category_id": "1",
		"views": "9978294",
		"likes": "129866",
		"dislikes": "3645",
		"thumbnail_link": "https://i.ytimg.com/vi/XiHiW4N7-bo/default.jpg",
		"group": ""
	},
	{
		"video_id": "d67Z5cMAXOs",
		"title": "A Boogie Wit Da Hoodie - Beast Mode feat. PnB Rock & Youngboy Never Broke Again [Music Video]",
		"channel_title": "A-Boogie Wit Da Hoodie",
		"category_id": "1",
		"views": "997758",
		"likes": "43375",
		"dislikes": "788",
		"thumbnail_link": "https://i.ytimg.com/vi/d67Z5cMAXOs/default.jpg",
		"group": ""
	},
	{
		"video_id": "KKWNnKhGjWA",
		"title": "\ud55c\uad6d\uc74c\uc2dd\uc744 \uba39\uc5b4\ubcf8 \uc5b4\ubca4\uc838\uc2a4 \ubc30\uc6b0\ub4e4\uc758 \ubc18\uc751?! (\uc2e4\ud654)",
		"channel_title": "\uc601\uad6d\ub0a8\uc790 Korean Englishman",
		"category_id": "23",
		"views": "997703",
		"likes": "32174",
		"dislikes": "4865",
		"thumbnail_link": "https://i.ytimg.com/vi/KKWNnKhGjWA/default.jpg",
		"group": ""
	},
	{
		"video_id": "XGf_ZshHAqA",
		"title": "High Alert: Hawaii\u2019s Kilauea Volcano Is Now Spewing Large 'Ballistic' Rocks",
		"channel_title": "Military Update",
		"category_id": "20",
		"views": "99766",
		"likes": "777",
		"dislikes": "191",
		"thumbnail_link": "https://i.ytimg.com/vi/XGf_ZshHAqA/default.jpg",
		"group": ""
	},
	{
		"video_id": "2N8JUjp9wis",
		"title": "Jurgen Klopp talks Loris Karius' mistakes & Mo Salah's World Cup hopes after UCL final defeat",
		"channel_title": "BT Sport",
		"category_id": "17",
		"views": "997654",
		"likes": "12744",
		"dislikes": "283",
		"thumbnail_link": "https://i.ytimg.com/vi/2N8JUjp9wis/default.jpg",
		"group": ""
	},
	{
		"video_id": "W_O0sn-ockI",
		"title": "DDG Givenchy (Prod. by TreOnTheBeat) (WSHH Exclusive - Official Music Video)",
		"channel_title": "WORLDSTARHIPHOP",
		"category_id": "10",
		"views": "997598",
		"likes": "87961",
		"dislikes": "2591",
		"thumbnail_link": "https://i.ytimg.com/vi/W_O0sn-ockI/default.jpg",
		"group": ""
	},
	{
		"video_id": "0bNU_vv6mJA",
		"title": "Deivamagal Episode 1461, 12/02/18",
		"channel_title": "VikatanTV",
		"category_id": "43",
		"views": "997580",
		"likes": "4032",
		"dislikes": "2068",
		"thumbnail_link": "https://i.ytimg.com/vi/0bNU_vv6mJA/default.jpg",
		"group": ""
	},
	{
		"video_id": "Mgfe5tIwOj0",
		"title": "Dua Lipa - IDGAF (Official Music Video)",
		"channel_title": "Dua Lipa",
		"category_id": "10",
		"views": "9974517",
		"likes": "747603",
		"dislikes": "16717",
		"thumbnail_link": "https://i.ytimg.com/vi/Mgfe5tIwOj0/default.jpg",
		"group": ""
	},
	{
		"video_id": "YW4GutWsDpg",
		"title": "I Hate Goodbyes | Anwar Jibawi",
		"channel_title": "Anwar Jibawi",
		"category_id": "23",
		"views": "997416",
		"likes": "53972",
		"dislikes": "770",
		"thumbnail_link": "https://i.ytimg.com/vi/YW4GutWsDpg/default.jpg",
		"group": ""
	},
	{
		"video_id": "ItL6vcUrpUs",
		"title": "MACKLEMORE FEAT DAVE B & TRAVIS THOMPSON - CORNER STORE (Official Music Video)",
		"channel_title": "Macklemore LLC",
		"category_id": "10",
		"views": "997389",
		"likes": "58770",
		"dislikes": "1427",
		"thumbnail_link": "https://i.ytimg.com/vi/ItL6vcUrpUs/default.jpg",
		"group": ""
	},
	{
		"video_id": "hRKOT4tZR7E",
		"title": "10 Incredible Christmas Miracles That Changed Lives Forever!",
		"channel_title": "MatthewSantoro",
		"category_id": "27",
		"views": "99735",
		"likes": "5788",
		"dislikes": "103",
		"thumbnail_link": "https://i.ytimg.com/vi/hRKOT4tZR7E/default.jpg",
		"group": ""
	},
	{
		"video_id": "AWU3_jyEStk",
		"title": "Childish Gambino - This Is America (Official Video)- REACTION",
		"channel_title": "ZIAS!",
		"category_id": "24",
		"views": "997347",
		"likes": "74582",
		"dislikes": "1811",
		"thumbnail_link": "https://i.ytimg.com/vi/AWU3_jyEStk/default.jpg",
		"group": ""
	},
	{
		"video_id": "7TzQQ3dgNjI",
		"title": "HOT SAUCE ORIGINAL \u2022 Behind The Cow Chop",
		"channel_title": "Cow Chop",
		"category_id": "20",
		"views": "99732",
		"likes": "5452",
		"dislikes": "41",
		"thumbnail_link": "https://i.ytimg.com/vi/7TzQQ3dgNjI/default.jpg",
		"group": ""
	},
	{
		"video_id": "lSdku9gGJ_o",
		"title": "Arrow 6x07 Promo Thanksgiving (HD) Season 6 Episode 7 Promo",
		"channel_title": "TV Promos",
		"category_id": "24",
		"views": "99726",
		"likes": "735",
		"dislikes": "22",
		"thumbnail_link": "https://i.ytimg.com/vi/lSdku9gGJ_o/default.jpg",
		"group": ""
	},
	{
		"video_id": "B-CDErvATh0",
		"title": "Rick's Rant - Jason Kenney",
		"channel_title": "MercerReport",
		"category_id": "23",
		"views": "99723",
		"likes": "1664",
		"dislikes": "205",
		"thumbnail_link": "https://i.ytimg.com/vi/B-CDErvATh0/default.jpg",
		"group": ""
	},
	{
		"video_id": "nkWn5vKCZj4",
		"title": "Joe Rogan Shuts Down Steven Tyler's Conspiracy Theories",
		"channel_title": "Joe Rogan Fan Page",
		"category_id": "22",
		"views": "997228",
		"likes": "8100",
		"dislikes": "1923",
		"thumbnail_link": "https://i.ytimg.com/vi/nkWn5vKCZj4/default.jpg",
		"group": ""
	},
	{
		"video_id": "lVlMZmwjMTA",
		"title": "The Queen & Kate arrive at Windsor to help Harry & Meghan with their final wedding preparations",
		"channel_title": "Royal Insider",
		"category_id": "25",
		"views": "99715",
		"likes": "671",
		"dislikes": "85",
		"thumbnail_link": "https://i.ytimg.com/vi/lVlMZmwjMTA/default.jpg",
		"group": ""
	},
	{
		"video_id": "khPLWaBioOs",
		"title": "Logan Paul - SANTA DISS TRACK (Official Music Video)",
		"channel_title": "Logan Paul Vlogs",
		"category_id": "24",
		"views": "9971154",
		"likes": "836364",
		"dislikes": "108582",
		"thumbnail_link": "https://i.ytimg.com/vi/khPLWaBioOs/default.jpg",
		"group": ""
	},
	{
		"video_id": "svuLVNad0BA",
		"title": "Haseena Parkar Full Movie HD 1080p | Shraddha Kapoor, Siddhanth Kapoor, Apoorva | Bollywood Movie",
		"channel_title": "Pen Movies",
		"category_id": "1",
		"views": "996787",
		"likes": "8858",
		"dislikes": "804",
		"thumbnail_link": "https://i.ytimg.com/vi/svuLVNad0BA/default.jpg",
		"group": ""
	},
	{
		"video_id": "X-QSZhh_YWg",
		"title": "Why We May Not Be Able to Visit Space in the Future",
		"channel_title": "RealLifeLore",
		"category_id": "27",
		"views": "996729",
		"likes": "30568",
		"dislikes": "1780",
		"thumbnail_link": "https://i.ytimg.com/vi/X-QSZhh_YWg/default.jpg",
		"group": ""
	},
	{
		"video_id": "T3kLyowl5z8",
		"title": "TV\u7248 |\u300a\u5982\u679c\uff0c\u7231 \u300b\u7b2c29\u96c6\uff1a\u65b9\u6587\u5fc3\u7528\u94b1\u6536\u4e70\u5609\u59ae \u5f20\u6021\u837b\u5927\u95f9\u5927\u56e2\u5706 Love Won't Wait EP29\u3010\u8292\u679cTV\u72ec\u64ad\u5267\u573a\u3011",
		"channel_title": "\u8292\u679cTV\u72ec\u64ad\u5267\u573a Mango TV Drama Channel",
		"category_id": "24",
		"views": "99670",
		"likes": "239",
		"dislikes": "40",
		"thumbnail_link": "https://i.ytimg.com/vi/T3kLyowl5z8/default.jpg",
		"group": ""
	},
	{
		"video_id": "JRcUCNExJws",
		"title": "URANIUM ONE INDICTMENT UNSEALED, HAWAII FALSE FLAGS AND A CHESS GAME",
		"channel_title": "April LaJune",
		"category_id": "25",
		"views": "99668",
		"likes": "4364",
		"dislikes": "95",
		"thumbnail_link": "https://i.ytimg.com/vi/JRcUCNExJws/default.jpg",
		"group": ""
	},
	{
		"video_id": "58NabJ6jLwM",
		"title": "Supergirl 3x13 Promo Both Sides Now (HD) Season 3 Episode 13 Promo",
		"channel_title": "TV Promos",
		"category_id": "24",
		"views": "99665",
		"likes": "930",
		"dislikes": "11",
		"thumbnail_link": "https://i.ytimg.com/vi/58NabJ6jLwM/default.jpg",
		"group": ""
	},
	{
		"video_id": "rzwYrLX7ask",
		"title": "DES CRISTAUX EN OR ?",
		"channel_title": "Dr Nozman",
		"category_id": "28",
		"views": "996641",
		"likes": "77997",
		"dislikes": "1232",
		"thumbnail_link": "https://i.ytimg.com/vi/rzwYrLX7ask/default.jpg",
		"group": ""
	},
	{
		"video_id": "AVgVJP_dTFg",
		"title": "Les Marseillais Australia - Episode 16",
		"channel_title": "PBrosnan007",
		"category_id": "22",
		"views": "99662",
		"likes": "1611",
		"dislikes": "115",
		"thumbnail_link": "https://i.ytimg.com/vi/AVgVJP_dTFg/default.jpg",
		"group": ""
	},
	{
		"video_id": "fRj34o4hN4I",
		"title": "What's new, Atlas?",
		"channel_title": "BostonDynamics",
		"category_id": "28",
		"views": "9964832",
		"likes": "196513",
		"dislikes": "4589",
		"thumbnail_link": "https://i.ytimg.com/vi/fRj34o4hN4I/default.jpg",
		"group": ""
	},
	{
		"video_id": "Mf4wwXM2o_M",
		"title": "Binging with Babish 2 Million Subscriber Special: The Every-Meat Burrito from Regular Show",
		"channel_title": "Binging with Babish",
		"category_id": "24",
		"views": "996294",
		"likes": "70117",
		"dislikes": "555",
		"thumbnail_link": "https://i.ytimg.com/vi/Mf4wwXM2o_M/default.jpg",
		"group": ""
	},
	{
		"video_id": "gxGox0Ppc_E",
		"title": "Taarak Mehta Ka Ooltah Chashmah - \u0924\u093e\u0930\u0915 \u092e\u0947\u0939\u0924\u093e - Ep 2345 - Full Episode - 24th November, 2017",
		"channel_title": "SAB TV",
		"category_id": "24",
		"views": "99627",
		"likes": "595",
		"dislikes": "98",
		"thumbnail_link": "https://i.ytimg.com/vi/gxGox0Ppc_E/default.jpg",
		"group": ""
	},
	{
		"video_id": "aubTgsFC4Fo",
		"title": "The Wireless Mouse That NEVER Needs To Be Charged!!",
		"channel_title": "Unbox Therapy",
		"category_id": "1",
		"views": "996261",
		"likes": "26687",
		"dislikes": "819",
		"thumbnail_link": "https://i.ytimg.com/vi/aubTgsFC4Fo/default.jpg",
		"group": ""
	},
	{
		"video_id": "dmY9PY_IoYY",
		"title": "New Punjabi Movies 2017 -Sardar Mohammad (Full Movie) Tarsem Jassar -Punjabi Movie 2017",
		"channel_title": "White Hill Music",
		"category_id": "10",
		"views": "996252",
		"likes": "14936",
		"dislikes": "521",
		"thumbnail_link": "https://i.ytimg.com/vi/dmY9PY_IoYY/default.jpg",
		"group": ""
	},
	{
		"video_id": "WGFMEODGWrY",
		"title": "LA TERRE EST TOTALEMENT CREUSE ?! Vrai ou Faux #66",
		"channel_title": "Dr Nozman",
		"category_id": "28",
		"views": "996192",
		"likes": "54981",
		"dislikes": "1374",
		"thumbnail_link": "https://i.ytimg.com/vi/WGFMEODGWrY/default.jpg",
		"group": ""
	},
	{
		"video_id": "eLt8zP6S9bw",
		"title": "CNN Panel LASHES OUT On Trump After His INSANE Lies Post Election",
		"channel_title": "Jon Snow - The Viral Network",
		"category_id": "22",
		"views": "99603",
		"likes": "625",
		"dislikes": "75",
		"thumbnail_link": "https://i.ytimg.com/vi/eLt8zP6S9bw/default.jpg",
		"group": ""
	},
	{
		"video_id": "lLK9BBXCAEw",
		"title": "Kevin Durant Talking Shit To Russell Westbrook,KD Called Russ A Pussy \uff01",
		"channel_title": "DunkFest",
		"category_id": "17",
		"views": "995983",
		"likes": "4455",
		"dislikes": "195",
		"thumbnail_link": "https://i.ytimg.com/vi/lLK9BBXCAEw/default.jpg",
		"group": ""
	},
	{
		"video_id": "BrqFTswejpU",
		"title": "When You Throw This Ball.. IT MAKES ICE CREAM ~ v2",
		"channel_title": "Guava Juice",
		"category_id": "24",
		"views": "995950",
		"likes": "34321",
		"dislikes": "3398",
		"thumbnail_link": "https://i.ytimg.com/vi/BrqFTswejpU/default.jpg",
		"group": ""
	},
	{
		"video_id": "baG767jr8c8",
		"title": "Binging with Babish | Chicken Paprikash from Captain America: Civil War",
		"channel_title": "Binging with Babish",
		"category_id": "24",
		"views": "995913",
		"likes": "55537",
		"dislikes": "230",
		"thumbnail_link": "https://i.ytimg.com/vi/baG767jr8c8/default.jpg",
		"group": ""
	},
	{
		"video_id": "oMOljrWUUXc",
		"title": "Official Jeep Super Bowl Commercial | Jeep Jurassic",
		"channel_title": "Jeep",
		"category_id": "2",
		"views": "9957989",
		"likes": "12125",
		"dislikes": "492",
		"thumbnail_link": "https://i.ytimg.com/vi/oMOljrWUUXc/default.jpg",
		"group": ""
	},
	{
		"video_id": "1XY8dPnIORc",
		"title": "Honest Trailers - Honest Trailers (Written by a Robot)",
		"channel_title": "Screen Junkies",
		"category_id": "1",
		"views": "995733",
		"likes": "31362",
		"dislikes": "4297",
		"thumbnail_link": "https://i.ytimg.com/vi/1XY8dPnIORc/default.jpg",
		"group": ""
	},
	{
		"video_id": "AFe7ZCUocwM",
		"title": "I Tried To Do Pancake Art Against A Pancake Art Robot",
		"channel_title": "Guava Juice",
		"category_id": "24",
		"views": "995679",
		"likes": "33200",
		"dislikes": "1508",
		"thumbnail_link": "https://i.ytimg.com/vi/AFe7ZCUocwM/default.jpg",
		"group": ""
	},
	{
		"video_id": "-JYZrOyPMjQ",
		"title": "Golden State Warriors vs Toronto Raptors: January 13, 2018",
		"channel_title": "Motion Station",
		"category_id": "17",
		"views": "99560",
		"likes": "311",
		"dislikes": "45",
		"thumbnail_link": "https://i.ytimg.com/vi/-JYZrOyPMjQ/default.jpg",
		"group": ""
	},
	{
		"video_id": "K8OWx7q9Yzw",
		"title": "Les beaux Malaises  Sp\u00e9cial les 2 \u00e9pisodes final",
		"channel_title": "Jonny Qu\u00e9bec",
		"category_id": "24",
		"views": "9955",
		"likes": "128",
		"dislikes": "9",
		"thumbnail_link": "https://i.ytimg.com/vi/K8OWx7q9Yzw/default.jpg",
		"group": ""
	},
	{
		"video_id": "CDtQ3rai9Ks",
		"title": "Pizza Delivery - Cyanide & Happiness Shorts",
		"channel_title": "ExplosmEntertainment",
		"category_id": "23",
		"views": "995498",
		"likes": "40850",
		"dislikes": "3394",
		"thumbnail_link": "https://i.ytimg.com/vi/CDtQ3rai9Ks/default.jpg",
		"group": ""
	},
	{
		"video_id": "gGnBX6e3RJc",
		"title": "She Had No Idea Why The Crew Was Staring Until It Was Too Late",
		"channel_title": "nollygrio",
		"category_id": "24",
		"views": "995464",
		"likes": "0",
		"dislikes": "0",
		"thumbnail_link": "https://i.ytimg.com/vi/gGnBX6e3RJc/default.jpg",
		"group": ""
	},
	{
		"video_id": "jKiPQOuDzfo",
		"title": "Washington Wizards vs Toronto Raptors - Full Game Highlights | Game 2 | April 17, 2018 | NBAPlayoffs",
		"channel_title": "Rapid Highlights",
		"category_id": "17",
		"views": "99538",
		"likes": "605",
		"dislikes": "28",
		"thumbnail_link": "https://i.ytimg.com/vi/jKiPQOuDzfo/default.jpg",
		"group": ""
	},
	{
		"video_id": "OBM5De3GSks",
		"title": "Kygo & Miguel - Remind Me To Forget [Ultra Music]",
		"channel_title": "Ultra Music",
		"category_id": "10",
		"views": "995376",
		"likes": "10573",
		"dislikes": "426",
		"thumbnail_link": "https://i.ytimg.com/vi/OBM5De3GSks/default.jpg",
		"group": ""
	},
	{
		"video_id": "fzu-JzApLc8",
		"title": "Katie Hopkins: What South African land expropriation is REALLY about",
		"channel_title": "Rebel Media",
		"category_id": "25",
		"views": "9953",
		"likes": "1115",
		"dislikes": "16",
		"thumbnail_link": "https://i.ytimg.com/vi/fzu-JzApLc8/default.jpg",
		"group": ""
	},
	{
		"video_id": "xKdQOhBRbNc",
		"title": "ROTUND, NASTY SQUIRREL - Save the Squirrels Initiative",
		"channel_title": "iDubbbzTV2",
		"category_id": "23",
		"views": "995276",
		"likes": "84725",
		"dislikes": "814",
		"thumbnail_link": "https://i.ytimg.com/vi/xKdQOhBRbNc/default.jpg",
		"group": ""
	},
	{
		"video_id": "aBkHb8e3UAk",
		"title": "I FLEW THE FIRST FLYING CAR!!!!",
		"channel_title": "CaseyNeistat",
		"category_id": "22",
		"views": "995276",
		"likes": "57139",
		"dislikes": "1220",
		"thumbnail_link": "https://i.ytimg.com/vi/aBkHb8e3UAk/default.jpg",
		"group": ""
	},
	{
		"video_id": "cDXzQvjP4wo",
		"title": "THE SIDEMEN SHOW (Exclusive Teaser Trailer)",
		"channel_title": "Sidemen",
		"category_id": "24",
		"views": "995265",
		"likes": "84996",
		"dislikes": "791",
		"thumbnail_link": "https://i.ytimg.com/vi/cDXzQvjP4wo/default.jpg",
		"group": ""
	},
	{
		"video_id": "4mZjc6fSeU8",
		"title": "BAAGHI - Episode 24 | Ep 24 | Urdu1 \u1d34\u1d30 Drama | Saba Qamar, Osman Khalid, Khalid Malik, Ali Kazmi",
		"channel_title": "Best Pakistani Dramas",
		"category_id": "24",
		"views": "995264",
		"likes": "6366",
		"dislikes": "700",
		"thumbnail_link": "https://i.ytimg.com/vi/4mZjc6fSeU8/default.jpg",
		"group": ""
	},
	{
		"video_id": "qmBzraEg0hg",
		"title": "Season 4 Bloopers Part 2   - The Office US",
		"channel_title": "The Office US",
		"category_id": "24",
		"views": "99526",
		"likes": "2419",
		"dislikes": "28",
		"thumbnail_link": "https://i.ytimg.com/vi/qmBzraEg0hg/default.jpg",
		"group": ""
	},
	{
		"video_id": "rwFfo61fVSY",
		"title": "Pouring water down a 50 meter well.",
		"channel_title": "Unecht Erfunden",
		"category_id": "22",
		"views": "99525",
		"likes": "380",
		"dislikes": "9",
		"thumbnail_link": "https://i.ytimg.com/vi/rwFfo61fVSY/default.jpg",
		"group": ""
	},
	{
		"video_id": "9yDNAc8YS9c",
		"title": "Stephen Fry Announcement",
		"channel_title": "samfryltd",
		"category_id": "24",
		"views": "995183",
		"likes": "26381",
		"dislikes": "843",
		"thumbnail_link": "https://i.ytimg.com/vi/9yDNAc8YS9c/default.jpg",
		"group": ""
	},
	{
		"video_id": "pKFd5rAUM2s",
		"title": "BLANK CANVAS... 2017 YEAR IN REVIEW",
		"channel_title": "James Charles",
		"category_id": "24",
		"views": "995153",
		"likes": "126283",
		"dislikes": "1308",
		"thumbnail_link": "https://i.ytimg.com/vi/pKFd5rAUM2s/default.jpg",
		"group": ""
	},
	{
		"video_id": "upIaeqJEA2I",
		"title": "Monster Super Bowl Commercial 2018 With Ricegum & Iggy Azalea",
		"channel_title": "SB-LII Commercials",
		"category_id": "10",
		"views": "995148",
		"likes": "23127",
		"dislikes": "5771",
		"thumbnail_link": "https://i.ytimg.com/vi/upIaeqJEA2I/default.jpg",
		"group": ""
	},
	{
		"video_id": "GvJtieRgDy0",
		"title": "If Photographers Were Honest",
		"channel_title": "IISuperwomanII",
		"category_id": "23",
		"views": "995143",
		"likes": "75413",
		"dislikes": "956",
		"thumbnail_link": "https://i.ytimg.com/vi/GvJtieRgDy0/default.jpg",
		"group": ""
	},
	{
		"video_id": "B3wwhcasjqo",
		"title": "ANTS vs. TERMITES!",
		"channel_title": "AntsCanada",
		"category_id": "15",
		"views": "994819",
		"likes": "32739",
		"dislikes": "1016",
		"thumbnail_link": "https://i.ytimg.com/vi/B3wwhcasjqo/default.jpg",
		"group": ""
	},
	{
		"video_id": "DkeiKbqa02g",
		"title": "Calvin Harris, Dua Lipa - One Kiss (Official Video)",
		"channel_title": "CalvinHarrisVEVO",
		"category_id": "10",
		"views": "9947934",
		"likes": "370275",
		"dislikes": "12801",
		"thumbnail_link": "https://i.ytimg.com/vi/DkeiKbqa02g/default.jpg",
		"group": ""
	},
	{
		"video_id": "i7FgneNlM14",
		"title": "WEEI: Alex Reimer calls Tom Brady\u2019s daughter an \u201cAnnoying Little Pissant\u201d 1/25/18",
		"channel_title": "Nick Ramos",
		"category_id": "17",
		"views": "994747",
		"likes": "258",
		"dislikes": "398",
		"thumbnail_link": "https://i.ytimg.com/vi/i7FgneNlM14/default.jpg",
		"group": ""
	},
	{
		"video_id": "D-IkMEDaNQY",
		"title": "Cardi B Has Butterflies in Her Stomach & Where?! | E! Live from the Red Carpet",
		"channel_title": "E! Live from the Red Carpet",
		"category_id": "24",
		"views": "994725",
		"likes": "19895",
		"dislikes": "1101",
		"thumbnail_link": "https://i.ytimg.com/vi/D-IkMEDaNQY/default.jpg",
		"group": ""
	},
	{
		"video_id": "l3vbvF8bQfI",
		"title": "Fall Out Boy - Church",
		"channel_title": "FallOutBoyVEVO",
		"category_id": "10",
		"views": "994706",
		"likes": "79996",
		"dislikes": "1512",
		"thumbnail_link": "https://i.ytimg.com/vi/l3vbvF8bQfI/default.jpg",
		"group": ""
	},
	{
		"video_id": "_Au7BVmCc8c",
		"title": "Legendary Bollywood actor Sridevi passes away in Dubai after cardiac arrest",
		"channel_title": "N7News",
		"category_id": "24",
		"views": "994697",
		"likes": "3629",
		"dislikes": "1332",
		"thumbnail_link": "https://i.ytimg.com/vi/_Au7BVmCc8c/default.jpg",
		"group": ""
	},
	{
		"video_id": "MB5LAU5z9gk",
		"title": "Caldo Verde - Portuguese Sausage Kale Soup - Food Wishes",
		"channel_title": "Food Wishes",
		"category_id": "26",
		"views": "99466",
		"likes": "5578",
		"dislikes": "50",
		"thumbnail_link": "https://i.ytimg.com/vi/MB5LAU5z9gk/default.jpg",
		"group": ""
	},
	{
		"video_id": "_us4opgxJWs",
		"title": "\u0645\u0633\u0644\u0633\u0644 \u0627\u0644\u062e\u0627\u0648\u0629 \u0627\u0644\u062c\u0632\u0621 \u0627\u0644\u062b\u0627\u0646\u064a - \u0627\u0644\u062d\u0644\u0642\u0629 5 Feuilleton El Khawa 2 - \u00c9pisode 5 I",
		"channel_title": "\u0627\u0644\u062e\u0627\u0648\u0629 \u0640 \u0627\u0644\u0642\u0646\u0627\u0629 \u0627\u0644\u0631\u0633\u0645\u064a\u0629",
		"category_id": "1",
		"views": "99465",
		"likes": "2495",
		"dislikes": "109",
		"thumbnail_link": "https://i.ytimg.com/vi/_us4opgxJWs/default.jpg",
		"group": ""
	},
	{
		"video_id": "r0_Te6k3VRQ",
		"title": "Craziest reactions on Cristiano Ronaldo Goal vs Juventus |HD",
		"channel_title": "Wrsh98",
		"category_id": "17",
		"views": "994644",
		"likes": "10304",
		"dislikes": "486",
		"thumbnail_link": "https://i.ytimg.com/vi/r0_Te6k3VRQ/default.jpg",
		"group": ""
	},
	{
		"video_id": "7MSV9wL9Gqs",
		"title": "LaMelo Ball Gets JELLY & LiAngelo DUNKING In FIRST PRO GAME IN LITHUANIA!! Full Highlights",
		"channel_title": "Ballislife",
		"category_id": "17",
		"views": "994633",
		"likes": "17514",
		"dislikes": "300",
		"thumbnail_link": "https://i.ytimg.com/vi/7MSV9wL9Gqs/default.jpg",
		"group": ""
	}
]