[
	{
		"video_id": "OjhBeB9ESqw",
		"title": "Best minute of Frasier",
		"channel_title": "I20N3Y",
		"category_id": "22",
		"views": "99990",
		"likes": "797",
		"dislikes": "36",
		"thumbnail_link": "https://i.ytimg.com/vi/OjhBeB9ESqw/default.jpg",
		"group": ""
	},
	{
		"video_id": "tpF7R7ou4OY",
		"title": "How THOR: RAGNAROK Broke All Expectations",
		"channel_title": "Browntable",
		"category_id": "24",
		"views": "99988",
		"likes": "3130",
		"dislikes": "145",
		"thumbnail_link": "https://i.ytimg.com/vi/tpF7R7ou4OY/default.jpg",
		"group": ""
	},
	{
		"video_id": "SlQPqC_bX6s",
		"title": "Is Smash 4 Dying?",
		"channel_title": "ZeRo",
		"category_id": "20",
		"views": "99976",
		"likes": "4511",
		"dislikes": "182",
		"thumbnail_link": "https://i.ytimg.com/vi/SlQPqC_bX6s/default.jpg",
		"group": ""
	},
	{
		"video_id": "5ELQ6u_5YYM",
		"title": "Black Mirror - Season 4 | Official Trailer [HD] | Netflix",
		"channel_title": "Netflix",
		"category_id": "24",
		"views": "999746",
		"likes": "22054",
		"dislikes": "295",
		"thumbnail_link": "https://i.ytimg.com/vi/5ELQ6u_5YYM/default.jpg",
		"group": ""
	},
	{
		"video_id": "O3hz_DQ63No",
		"title": "CNN Technology covers Alt-Tech Platforms",
		"channel_title": "VMU Dream",
		"category_id": "22",
		"views": "9996",
		"likes": "738",
		"dislikes": "16",
		"thumbnail_link": "https://i.ytimg.com/vi/O3hz_DQ63No/default.jpg",
		"group": ""
	},
	{
		"video_id": "l7VfDVVxiMM",
		"title": "Proto-Putty in Liquid Nitrogen & Other Crazy Tests!",
		"channel_title": "The King of Random",
		"category_id": "27",
		"views": "999537",
		"likes": "15258",
		"dislikes": "2530",
		"thumbnail_link": "https://i.ytimg.com/vi/l7VfDVVxiMM/default.jpg",
		"group": ""
	},
	{
		"video_id": "5E4ZBSInqUU",
		"title": "Marshmello - Blocks (Official Music Video)",
		"channel_title": "marshmello",
		"category_id": "10",
		"views": "9995273",
		"likes": "295851",
		"dislikes": "6477",
		"thumbnail_link": "https://i.ytimg.com/vi/5E4ZBSInqUU/default.jpg",
		"group": ""
	},
	{
		"video_id": "V5cOvyDpWfM",
		"title": "Fergie Performs The U.S. National Anthem / 2018 NBA All-Star Game",
		"channel_title": "MLG Highlights",
		"category_id": "17",
		"views": "9994516",
		"likes": "16675",
		"dislikes": "67316",
		"thumbnail_link": "https://i.ytimg.com/vi/V5cOvyDpWfM/default.jpg",
		"group": ""
	},
	{
		"video_id": "ii3n7hYQOl4",
		"title": "SPIDER-MAN: INTO THE SPIDER-VERSE - Official Teaser Trailer",
		"channel_title": "Sony Pictures Entertainment",
		"category_id": "24",
		"views": "9993284",
		"likes": "174364",
		"dislikes": "14691",
		"thumbnail_link": "https://i.ytimg.com/vi/ii3n7hYQOl4/default.jpg",
		"group": ""
	},
	{
		"video_id": "3XklsSF53pc",
		"title": "How-To Make a Steak Sandwich with Matty Matheson",
		"channel_title": "Munchies",
		"category_id": "24",
		"views": "999319",
		"likes": "24415",
		"dislikes": "658",
		"thumbnail_link": "https://i.ytimg.com/vi/3XklsSF53pc/default.jpg",
		"group": ""
	},
	{
		"video_id": "NHEaYbDWyQE",
		"title": "Michael Says Prime Numbers for 3 Hours",
		"channel_title": "DONG",
		"category_id": "24",
		"views": "999225",
		"likes": "80730",
		"dislikes": "1394",
		"thumbnail_link": "https://i.ytimg.com/vi/NHEaYbDWyQE/default.jpg",
		"group": ""
	},
	{
		"video_id": "X9Gc_g638C8",
		"title": "BTS Talks Emojis and More at the 2017 AMAs | E! Live from the Red Carpet",
		"channel_title": "E! Live from the Red Carpet",
		"category_id": "24",
		"views": "99901",
		"likes": "4866",
		"dislikes": "22",
		"thumbnail_link": "https://i.ytimg.com/vi/X9Gc_g638C8/default.jpg",
		"group": ""
	},
	{
		"video_id": "fAIX12F6958",
		"title": "Bumblebee (2018) - Official Teaser Trailer - Paramount Pictures",
		"channel_title": "Paramount Pictures",
		"category_id": "1",
		"views": "9988608",
		"likes": "151348",
		"dislikes": "10274",
		"thumbnail_link": "https://i.ytimg.com/vi/fAIX12F6958/default.jpg",
		"group": ""
	},
	{
		"video_id": "xYtsL9znopI",
		"title": "Khalid & Normani - Love Lies (Official Video)",
		"channel_title": "KhalidVEVO",
		"category_id": "10",
		"views": "9988031",
		"likes": "289850",
		"dislikes": "5543",
		"thumbnail_link": "https://i.ytimg.com/vi/xYtsL9znopI/default.jpg",
		"group": ""
	},
	{
		"video_id": "7LNTrcguDaw",
		"title": "The 100 Season 5 Official Trailer",
		"channel_title": "TV Guide",
		"category_id": "24",
		"views": "998774",
		"likes": "29611",
		"dislikes": "425",
		"thumbnail_link": "https://i.ytimg.com/vi/7LNTrcguDaw/default.jpg",
		"group": ""
	},
	{
		"video_id": "-pOSRBAqUdM",
		"title": "\u3010Live\u3011WRESTLE KINGDOM 12 IN TOKYO DOME: Press Conference",
		"channel_title": "\u65b0\u65e5\u672c\u30d7\u30ed\u30ec\u30b9\u30ea\u30f3\u30b0\u682a\u5f0f\u4f1a\u793e",
		"category_id": "17",
		"views": "99852",
		"likes": "1270",
		"dislikes": "20",
		"thumbnail_link": "https://i.ytimg.com/vi/-pOSRBAqUdM/default.jpg",
		"group": ""
	},
	{
		"video_id": "N7HFXgyTya0",
		"title": "My Dinosaur Is a Service Animal (with Chris Pratt and Bryce Dallas Howard!)",
		"channel_title": "CollegeHumor",
		"category_id": "23",
		"views": "998509",
		"likes": "55672",
		"dislikes": "862",
		"thumbnail_link": "https://i.ytimg.com/vi/N7HFXgyTya0/default.jpg",
		"group": ""
	},
	{
		"video_id": "zbGSbZXzvqw",
		"title": "Cord & Tish (Will Ferrell & Molly Shannon) Preview the Royal Wedding",
		"channel_title": "The Tonight Show Starring Jimmy Fallon",
		"category_id": "23",
		"views": "998484",
		"likes": "7706",
		"dislikes": "336",
		"thumbnail_link": "https://i.ytimg.com/vi/zbGSbZXzvqw/default.jpg",
		"group": ""
	},
	{
		"video_id": "kMRe5A215xs",
		"title": "David Guetta Miami Ultra Music Festival 2018",
		"channel_title": "David Guetta",
		"category_id": "10",
		"views": "998467",
		"likes": "26334",
		"dislikes": "733",
		"thumbnail_link": "https://i.ytimg.com/vi/kMRe5A215xs/default.jpg",
		"group": ""
	},
	{
		"video_id": "gx3S73InQ04",
		"title": "James Harden's NASTY Crossover Caps Off His Monster 1st Quarter | February 28, 2018",
		"channel_title": "NBA",
		"category_id": "17",
		"views": "998434",
		"likes": "8768",
		"dislikes": "387",
		"thumbnail_link": "https://i.ytimg.com/vi/gx3S73InQ04/default.jpg",
		"group": ""
	},
	{
		"video_id": "zMV51hydg8E",
		"title": "BEST FRIEND DOES MY ASOS SHOP",
		"channel_title": "Mark Ferris",
		"category_id": "23",
		"views": "998419",
		"likes": "56146",
		"dislikes": "595",
		"thumbnail_link": "https://i.ytimg.com/vi/zMV51hydg8E/default.jpg",
		"group": ""
	},
	{
		"video_id": "MFWF9dU5Zc0",
		"title": "OCEAN'S 8 - Official 1st Trailer",
		"channel_title": "Warner Bros. Pictures",
		"category_id": "24",
		"views": "9983625",
		"likes": "94452",
		"dislikes": "51420",
		"thumbnail_link": "https://i.ytimg.com/vi/MFWF9dU5Zc0/default.jpg",
		"group": ""
	},
	{
		"video_id": "N9s2YY3g2r0",
		"title": "Wheel Love - 50to01 (Full Film)",
		"channel_title": "50to01 TV",
		"category_id": "1",
		"views": "99835",
		"likes": "2398",
		"dislikes": "35",
		"thumbnail_link": "https://i.ytimg.com/vi/N9s2YY3g2r0/default.jpg",
		"group": ""
	},
	{
		"video_id": "r5g85U5lJso",
		"title": "Yo Gotti - Juice",
		"channel_title": "yogottiVEVO",
		"category_id": "10",
		"views": "998256",
		"likes": "25728",
		"dislikes": "1025",
		"thumbnail_link": "https://i.ytimg.com/vi/r5g85U5lJso/default.jpg",
		"group": ""
	},
	{
		"video_id": "1XKSo2mFC6c",
		"title": "Kid Yodeler Mason Ramsey Performs",
		"channel_title": "TheEllenShow",
		"category_id": "24",
		"views": "9982401",
		"likes": "416478",
		"dislikes": "22435",
		"thumbnail_link": "https://i.ytimg.com/vi/1XKSo2mFC6c/default.jpg",
		"group": ""
	},
	{
		"video_id": "PkRo5l8679g",
		"title": "THE MAN WHO KILLED DON QUIXOTE Official Trailer (2018) Adam Driver,  Terry Gilliam Movie HD",
		"channel_title": "ONE Media",
		"category_id": "1",
		"views": "997999",
		"likes": "6944",
		"dislikes": "334",
		"thumbnail_link": "https://i.ytimg.com/vi/PkRo5l8679g/default.jpg",
		"group": ""
	},
	{
		"video_id": "RP3UsFrDJfY",
		"title": "Lady Gaga - The Cure (Live On The American Music Awards - 2017)",
		"channel_title": "LadyGagaVEVO",
		"category_id": "10",
		"views": "997979",
		"likes": "65820",
		"dislikes": "957",
		"thumbnail_link": "https://i.ytimg.com/vi/RP3UsFrDJfY/default.jpg",
		"group": ""
	},
	{
		"video_id": "kQQZ2hje42E",
		"title": "Cooking With Your Mouth | Christmas Turkey",
		"channel_title": "Nathan C",
		"category_id": "26",
		"views": "99791",
		"likes": "381",
		"dislikes": "519",
		"thumbnail_link": "https://i.ytimg.com/vi/kQQZ2hje42E/default.jpg",
		"group": ""
	},
	{
		"video_id": "4qOeuzeNfQ8",
		"title": "The FALL - 'Rowche Rumble' - 1979 45rpm",
		"channel_title": "IndieAnnieJones",
		"category_id": "10",
		"views": "99790",
		"likes": "751",
		"dislikes": "8",
		"thumbnail_link": "https://i.ytimg.com/vi/4qOeuzeNfQ8/default.jpg",
		"group": ""
	},
	{
		"video_id": "wYQcU5VXde8",
		"title": "Logan Paul Being Massively Disrespectful In Japan",
		"channel_title": "We The Unicorns",
		"category_id": "24",
		"views": "997844",
		"likes": "23661",
		"dislikes": "7582",
		"thumbnail_link": "https://i.ytimg.com/vi/wYQcU5VXde8/default.jpg",
		"group": ""
	},
	{
		"video_id": "XiHiW4N7-bo",
		"title": "Mission: Impossible - Fallout (2018) - Official Trailer - Paramount Pictures",
		"channel_title": "Paramount Pictures",
		"category_id": "1",
		"views": "9978294",
		"likes": "129863",
		"dislikes": "3645",
		"thumbnail_link": "https://i.ytimg.com/vi/XiHiW4N7-bo/default.jpg",
		"group": ""
	},
	{
		"video_id": "PVbQrvlB_gw",
		"title": "Eminem - Framed",
		"channel_title": "EminemVEVO",
		"category_id": "10",
		"views": "9978150",
		"likes": "444996",
		"dislikes": "20879",
		"thumbnail_link": "https://i.ytimg.com/vi/PVbQrvlB_gw/default.jpg",
		"group": ""
	},
	{
		"video_id": "TUUUh-51t1k",
		"title": "Pacific Rim Uprising IMAX\u00ae Exclusive Trailer",
		"channel_title": "IMAX",
		"category_id": "1",
		"views": "997794",
		"likes": "10338",
		"dislikes": "543",
		"thumbnail_link": "https://i.ytimg.com/vi/TUUUh-51t1k/default.jpg",
		"group": ""
	},
	{
		"video_id": "6ULbkqAuo48",
		"title": "Disney : PROOF Your SJW Staff Hates Star Wars",
		"channel_title": "Alex Becker's Channel",
		"category_id": "22",
		"views": "99752",
		"likes": "7823",
		"dislikes": "297",
		"thumbnail_link": "https://i.ytimg.com/vi/6ULbkqAuo48/default.jpg",
		"group": ""
	},
	{
		"video_id": "Mgfe5tIwOj0",
		"title": "Dua Lipa - IDGAF (Official Music Video)",
		"channel_title": "Dua Lipa",
		"category_id": "10",
		"views": "9974517",
		"likes": "747599",
		"dislikes": "16716",
		"thumbnail_link": "https://i.ytimg.com/vi/Mgfe5tIwOj0/default.jpg",
		"group": ""
	},
	{
		"video_id": "DrApVH3afMI",
		"title": "some bloopers from phil is not on fire 9",
		"channel_title": "danisnotinteresting",
		"category_id": "22",
		"views": "997418",
		"likes": "122172",
		"dislikes": "228",
		"thumbnail_link": "https://i.ytimg.com/vi/DrApVH3afMI/default.jpg",
		"group": ""
	},
	{
		"video_id": "ItL6vcUrpUs",
		"title": "MACKLEMORE FEAT DAVE B & TRAVIS THOMPSON - CORNER STORE (Official Music Video)",
		"channel_title": "Macklemore LLC",
		"category_id": "10",
		"views": "997389",
		"likes": "58770",
		"dislikes": "1427",
		"thumbnail_link": "https://i.ytimg.com/vi/ItL6vcUrpUs/default.jpg",
		"group": ""
	},
	{
		"video_id": "6ZfuNTqbHE8",
		"title": "Marvel Studios' Avengers: Infinity War Official Trailer",
		"channel_title": "Marvel Entertainment",
		"category_id": "24",
		"views": "99732510",
		"likes": "2693569",
		"dislikes": "56081",
		"thumbnail_link": "https://i.ytimg.com/vi/6ZfuNTqbHE8/default.jpg",
		"group": ""
	},
	{
		"video_id": "XTTf2fmh_QM",
		"title": "COM3T - HABITS",
		"channel_title": "COM3T",
		"category_id": "10",
		"views": "99732",
		"likes": "1366",
		"dislikes": "816",
		"thumbnail_link": "https://i.ytimg.com/vi/XTTf2fmh_QM/default.jpg",
		"group": ""
	},
	{
		"video_id": "J3vav5Sfhrw",
		"title": "The Weeknd - Call Out My Name (Official Lyric Video)",
		"channel_title": "The Weeknd",
		"category_id": "10",
		"views": "9972986",
		"likes": "273354",
		"dislikes": "4745",
		"thumbnail_link": "https://i.ytimg.com/vi/J3vav5Sfhrw/default.jpg",
		"group": ""
	},
	{
		"video_id": "nkWn5vKCZj4",
		"title": "Joe Rogan Shuts Down Steven Tyler's Conspiracy Theories",
		"channel_title": "Joe Rogan Fan Page",
		"category_id": "22",
		"views": "997228",
		"likes": "8100",
		"dislikes": "1923",
		"thumbnail_link": "https://i.ytimg.com/vi/nkWn5vKCZj4/default.jpg",
		"group": ""
	},
	{
		"video_id": "UkXBG_DL1ec",
		"title": "West Coast \u2018Wives Pack The LA Clubhouse | RHOBH | WWHL",
		"channel_title": "Watch What Happens Live with Andy Cohen",
		"category_id": "24",
		"views": "99721",
		"likes": "393",
		"dislikes": "22",
		"thumbnail_link": "https://i.ytimg.com/vi/UkXBG_DL1ec/default.jpg",
		"group": ""
	},
	{
		"video_id": "jPEYpryMp2s",
		"title": "Solo: A Star Wars Story Official Trailer",
		"channel_title": "Star Wars",
		"category_id": "24",
		"views": "9971343",
		"likes": "181127",
		"dislikes": "20171",
		"thumbnail_link": "https://i.ytimg.com/vi/jPEYpryMp2s/default.jpg",
		"group": ""
	},
	{
		"video_id": "d7gOtEwaJzw",
		"title": "This is Me [Dave Aude Remix] (from The Greatest Showman Soundtrack)",
		"channel_title": "Atlantic Records",
		"category_id": "10",
		"views": "997078",
		"likes": "3766",
		"dislikes": "781",
		"thumbnail_link": "https://i.ytimg.com/vi/d7gOtEwaJzw/default.jpg",
		"group": ""
	},
	{
		"video_id": "2-bTbRjqjoE",
		"title": "Star Wars: The Last Jedi SPOILER TALK!!!",
		"channel_title": "Tyrone Magnus",
		"category_id": "24",
		"views": "99706",
		"likes": "2702",
		"dislikes": "304",
		"thumbnail_link": "https://i.ytimg.com/vi/2-bTbRjqjoE/default.jpg",
		"group": ""
	},
	{
		"video_id": "khPLWaBioOs",
		"title": "Logan Paul - SANTA DISS TRACK (Official Music Video)",
		"channel_title": "Logan Paul Vlogs",
		"category_id": "24",
		"views": "9970464",
		"likes": "836362",
		"dislikes": "108582",
		"thumbnail_link": "https://i.ytimg.com/vi/khPLWaBioOs/default.jpg",
		"group": ""
	},
	{
		"video_id": "ObRqWRfC5rA",
		"title": "Sabrina Claudio - Don't Let Me Down ft. Khalid",
		"channel_title": "Sabrina Claudio",
		"category_id": "10",
		"views": "996958",
		"likes": "23900",
		"dislikes": "740",
		"thumbnail_link": "https://i.ytimg.com/vi/ObRqWRfC5rA/default.jpg",
		"group": ""
	},
	{
		"video_id": "OTHHeIAYfuU",
		"title": "MGMT - Me and Michael",
		"channel_title": "MGMTVEVO",
		"category_id": "10",
		"views": "996862",
		"likes": "27593",
		"dislikes": "813",
		"thumbnail_link": "https://i.ytimg.com/vi/OTHHeIAYfuU/default.jpg",
		"group": ""
	},
	{
		"video_id": "3rkXFyt7EXw",
		"title": "Diplo, French Montana & Lil Pump ft. Zhavia - Welcome To The Party (Deadpool 2 Soundtrack)",
		"channel_title": "Diplo",
		"category_id": "10",
		"views": "9968136",
		"likes": "288779",
		"dislikes": "7799",
		"thumbnail_link": "https://i.ytimg.com/vi/3rkXFyt7EXw/default.jpg",
		"group": ""
	},
	{
		"video_id": "KKwmGuQaMfo",
		"title": "EPIC DIY Gingerbread House for Cats!",
		"channel_title": "Cole and Marmalade",
		"category_id": "15",
		"views": "99681",
		"likes": "10091",
		"dislikes": "49",
		"thumbnail_link": "https://i.ytimg.com/vi/KKwmGuQaMfo/default.jpg",
		"group": ""
	},
	{
		"video_id": "WAuSHwVwvzk",
		"title": "Kelly Clarkson - Love So Soft LIVE on New Years Rockin' Eve 2018!",
		"channel_title": "slaymeclarkson c:",
		"category_id": "10",
		"views": "99679",
		"likes": "1493",
		"dislikes": "39",
		"thumbnail_link": "https://i.ytimg.com/vi/WAuSHwVwvzk/default.jpg",
		"group": ""
	},
	{
		"video_id": "GRwmtpr79qE",
		"title": "THE LAST JEDI - KEVIN SMITH'S REVIEW",
		"channel_title": "Kevin Smith",
		"category_id": "22",
		"views": "996743",
		"likes": "19946",
		"dislikes": "4839",
		"thumbnail_link": "https://i.ytimg.com/vi/GRwmtpr79qE/default.jpg",
		"group": ""
	},
	{
		"video_id": "X-QSZhh_YWg",
		"title": "Why We May Not Be Able to Visit Space in the Future",
		"channel_title": "RealLifeLore",
		"category_id": "27",
		"views": "996729",
		"likes": "30568",
		"dislikes": "1779",
		"thumbnail_link": "https://i.ytimg.com/vi/X-QSZhh_YWg/default.jpg",
		"group": ""
	},
	{
		"video_id": "137EH-5jNLI",
		"title": "John Oliver - Blockbuster Update",
		"channel_title": "consumer",
		"category_id": "23",
		"views": "996570",
		"likes": "18107",
		"dislikes": "275",
		"thumbnail_link": "https://i.ytimg.com/vi/137EH-5jNLI/default.jpg",
		"group": ""
	},
	{
		"video_id": "4yG_k2Zlw7Y",
		"title": "GOING FISHING. A Stop motion Animation by Guldies",
		"channel_title": "Guldies",
		"category_id": "1",
		"views": "99653",
		"likes": "9033",
		"dislikes": "42",
		"thumbnail_link": "https://i.ytimg.com/vi/4yG_k2Zlw7Y/default.jpg",
		"group": ""
	},
	{
		"video_id": "fRj34o4hN4I",
		"title": "What's new, Atlas?",
		"channel_title": "BostonDynamics",
		"category_id": "28",
		"views": "9964832",
		"likes": "196513",
		"dislikes": "4589",
		"thumbnail_link": "https://i.ytimg.com/vi/fRj34o4hN4I/default.jpg",
		"group": ""
	},
	{
		"video_id": "HE8SYbMsm0E",
		"title": "Trouble, Drake, Mike WiLL Made-It - Bring It Back",
		"channel_title": "TroubleVEVO",
		"category_id": "10",
		"views": "9964222",
		"likes": "84052",
		"dislikes": "7429",
		"thumbnail_link": "https://i.ytimg.com/vi/HE8SYbMsm0E/default.jpg",
		"group": ""
	},
	{
		"video_id": "Ck4xHocysLw",
		"title": "Ozuna - U\u0301nica (Video Oficial) \ud83d\udc3b A U R A",
		"channel_title": "Ozuna",
		"category_id": "10",
		"views": "99636747",
		"likes": "705970",
		"dislikes": "34370",
		"thumbnail_link": "https://i.ytimg.com/vi/Ck4xHocysLw/default.jpg",
		"group": ""
	},
	{
		"video_id": "__1SjDrSMik",
		"title": "maybe i could eat blades of grass",
		"channel_title": "bill wurtz",
		"category_id": "22",
		"views": "996318",
		"likes": "119635",
		"dislikes": "1143",
		"thumbnail_link": "https://i.ytimg.com/vi/__1SjDrSMik/default.jpg",
		"group": ""
	},
	{
		"video_id": "8PwD3DUTJWM",
		"title": "February Faves | Fleur De Force",
		"channel_title": "Fleur DeForce",
		"category_id": "26",
		"views": "99630",
		"likes": "3692",
		"dislikes": "85",
		"thumbnail_link": "https://i.ytimg.com/vi/8PwD3DUTJWM/default.jpg",
		"group": ""
	},
	{
		"video_id": "UYDAgS2Mr6M",
		"title": "Mathew Knowles",
		"channel_title": "Wendy Williams",
		"category_id": "24",
		"views": "99630",
		"likes": "2632",
		"dislikes": "100",
		"thumbnail_link": "https://i.ytimg.com/vi/UYDAgS2Mr6M/default.jpg",
		"group": ""
	},
	{
		"video_id": "xegUPsJaUKc",
		"title": "WE MADE A JEWELRY LINE // Grace Helbig",
		"channel_title": "Grace Helbig",
		"category_id": "22",
		"views": "99614",
		"likes": "6886",
		"dislikes": "97",
		"thumbnail_link": "https://i.ytimg.com/vi/xegUPsJaUKc/default.jpg",
		"group": ""
	},
	{
		"video_id": "-pOSRBAqUdM",
		"title": "\u3010Live\u3011WRESTLE KINGDOM 12 IN TOKYO DOME: Press Conference",
		"channel_title": "\u65b0\u65e5\u672c\u30d7\u30ed\u30ec\u30b9\u30ea\u30f3\u30b0\u682a\u5f0f\u4f1a\u793e",
		"category_id": "17",
		"views": "99612",
		"likes": "1269",
		"dislikes": "20",
		"thumbnail_link": "https://i.ytimg.com/vi/-pOSRBAqUdM/default.jpg",
		"group": ""
	},
	{
		"video_id": "QNNcl2mEHzQ",
		"title": "The Outsider | Official Trailer [HD] | Netflix",
		"channel_title": "Netflix",
		"category_id": "24",
		"views": "996012",
		"likes": "14874",
		"dislikes": "922",
		"thumbnail_link": "https://i.ytimg.com/vi/QNNcl2mEHzQ/default.jpg",
		"group": ""
	},
	{
		"video_id": "S0nbOenwCLw",
		"title": "Kodak Black - Roll In Peace feat. XXXTentacion [Official Music Video]",
		"channel_title": "Kodak Black",
		"category_id": "10",
		"views": "9959933",
		"likes": "268387",
		"dislikes": "10028",
		"thumbnail_link": "https://i.ytimg.com/vi/S0nbOenwCLw/default.jpg",
		"group": ""
	},
	{
		"video_id": "-l6wrTvMcbY",
		"title": "Azealia Banks - Anna Wintour (Lyric Video)",
		"channel_title": "AzealiaBanksVEVO",
		"category_id": "10",
		"views": "995938",
		"likes": "41164",
		"dislikes": "1625",
		"thumbnail_link": "https://i.ytimg.com/vi/-l6wrTvMcbY/default.jpg",
		"group": ""
	},
	{
		"video_id": "5ZoKBdxhXpw",
		"title": "Waterparks Lucky People (Official Music Video)",
		"channel_title": "Equal Vision Records",
		"category_id": "10",
		"views": "99593",
		"likes": "9092",
		"dislikes": "53",
		"thumbnail_link": "https://i.ytimg.com/vi/5ZoKBdxhXpw/default.jpg",
		"group": ""
	},
	{
		"video_id": "cdO78z5_jhQ",
		"title": "GIRL TALK W/ TASHA GREEN | Racial Identity, Making friends & Music",
		"channel_title": "Samantha Maria",
		"category_id": "26",
		"views": "99581",
		"likes": "4332",
		"dislikes": "159",
		"thumbnail_link": "https://i.ytimg.com/vi/cdO78z5_jhQ/default.jpg",
		"group": ""
	},
	{
		"video_id": "mHhZ9jk-DrU",
		"title": "The Tesla Model S P100D - Chris Harris Drives - Top Gear",
		"channel_title": "Top Gear",
		"category_id": "2",
		"views": "995786",
		"likes": "12251",
		"dislikes": "2821",
		"thumbnail_link": "https://i.ytimg.com/vi/mHhZ9jk-DrU/default.jpg",
		"group": ""
	},
	{
		"video_id": "14G7U6pTcFk",
		"title": "[ProjectTL] Trailer movie",
		"channel_title": "ncsoft",
		"category_id": "20",
		"views": "99578",
		"likes": "570",
		"dislikes": "42",
		"thumbnail_link": "https://i.ytimg.com/vi/14G7U6pTcFk/default.jpg",
		"group": ""
	},
	{
		"video_id": "o31pGcwUmCM",
		"title": "[SPECIAL VIDEO] NU'EST W(\ub274\uc774\uc2a4\ud2b8W) & SEVENTEEN(\uc138\ube10\ud2f4) - HEAVEN",
		"channel_title": "Pledis Artist",
		"category_id": "10",
		"views": "995747",
		"likes": "115025",
		"dislikes": "360",
		"thumbnail_link": "https://i.ytimg.com/vi/o31pGcwUmCM/default.jpg",
		"group": ""
	},
	{
		"video_id": "sZoZryCb0P0",
		"title": "Lauv - Getting Over You [Official Audio]",
		"channel_title": "Lauv",
		"category_id": "10",
		"views": "995667",
		"likes": "50403",
		"dislikes": "334",
		"thumbnail_link": "https://i.ytimg.com/vi/sZoZryCb0P0/default.jpg",
		"group": ""
	},
	{
		"video_id": "elwTgpHlty0",
		"title": "[OFFICIAL VIDEO] HAVANA - PENTATONIX",
		"channel_title": "PTXofficial",
		"category_id": "10",
		"views": "9956646",
		"likes": "412941",
		"dislikes": "10667",
		"thumbnail_link": "https://i.ytimg.com/vi/elwTgpHlty0/default.jpg",
		"group": ""
	},
	{
		"video_id": "dhFM8akm9a4",
		"title": "Altered Carbon | Official Trailer [HD] | Netflix",
		"channel_title": "Netflix",
		"category_id": "24",
		"views": "995513",
		"likes": "12819",
		"dislikes": "249",
		"thumbnail_link": "https://i.ytimg.com/vi/dhFM8akm9a4/default.jpg",
		"group": ""
	},
	{
		"video_id": "dNW0B0HsvVs",
		"title": "Solo: A Star Wars Story Official Teaser",
		"channel_title": "Star Wars",
		"category_id": "24",
		"views": "9954828",
		"likes": "191047",
		"dislikes": "23913",
		"thumbnail_link": "https://i.ytimg.com/vi/dNW0B0HsvVs/default.jpg",
		"group": ""
	},
	{
		"video_id": "jjwiwepvS1o",
		"title": "Noel Gallagher\u2019s High Flying Birds - If Love Is The Law (Official Lyric Video)",
		"channel_title": "NoelGallagherVEVO",
		"category_id": "10",
		"views": "99532",
		"likes": "1885",
		"dislikes": "99",
		"thumbnail_link": "https://i.ytimg.com/vi/jjwiwepvS1o/default.jpg",
		"group": ""
	},
	{
		"video_id": "MFWF9dU5Zc0",
		"title": "OCEAN'S 8 - Official 1st Trailer",
		"channel_title": "Warner Bros. Pictures",
		"category_id": "24",
		"views": "9953085",
		"likes": "94293",
		"dislikes": "51312",
		"thumbnail_link": "https://i.ytimg.com/vi/MFWF9dU5Zc0/default.jpg",
		"group": ""
	},
	{
		"video_id": "fMbuWa-OdN8",
		"title": "WWE Superstar Triple H Addresses Conor McGregor and Ronda Rousey Rumours | Good Morning Britain",
		"channel_title": "Good Morning Britain",
		"category_id": "17",
		"views": "995222",
		"likes": "7317",
		"dislikes": "457",
		"thumbnail_link": "https://i.ytimg.com/vi/fMbuWa-OdN8/default.jpg",
		"group": ""
	},
	{
		"video_id": "h0zMjd5ZAJ4",
		"title": "Michelle Wolf Talks About the White House Correspondents' Dinner",
		"channel_title": "Late Night with Seth Meyers",
		"category_id": "23",
		"views": "995194",
		"likes": "10508",
		"dislikes": "984",
		"thumbnail_link": "https://i.ytimg.com/vi/h0zMjd5ZAJ4/default.jpg",
		"group": ""
	},
	{
		"video_id": "9yDNAc8YS9c",
		"title": "Stephen Fry Announcement",
		"channel_title": "samfryltd",
		"category_id": "24",
		"views": "995183",
		"likes": "26381",
		"dislikes": "843",
		"thumbnail_link": "https://i.ytimg.com/vi/9yDNAc8YS9c/default.jpg",
		"group": ""
	},
	{
		"video_id": "QpFcf7uBacI",
		"title": "OnePlus 6 - The Speed You Need Live Launch Event",
		"channel_title": "OnePlus",
		"category_id": "28",
		"views": "995161",
		"likes": "23351",
		"dislikes": "266",
		"thumbnail_link": "https://i.ytimg.com/vi/QpFcf7uBacI/default.jpg",
		"group": ""
	},
	{
		"video_id": "upIaeqJEA2I",
		"title": "Monster Super Bowl Commercial 2018 With Ricegum & Iggy Azalea",
		"channel_title": "SB-LII Commercials",
		"category_id": "10",
		"views": "995148",
		"likes": "23127",
		"dislikes": "5771",
		"thumbnail_link": "https://i.ytimg.com/vi/upIaeqJEA2I/default.jpg",
		"group": ""
	},
	{
		"video_id": "2UByqalCfnk",
		"title": "Flo Rida - Dancer (Official Video)",
		"channel_title": "Flo Rida",
		"category_id": "10",
		"views": "995113",
		"likes": "30553",
		"dislikes": "751",
		"thumbnail_link": "https://i.ytimg.com/vi/2UByqalCfnk/default.jpg",
		"group": ""
	},
	{
		"video_id": "ph2RlcltYdM",
		"title": "WHAT I BOUGHT LAST MONTH: AUTUMN HAUL | Lily Pebbles",
		"channel_title": "Lily Pebbles",
		"category_id": "26",
		"views": "99510",
		"likes": "2749",
		"dislikes": "133",
		"thumbnail_link": "https://i.ytimg.com/vi/ph2RlcltYdM/default.jpg",
		"group": ""
	},
	{
		"video_id": "9_LIP7qguYw",
		"title": "Hidden Meanings Behind Childish Gambino's 'This Is America' Video Explained",
		"channel_title": "INSIDER",
		"category_id": "24",
		"views": "9950174",
		"likes": "182269",
		"dislikes": "16708",
		"thumbnail_link": "https://i.ytimg.com/vi/9_LIP7qguYw/default.jpg",
		"group": ""
	},
	{
		"video_id": "icyhX6PjKjM",
		"title": "Calvin Harris, Dua Lipa - One Kiss (Behind the Scenes)",
		"channel_title": "CalvinHarrisVEVO",
		"category_id": "10",
		"views": "995001",
		"likes": "26910",
		"dislikes": "607",
		"thumbnail_link": "https://i.ytimg.com/vi/icyhX6PjKjM/default.jpg",
		"group": ""
	},
	{
		"video_id": "76owSh_PPG4",
		"title": "New Year, New Me...",
		"channel_title": "Marcus Butler",
		"category_id": "23",
		"views": "99500",
		"likes": "6720",
		"dislikes": "652",
		"thumbnail_link": "https://i.ytimg.com/vi/76owSh_PPG4/default.jpg",
		"group": ""
	},
	{
		"video_id": "KUaIX_3W7GA",
		"title": "The Greatest Achievement in Speedrunning History Might Happen Soon (Mario Kart 64 PERFECTION!)",
		"channel_title": "RWhiteGoose",
		"category_id": "20",
		"views": "99498",
		"likes": "3687",
		"dislikes": "136",
		"thumbnail_link": "https://i.ytimg.com/vi/KUaIX_3W7GA/default.jpg",
		"group": ""
	},
	{
		"video_id": "hLljd8pfiFg",
		"title": "The Globglogabgalab [Official]",
		"channel_title": "HopeAnimation",
		"category_id": "1",
		"views": "994928",
		"likes": "26040",
		"dislikes": "2662",
		"thumbnail_link": "https://i.ytimg.com/vi/hLljd8pfiFg/default.jpg",
		"group": ""
	},
	{
		"video_id": "L9eFkmjIIWA",
		"title": "The Romantic Lure of Moonlight",
		"channel_title": "It's Okay To Be Smart",
		"category_id": "27",
		"views": "99492",
		"likes": "4918",
		"dislikes": "53",
		"thumbnail_link": "https://i.ytimg.com/vi/L9eFkmjIIWA/default.jpg",
		"group": ""
	},
	{
		"video_id": "DkeiKbqa02g",
		"title": "Calvin Harris, Dua Lipa - One Kiss (Official Video)",
		"channel_title": "CalvinHarrisVEVO",
		"category_id": "10",
		"views": "9947934",
		"likes": "370272",
		"dislikes": "12801",
		"thumbnail_link": "https://i.ytimg.com/vi/DkeiKbqa02g/default.jpg",
		"group": ""
	},
	{
		"video_id": "i7FgneNlM14",
		"title": "WEEI: Alex Reimer calls Tom Brady\u2019s daughter an \u201cAnnoying Little Pissant\u201d 1/25/18",
		"channel_title": "Nick Ramos",
		"category_id": "17",
		"views": "994747",
		"likes": "258",
		"dislikes": "398",
		"thumbnail_link": "https://i.ytimg.com/vi/i7FgneNlM14/default.jpg",
		"group": ""
	},
	{
		"video_id": "UaAHl_m_ybk",
		"title": "5 Seconds Of Summer - Want You Back (Audio)",
		"channel_title": "5SOSVEVO",
		"category_id": "10",
		"views": "9947068",
		"likes": "318359",
		"dislikes": "3890",
		"thumbnail_link": "https://i.ytimg.com/vi/UaAHl_m_ybk/default.jpg",
		"group": ""
	},
	{
		"video_id": "l3vbvF8bQfI",
		"title": "Fall Out Boy - Church",
		"channel_title": "FallOutBoyVEVO",
		"category_id": "10",
		"views": "994706",
		"likes": "79996",
		"dislikes": "1512",
		"thumbnail_link": "https://i.ytimg.com/vi/l3vbvF8bQfI/default.jpg",
		"group": ""
	},
	{
		"video_id": "y06RDyNXqbM",
		"title": "Rich The Kid - Dead Friends",
		"channel_title": "RichTheKidVEVO",
		"category_id": "10",
		"views": "9946081",
		"likes": "160199",
		"dislikes": "11477",
		"thumbnail_link": "https://i.ytimg.com/vi/y06RDyNXqbM/default.jpg",
		"group": ""
	},
	{
		"video_id": "Pgd_Tgi-pbQ",
		"title": "Meek Mill - 1942 Flows (Official Video)",
		"channel_title": "Meek Mill",
		"category_id": "10",
		"views": "9945385",
		"likes": "169342",
		"dislikes": "4815",
		"thumbnail_link": "https://i.ytimg.com/vi/Pgd_Tgi-pbQ/default.jpg",
		"group": ""
	},
	{
		"video_id": "tQR5G3kvfNQ",
		"title": "President Jimmy Carter Is Still Praying For Donald Trump",
		"channel_title": "The Late Show with Stephen Colbert",
		"category_id": "22",
		"views": "994501",
		"likes": "14904",
		"dislikes": "403",
		"thumbnail_link": "https://i.ytimg.com/vi/tQR5G3kvfNQ/default.jpg",
		"group": ""
	},
	{
		"video_id": "rxUfRhVYeKI",
		"title": "When mum puts dad on a January detox \ud83e\udd57\ud83e\udd55",
		"channel_title": "LadBaby Official",
		"category_id": "22",
		"views": "99450",
		"likes": "3298",
		"dislikes": "96",
		"thumbnail_link": "https://i.ytimg.com/vi/rxUfRhVYeKI/default.jpg",
		"group": ""
	},
	{
		"video_id": "r1CMjQ0QJ1E",
		"title": "TWICE\u300cBRAND NEW GIRL\u300dMusic Video",
		"channel_title": "TWICE JAPAN OFFICIAL YouTube Channel",
		"category_id": "10",
		"views": "9944372",
		"likes": "283279",
		"dislikes": "9450",
		"thumbnail_link": "https://i.ytimg.com/vi/r1CMjQ0QJ1E/default.jpg",
		"group": ""
	},
	{
		"video_id": "yzGmnjDFuZE",
		"title": "I Donated $30,000 To My Favorite Twitch Streamer (ninja)",
		"channel_title": "MrBeast",
		"category_id": "24",
		"views": "9941854",
		"likes": "310196",
		"dislikes": "11196",
		"thumbnail_link": "https://i.ytimg.com/vi/yzGmnjDFuZE/default.jpg",
		"group": ""
	}
]